,1.900000,1.906030,1.912060,1.918090,1.924121,1.930151,1.936181,1.942211,1.948241,1.954271,1.960302,1.966332,1.972362,1.978392,1.984422,1.990452,1.996482,2.002513,2.008543,2.014573,2.020603,2.026633,2.032663,2.038693,2.044724,2.050754,2.056784,2.062814,2.068844,2.074874,2.080905,2.086935,2.092965,2.098995,2.105025,2.111055,2.117085,2.123116,2.129146,2.135176,2.141206,2.147236,2.153266,2.159296,2.165327,2.171357,2.177387,2.183417,2.189447,2.195477,2.201508,2.207538,2.213568,2.219598,2.225628,2.231658,2.237688,2.243719,2.249749,2.255779,2.261809,2.267839,2.273869,2.279899,2.285930,2.291960,2.297990,2.304020,2.310050,2.316080,2.322111,2.328141,2.334171,2.340201,2.346231,2.352261,2.358291,2.364322,2.370352,2.376382,2.382412,2.388442,2.394472,2.400503,2.406533,2.412563,2.418593,2.424623,2.430653,2.436683,2.442714,2.448744,2.454774,2.460804,2.466834,2.472864,2.478894,2.484925,2.490955,2.496985,2.503015,2.509045,2.515075,2.521106,2.527136,2.533166,2.539196,2.545226,2.551256,2.557286,2.563317,2.569347,2.575377,2.581407,2.587437,2.593467,2.599497,2.605528,2.611558,2.617588,2.623618,2.629648,2.635678,2.641709,2.647739,2.653769,2.659799,2.665829,2.671859,2.677889,2.683920,2.689950,2.695980,2.702010,2.708040,2.714070,2.720101,2.726131,2.732161,2.738191,2.744221,2.750251,2.756281,2.762312,2.768342,2.774372,2.780402,2.786432,2.792462,2.798492,2.804523,2.810553,2.816583,2.822613,2.828643,2.834673,2.840704,2.846734,2.852764,2.858794,2.864824,2.870854,2.876884,2.882915,2.888945,2.894975,2.901005,2.907035,2.913065,2.919095,2.925126,2.931156,2.937186,2.943216,2.949246,2.955276,2.961307,2.967337,2.973367,2.979397,2.985427,2.991457,2.997487,3.003518,3.009548,3.015578,3.021608,3.027638,3.033668,3.039698,3.045729,3.051759,3.057789,3.063819,3.069849,3.075879,3.081910,3.087940,3.093970,3.100000
-0.100000,47.063243,46.375110,45.548529,44.572898,43.441705,42.154376,40.716768,39.142163,37.452413,35.677242,33.853382,32.023250,30.232884,28.529111,26.957318,25.557977,24.364616,23.400719,22.678584,22.198546,21.949177,21.908321,22.045600,22.324705,22.706287,23.151143,23.622813,24.089304,24.525657,24.914405,25.245619,25.516551,25.730369,25.894642,26.019879,26.117610,26.199557,26.275798,26.354325,26.440913,26.538647,26.648100,26.767670,26.894601,27.025550,27.154866,27.273094,27.380925,27.483430,27.581199,27.673742,27.761151,27.843692,27.922387,27.998491,28.073172,28.147456,28.221851,28.296818,28.372918,28.449858,28.527398,28.605183,28.682927,28.760476,28.837474,28.913593,28.988536,29.062328,29.134803,29.205642,29.275024,29.343558,29.411248,29.478199,29.544676,29.610868,29.677082,29.743679,29.810840,29.878727,29.947627,30.017593,30.088547,30.160280,30.232691,30.305867,30.379851,30.454589,30.529796,30.605138,30.680481,30.756006,30.831716,30.907171,30.982024,31.056371,31.130232,31.203356,31.275812,31.348142,31.420664,31.493553,31.567122,31.641417,31.716616,31.793311,31.871933,31.952508,32.035192,32.120086,32.207186,32.296405,32.387585,32.480651,32.575511,32.671979,32.769914,32.869346,32.970403,33.073360,33.178502,33.285995,33.396168,33.509580,33.626457,33.746715,33.870585,33.998363,34.130029,34.265700,34.405579,34.549825,34.698844,34.853229,35.013469,35.180319,35.354506,35.536741,35.727843,35.928490,36.139692,36.362151,36.596235,36.842244,37.100056,37.369802,37.651601,37.945496,38.251261,38.568375,38.896555,39.235694,39.585384,39.944430,40.310802,40.682165,41.056600,41.432337,41.806861,42.177031,42.538950,42.888462,43.220749,43.530523,43.812554,44.061852,44.274362,44.446920,44.577148,44.664451,44.709758,44.715874,44.687617,44.631446,44.554856,44.465977,44.373131,44.284906,44.208698,44.150338,44.113945,44.101925,44.114414,44.149522,44.203375,44.271436,44.347961,44.426469,44.502187,44.571585,44.631471,44.680247,44.718172,44.747723,44.772149,44.795685,44.823264,44.860106,44.911420
-0.089447,46.801313,46.038239,45.120982,44.039381,42.784194,41.357296,39.761989,38.016632,36.141909,34.173429,32.151787,30.122087,28.135294,26.246220,24.501491,22.949436,21.624264,20.554355,19.751544,19.217550,18.938856,18.891308,19.041336,19.348370,19.769507,20.260527,20.781694,21.296772,21.778986,22.208159,22.574016,22.872830,23.108512,23.289454,23.427288,23.534884,23.624921,23.708662,23.794895,23.889995,23.997354,24.117498,24.249040,24.388711,24.532986,24.676714,24.810609,24.931536,25.045217,25.153222,25.255472,25.351866,25.442744,25.529131,25.612654,25.694627,25.776160,25.857806,25.940325,26.024040,26.108803,26.194251,26.280177,26.366076,26.451664,26.536486,26.620508,26.703249,26.784723,26.864680,26.942933,27.019518,27.095157,27.169787,27.243556,27.316736,27.389692,27.462757,27.535992,27.609831,27.684412,27.759918,27.836619,27.914294,27.992733,28.071931,28.151928,28.232708,28.314151,28.395894,28.477884,28.559987,28.642113,28.724348,28.806114,28.887201,28.967748,29.047679,29.126691,29.204991,29.283059,29.361360,29.440016,29.519219,29.599084,29.680059,29.762608,29.847177,29.933821,30.022554,30.113570,30.206879,30.302426,30.400079,30.499566,30.600842,30.703783,30.808160,30.913980,31.021434,31.131094,31.242956,31.357192,31.474333,31.594827,31.718975,31.846779,31.978354,32.114002,32.253530,32.397293,32.545430,32.697994,32.855483,33.018518,33.187573,33.363463,33.547099,33.739451,33.941381,34.153514,34.377152,34.612716,34.861122,35.122476,35.397041,35.684800,35.986126,36.301176,36.629944,36.971650,37.326361,37.694407,38.074849,38.466541,38.867242,39.274923,39.687751,40.104146,40.521552,40.935345,41.342108,41.736077,42.112416,42.464294,42.785480,43.070727,43.314196,43.512472,43.662728,43.764047,43.817038,43.825188,43.793971,43.730426,43.643430,43.542669,43.437830,43.338701,43.254083,43.190937,43.154452,43.147066,43.169009,43.218066,43.289760,43.378340,43.477517,43.579659,43.678374,43.768826,43.848119,43.913736,43.966087,44.007262,44.041697,44.074240,44.110433,44.156634,44.218755
-0.078894,46.542836,45.705172,44.698713,43.511385,42.134839,40.569906,38.820650,36.903269,34.849341,32.689679,30.468428,28.243058,26.063664,23.987759,22.075020,20.368877,18.915283,17.738322,16.856588,16.267836,15.959866,15.904981,16.067016,16.401129,16.860432,17.397436,17.966126,18.529678,19.056424,19.525278,19.925090,20.251271,20.508370,20.705612,20.855812,20.972817,21.070885,21.161890,21.255794,21.359212,21.475994,21.606847,21.749950,21.902010,22.059517,22.216956,22.366184,22.500017,22.624888,22.743114,22.855019,22.960078,23.059112,23.153103,23.243939,23.333031,23.421574,23.510300,23.600004,23.691283,23.783529,23.876749,23.970381,24.064230,24.157637,24.250184,24.341876,24.432147,24.521089,24.608342,24.693828,24.777541,24.860053,24.941334,25.021806,25.101737,25.181347,25.260884,25.340731,25.420923,25.502076,25.584263,25.667348,25.751474,25.836196,25.921842,26.008245,26.095314,26.183057,26.271036,26.359073,26.447394,26.535656,26.624003,26.711655,26.798600,26.884894,26.970454,27.054872,27.138513,27.222026,27.305563,27.389483,27.473748,27.558823,27.644982,27.732835,27.822567,27.914430,28.008609,28.105018,28.203854,28.304903,28.408084,28.513051,28.619744,28.727898,28.837572,28.948749,29.061668,29.176812,29.294158,29.413922,29.536894,29.663312,29.793549,29.927447,30.065378,30.207356,30.353440,30.503534,30.658126,30.817237,30.981209,31.150855,31.326498,31.509243,31.700040,31.899804,32.109589,32.330554,32.563333,32.808970,33.068208,33.341588,33.629318,33.931364,34.248664,34.581072,34.928889,35.291835,35.669508,36.062343,36.470571,36.891448,37.323000,37.764491,38.214387,38.669476,39.128272,39.585132,40.036055,40.475414,40.895733,41.290306,41.651572,41.973532,42.249916,42.474999,42.646206,42.761857,42.823238,42.833786,42.799621,42.728668,42.631270,42.518382,42.401242,42.291506,42.198991,42.132213,42.096907,42.096045,42.129857,42.196090,42.288862,42.401738,42.527504,42.657004,42.782934,42.899108,43.001135,43.087026,43.156473,43.212358,43.258812,43.301881,43.348575,43.405503,43.479749
-0.068342,46.293503,45.384657,44.291937,43.004183,41.510265,39.808141,37.911501,35.829592,33.597864,31.255848,28.843674,26.428156,24.059099,21.808955,19.727299,17.877050,16.294360,15.016846,14.055526,13.414687,13.076970,13.014456,13.187315,13.547060,14.043496,14.623332,15.237879,15.847432,16.416436,16.924156,17.355493,17.708577,17.986325,18.199125,18.360976,18.486699,18.592240,18.690342,18.791668,18.903127,19.029191,19.170031,19.324364,19.488251,19.658218,19.829069,19.992067,20.139183,20.274974,20.402849,20.523690,20.637302,20.743893,20.845447,20.943274,21.039291,21.134334,21.229653,21.326261,21.424310,21.523826,21.624189,21.725476,21.826788,21.927483,22.027581,22.126485,22.223892,22.319760,22.414077,22.506194,22.596791,22.685802,22.773583,22.860465,22.946683,23.032646,23.118698,23.204683,23.291259,23.378446,23.466676,23.556091,23.646180,23.736914,23.828146,23.920390,24.013231,24.106646,24.200288,24.293897,24.387798,24.481563,24.575141,24.668161,24.760292,24.851802,24.942142,25.031533,25.120284,25.208381,25.296509,25.384929,25.473780,25.563178,25.653769,25.746076,25.840372,25.936807,26.035389,26.136392,26.239678,26.345352,26.452973,26.562158,26.672960,26.785214,26.899015,27.014246,27.131187,27.250491,27.371996,27.496075,27.623416,27.754188,27.888753,28.027216,28.169646,28.316395,28.467180,28.622005,28.780885,28.944135,29.112307,29.286059,29.465854,29.652734,29.847796,30.051925,30.266363,30.492351,30.730796,30.982588,31.248764,31.530002,31.826613,32.138781,32.467372,32.812454,33.174596,33.553415,33.949338,34.362962,34.793206,35.238566,35.697726,36.169115,36.651280,37.143236,37.639879,38.138600,38.632096,39.113744,39.577324,40.014266,40.416759,40.775659,41.083874,41.337041,41.529606,41.660867,41.730851,41.744032,41.706962,41.628942,41.520874,41.396222,41.267136,41.147166,41.047904,40.978656,40.946333,40.954534,41.002928,41.089010,41.207298,41.348829,41.504394,41.666229,41.822982,41.968877,42.097138,42.206604,42.297081,42.369639,42.430907,42.486698,42.545466,42.614674,42.702370
-0.057789,46.059262,45.082838,43.910602,42.525073,40.919872,39.093583,37.056549,34.822742,32.425544,29.903475,27.318147,24.716639,22.173681,19.755438,17.519815,15.525797,13.827051,12.448892,11.415318,10.722112,10.356257,10.285775,10.468223,10.851351,11.380760,12.000502,12.659264,13.309951,13.920163,14.462288,14.924323,15.301931,15.598487,15.826146,15.998606,16.133047,16.245283,16.349808,16.457898,16.577300,16.711718,16.862296,17.026567,17.202112,17.383798,17.566248,17.742203,17.901549,18.047650,18.185092,18.314510,18.435651,18.549699,18.658017,18.762499,18.864485,18.965885,19.067259,19.170004,19.274300,19.380242,19.487366,19.595258,19.703522,19.811289,19.918108,20.023607,20.127787,20.230196,20.330877,20.429528,20.526158,20.621253,20.715224,20.808110,20.900272,20.992006,21.083911,21.175650,21.268004,21.360983,21.455003,21.549933,21.645461,21.741488,21.837975,21.935179,22.033298,22.131715,22.230013,22.328559,22.427063,22.525561,22.623719,22.721127,22.817779,22.913503,23.008089,23.101798,23.194554,23.286731,23.378591,23.470731,23.563230,23.656469,23.750680,23.846484,23.944401,24.044418,24.146624,24.251018,24.357685,24.466488,24.577207,24.689484,24.803199,24.918430,25.034904,25.152663,25.272275,25.394113,25.518290,25.645173,25.775135,25.908505,26.045651,26.186796,26.331941,26.481170,26.634585,26.791977,26.952994,27.117950,27.287608,27.462679,27.643838,27.831826,28.027798,28.232914,28.448532,28.675902,28.915814,29.169439,29.438012,29.722173,30.022767,30.340046,30.674523,31.026753,31.397116,31.786288,32.194616,32.622296,33.069377,33.533141,34.013599,34.509217,35.020402,35.542844,36.074952,36.610223,37.142147,37.665746,38.169801,38.648085,39.088968,39.483414,39.825107,40.104723,40.319851,40.465934,40.545393,40.561489,40.521926,40.436732,40.318696,40.182492,40.042314,39.913242,39.808419,39.738479,39.711339,39.730637,39.797435,39.906765,40.053301,40.227366,40.418967,40.615236,40.808524,40.986783,41.146657,41.282746,41.397012,41.489676,41.567659,41.638749,41.710888,41.793821,41.896358
-0.047236,45.846027,44.808649,43.561673,42.091435,40.384010,38.444777,36.273352,33.901692,31.349650,28.675044,25.918736,23.159118,20.454037,17.874756,15.496116,13.378799,11.567204,10.099948,8.994696,8.255566,7.861927,7.783028,7.972652,8.377137,8.935735,9.592120,10.288574,10.978348,11.623119,12.198592,12.687255,13.086596,13.401041,13.641190,13.823673,13.965464,14.084079,14.194395,14.308494,14.434622,14.577196,14.736157,14.910399,15.095587,15.287766,15.481511,15.668785,15.839137,15.994655,16.140526,16.277431,16.405991,16.526724,16.641122,16.751420,16.859075,16.965595,17.072608,17.180805,17.290652,17.402142,17.515140,17.629277,17.743413,17.857173,17.969873,18.081675,18.191800,18.300440,18.406952,18.511321,18.613616,18.714360,18.813499,18.911703,19.009274,19.106374,19.203371,19.300505,19.397955,19.496196,19.595105,19.694794,19.794827,19.895511,19.996577,20.098353,20.200510,20.303033,20.405623,20.507980,20.610174,20.712326,20.814125,20.915165,21.015215,21.114304,21.212469,21.309479,21.405523,21.500718,21.595464,21.690522,21.785966,21.881871,21.978937,22.077462,22.177916,22.280602,22.385199,22.491824,22.600562,22.711354,22.823907,22.937837,23.053179,23.169834,23.287541,23.406313,23.526885,23.649663,23.774749,23.902421,24.033226,24.167448,24.305482,24.447350,24.593103,24.742713,24.896355,25.053626,25.214426,25.378765,25.547319,25.720974,25.900210,26.086190,26.279600,26.482176,26.695053,26.919418,27.156483,27.407544,27.673463,27.955259,28.254434,28.570684,28.905185,29.257990,29.630413,30.022891,30.436458,30.871654,31.327986,31.803628,32.298088,32.812321,33.344432,33.893022,34.452751,35.019700,35.587318,36.145781,36.688927,37.203279,37.680785,38.111137,38.483061,38.788980,39.025100,39.186322,39.274794,39.293956,39.252343,39.161037,39.033598,38.886778,38.736919,38.600085,38.491245,38.422697,38.403481,38.437080,38.525126,38.661401,38.841277,39.051804,39.280521,39.518426,39.750379,39.965896,40.159766,40.327894,40.467523,40.584424,40.681335,40.768808,40.856419,40.954601,41.073046
-0.036683,45.659130,44.567636,43.256948,41.708181,39.914768,37.869645,35.590438,33.088111,30.405677,27.590295,24.692741,21.779725,18.934744,16.218046,13.714901,11.477462,9.567437,8.021221,6.854750,6.070295,5.652231,5.564257,5.759124,6.180359,6.764286,7.451338,8.180202,8.903236,9.580753,10.182735,10.696139,11.114541,11.443304,11.695230,11.885702,12.034070,12.157795,12.273233,12.392389,12.524690,12.673847,12.841016,13.023370,13.217966,13.419279,13.621824,13.818737,13.999551,14.163224,14.316299,14.460214,14.594739,14.721366,14.840994,14.956267,15.068485,15.179890,15.291383,15.404163,15.518662,15.635256,15.753219,15.872124,15.991622,16.110386,16.228230,16.345291,16.460681,16.574544,16.685992,16.795392,16.902935,17.008249,17.112382,17.215320,17.317294,17.419047,17.520813,17.622406,17.724287,17.826521,17.929396,18.033007,18.137286,18.241670,18.346526,18.451628,18.557193,18.662848,18.768310,18.873612,18.978844,19.083750,19.188047,19.291559,19.394089,19.495748,19.596166,19.695533,19.793831,19.891167,19.988136,20.085206,20.182558,20.280285,20.379072,20.479293,20.581301,20.685358,20.791265,20.898943,21.008598,21.120081,21.233079,21.347394,21.462892,21.579395,21.696786,21.814992,21.934988,22.056900,22.181068,22.307658,22.437416,22.570733,22.707506,22.848256,22.992414,23.140425,23.291795,23.446675,23.604408,23.765606,23.930493,24.099962,24.274102,24.454827,24.642501,24.838302,25.044747,25.261712,25.491625,25.734595,25.992890,26.267644,26.558751,26.868454,27.195662,27.542995,27.909991,28.298646,28.710098,29.144477,29.602178,30.081257,30.582664,31.106786,31.652830,32.218817,32.800469,33.391921,33.987657,34.576807,35.152233,35.700697,36.210243,36.671734,37.071196,37.402773,37.657396,37.833779,37.930641,37.953067,37.909889,37.812863,37.677761,37.521391,37.363353,37.220716,37.110453,37.046229,37.037082,37.089107,37.200272,37.369014,37.584224,37.833724,38.106231,38.388121,38.661923,38.921050,39.151806,39.354083,39.522886,39.664825,39.784728,39.890662,39.994711,40.109099,40.244552
-0.026131,45.503158,44.366791,43.000882,41.388203,39.519785,37.391851,35.012367,32.407886,29.616013,26.674734,23.654370,20.624556,17.650642,14.823603,12.205275,9.872637,7.877690,6.261205,5.040245,4.217227,3.775919,3.678588,3.876679,4.309829,4.915133,5.625591,6.383079,7.133344,7.835196,8.461460,8.993349,9.427724,9.769455,10.030392,10.227642,10.381023,10.508859,10.628161,10.752072,10.888893,11.044088,11.217635,11.407608,11.609391,11.818432,12.029174,12.234136,12.422778,12.593763,12.753027,12.902653,13.042340,13.173441,13.297662,13.416725,13.533001,13.647957,13.762962,13.879332,13.997550,14.117865,14.239712,14.362861,14.486435,14.609369,14.731744,14.852800,14.972661,15.090533,15.206390,15.320115,15.431423,15.540946,15.648842,15.755768,15.862008,15.967554,16.073113,16.178285,16.283652,16.389410,16.495522,16.602240,16.709468,16.816705,16.924144,17.031847,17.139712,17.247346,17.354757,17.461995,17.569106,17.675651,17.781440,17.886368,17.990448,18.093500,18.195339,18.295940,18.395438,18.494043,18.592186,18.690433,18.788781,18.887468,18.987039,19.087870,19.190293,19.294617,19.400655,19.508270,19.617595,19.728602,19.840823,19.953940,20.067845,20.182805,20.298273,20.414558,20.532086,20.651534,20.772707,20.896665,21.023563,21.153675,21.287668,21.425089,21.566129,21.710137,21.857321,22.007014,22.159819,22.315036,22.473611,22.636092,22.802286,22.974527,23.152424,23.339053,23.534005,23.740445,23.957616,24.188568,24.434154,24.696180,24.974426,25.269631,25.584604,25.917877,26.272796,26.649879,27.050734,27.476928,27.926223,28.400324,28.899818,29.424709,29.975897,30.550461,31.144798,31.753800,32.368942,32.982721,33.582496,34.157961,34.696401,35.183037,35.608750,35.960580,36.233788,36.422313,36.527311,36.553307,36.508944,36.407568,36.265693,36.102087,35.937923,35.792104,35.683114,35.625492,35.630831,35.702329,35.842973,36.045229,36.298715,36.594998,36.914132,37.240057,37.563351,37.863884,38.138498,38.375041,38.578196,38.746620,38.890510,39.016644,39.139298,39.270746,39.424041
-0.015578,45.381661,44.209564,42.801230,41.138218,39.209029,37.013371,34.562237,31.875359,28.987958,25.958157,22.839699,19.704368,16.638786,13.714033,11.007945,8.595493,6.532684,4.854601,3.589513,2.734225,2.271315,2.164330,2.362490,2.804625,3.423342,4.153210,4.930356,5.700800,6.423652,7.066655,7.614681,8.061026,8.412210,8.679912,8.882453,9.039291,9.170316,9.292273,9.419363,9.560510,9.720053,9.899092,10.094671,10.302961,10.518232,10.734781,10.945995,11.141408,11.317964,11.482053,11.636099,11.779929,11.914613,12.042044,12.164307,12.283142,12.400702,12.518285,12.637305,12.758171,12.881097,13.005785,13.131695,13.258317,13.384350,13.509914,13.634464,13.757370,13.878704,13.997888,14.114711,14.229551,14.342012,14.453132,14.563155,14.672351,14.781229,14.889573,14.997663,15.105683,15.213906,15.322375,15.431404,15.540573,15.649633,15.758662,15.867865,15.977049,16.085738,16.193918,16.301896,16.409671,16.516827,16.623142,16.728509,16.832962,16.936303,17.038331,17.139369,17.239300,17.338224,17.436619,17.535086,17.633564,17.732301,17.831748,17.932218,18.034161,18.137736,18.242607,18.349076,18.456926,18.565982,18.676023,18.786590,18.897853,19.009294,19.121540,19.234048,19.347999,19.462839,19.580026,19.699095,19.821290,19.947078,20.075918,20.208721,20.343985,20.482490,20.623365,20.766423,20.911158,21.058992,21.208334,21.361248,21.516792,21.677624,21.842876,22.016446,22.197748,22.387734,22.590156,22.804259,23.032373,23.274853,23.534339,23.811698,24.106149,24.419255,24.755316,25.113023,25.495447,25.902381,26.336735,26.796221,27.282640,27.800010,28.345521,28.919754,29.517190,30.133533,30.760321,31.388079,32.006406,32.601143,33.159674,33.667841,34.112682,34.483592,34.770572,34.970889,35.082881,35.111563,35.066744,34.962088,34.815440,34.646968,34.479191,34.333160,34.228598,34.180992,34.202569,34.299809,34.469423,34.710746,35.006941,35.350671,35.717304,36.097139,36.465791,36.816763,37.131222,37.410075,37.646218,37.844751,38.012878,38.162157,38.303879,38.453487,38.624910
-0.005025,45.296906,44.099498,42.660548,40.961054,38.991184,36.747682,34.239766,31.492596,28.544491,25.440875,22.250811,19.047710,15.904681,12.909811,10.140272,7.669045,5.549311,3.829102,2.525315,1.643136,1.162280,1.046018,1.241519,1.686991,2.314497,3.055057,3.845856,4.630882,5.366441,6.022465,6.580595,7.035556,7.393172,7.665758,7.871513,8.030824,8.163656,8.287508,8.416526,8.560141,8.723314,8.906199,9.106334,9.319031,9.539002,9.760406,9.975904,10.175770,10.356203,10.524153,10.681229,10.828013,10.965505,11.095220,11.219327,11.339839,11.458850,11.578084,11.698560,11.820824,11.945207,12.071413,12.199105,12.327497,12.455774,12.583418,12.710118,12.835431,12.959048,13.080645,13.199966,13.316948,13.431819,13.545145,13.657235,13.768677,13.879579,13.990246,14.100295,14.209967,14.319784,14.429809,14.540042,14.650165,14.760134,14.869856,14.979452,15.088860,15.197484,15.305515,15.413091,15.520462,15.627279,15.733003,15.837828,15.941666,16.044225,16.145645,16.245928,16.345328,16.443669,16.541697,16.639544,16.737378,16.835283,16.933659,17.033071,17.133611,17.235317,17.338331,17.442175,17.547529,17.653548,17.760482,17.867352,17.974049,18.081442,18.188493,18.296018,18.404598,18.513690,18.625034,18.737945,18.854342,18.973282,19.096292,19.221744,19.350608,19.481047,19.613892,19.748642,19.883860,20.021550,20.160316,20.300353,20.444125,20.589713,20.741345,20.897502,21.061425,21.234578,21.415473,21.608712,21.816058,22.035421,22.272495,22.522785,22.791448,23.080423,23.387139,23.718125,24.075646,24.456150,24.865636,25.301207,25.765525,26.265015,26.795036,27.357579,27.948972,28.561473,29.189848,29.822542,30.448895,31.055062,31.626856,32.148809,32.607873,32.990878,33.289484,33.498328,33.615822,33.647367,33.602430,33.496082,33.346553,33.175757,33.007726,32.864637,32.767572,32.734842,32.775924,32.899530,33.106147,33.384524,33.730321,34.119625,34.542447,34.970046,35.394207,35.791856,36.151256,36.469458,36.741900,36.971735,37.167664,37.339241,37.501816,37.669912,37.859813
0.005528,45.249659,44.037610,42.580915,40.860830,38.865556,36.593216,34.053706,31.271081,28.281249,25.137965,21.902278,18.651989,15.463594,12.424363,9.610143,7.097692,4.942842,3.188431,1.859053,0.955689,0.459695,0.332653,0.522602,0.967090,1.596323,2.341844,3.138639,3.930723,4.673774,5.336203,5.900184,6.360248,6.721334,6.996685,7.204084,7.364452,7.498096,7.622844,7.752781,7.897726,8.062659,8.247990,8.451008,8.667172,8.890304,9.114509,9.332637,9.534901,9.717864,9.888133,10.047414,10.196110,10.335029,10.465937,10.590962,10.712170,10.831692,10.951198,11.072067,11.194605,11.319342,11.446026,11.574402,11.703687,11.832846,11.961552,12.089423,12.216061,12.341016,12.463957,12.584618,12.703129,12.819475,12.934177,13.047631,13.160246,13.272301,13.383934,13.494932,13.605604,13.716195,13.826814,13.937384,14.047725,14.157628,14.267081,14.375959,14.484534,14.592184,14.699172,14.805338,14.911379,15.016575,15.121013,15.224123,15.326460,15.427458,15.527118,15.626079,15.723985,15.821261,15.917792,16.014338,16.110566,16.206939,16.303717,16.401242,16.499544,16.598810,16.699106,16.799663,16.901237,17.003608,17.105717,17.207887,17.309915,17.411106,17.512236,17.613702,17.714979,17.817862,17.921391,18.027367,18.136459,18.247674,18.362832,18.480085,18.600518,18.721964,18.845984,18.969586,19.094890,19.219653,19.346326,19.472580,19.601800,19.732307,19.865271,20.004876,20.149127,20.299075,20.458350,20.628857,20.808401,21.002184,21.211386,21.431829,21.671234,21.924671,22.201761,22.499337,22.819738,23.169914,23.541924,23.944737,24.381620,24.849716,25.357299,25.897810,26.468628,27.069025,27.686189,28.314397,28.938822,29.546124,30.122224,30.650516,31.116410,31.506915,31.812036,32.025917,32.147587,32.181087,32.136847,32.029949,31.879944,31.709782,31.544537,31.408692,31.322760,31.307770,31.372484,31.526686,31.770759,32.091946,32.483450,32.928632,33.399720,33.886103,34.357588,34.805276,35.214703,35.574101,35.881867,36.144284,36.366115,36.562162,36.745196,36.932524,37.140682
0.016080,45.239811,44.023688,42.562111,40.835501,38.832546,36.551169,34.000815,31.204967,28.200830,25.040610,21.787487,18.516814,15.308967,12.247529,9.413047,6.878712,4.703357,2.930788,1.584602,0.665850,0.155548,0.018599,0.200602,0.638266,1.263703,2.007447,2.803112,3.595759,4.339534,5.003564,5.568959,6.030275,6.392383,6.668160,6.875943,7.036448,7.170051,7.294627,7.424439,7.569570,7.734920,7.921195,8.125684,8.343434,8.568312,8.793729,9.012911,9.215827,9.399805,9.571040,9.731345,9.880804,10.020260,10.151374,10.276278,10.397232,10.516214,10.635142,10.755124,10.877101,11.001092,11.127295,11.255153,11.384175,11.513312,11.642131,11.770127,11.896923,12.022209,12.145678,12.266978,12.386101,12.503014,12.618287,12.732261,12.845206,12.957463,13.069117,13.180234,13.291089,13.401689,13.512050,13.622143,13.731731,13.840748,13.948843,14.056453,14.163101,14.268924,14.373926,14.477791,14.581461,14.684412,14.786459,14.887198,14.987128,15.085661,15.183058,15.279517,15.375482,15.470846,15.565412,15.660005,15.754041,15.848391,15.942818,16.037881,16.133184,16.229665,16.326162,16.423317,16.520624,16.617788,16.714953,16.811826,16.907136,17.002387,17.096396,17.189671,17.284187,17.378405,17.474817,17.572131,17.672858,17.775799,17.880958,17.989915,18.099729,18.212256,18.324631,18.437563,18.550323,18.663607,18.775170,18.888165,18.999812,19.113071,19.229580,19.347312,19.471297,19.598051,19.734146,19.875654,20.030133,20.194203,20.368324,20.557072,20.761718,20.980242,21.215013,21.475685,21.758180,22.062891,22.395593,22.760121,23.153020,23.585430,24.058357,24.564073,25.109477,25.681491,26.280560,26.891111,27.501764,28.101957,28.671521,29.197382,29.662854,30.054397,30.360980,30.576534,30.699628,30.734400,30.690943,30.584999,30.436840,30.270915,30.111983,29.986136,29.917269,29.921303,30.016013,30.204145,30.486192,30.852129,31.295700,31.787836,32.318278,32.855855,33.379783,33.879592,34.330934,34.732089,35.079091,35.372319,35.621503,35.840781,36.045312,36.251349,36.477536
0.026633,45.265622,44.055574,42.600921,40.881770,38.887794,36.614786,34.074561,31.287009,28.293237,25.139711,21.895272,18.630140,15.425057,12.366844,9.531327,6.994833,4.814877,3.035436,1.680013,0.751740,0.231440,0.082117,0.253934,0.680639,1.296299,2.031774,2.820298,3.605963,4.345770,5.005626,5.568749,6.027787,6.388665,6.663452,6.870240,7.030156,7.162978,7.286660,7.415639,7.559938,7.724488,7.910136,8.114532,8.332322,8.557353,8.782717,9.001398,9.203364,9.387094,9.558138,9.718148,9.867395,10.006333,10.136589,10.260694,10.380532,10.498232,10.615451,10.733988,10.854103,10.976728,11.101153,11.227796,11.355579,11.483439,11.611430,11.738660,11.864821,11.989607,12.112793,12.233878,12.352837,12.469488,12.584416,12.698188,12.810698,12.922383,13.033364,13.143950,13.254049,13.363978,13.473332,13.582139,13.690361,13.797303,13.903468,14.008909,14.113107,14.216505,14.318242,14.419395,14.519580,14.619426,14.718585,14.816384,14.912765,15.008379,15.102895,15.196625,15.290117,15.382560,15.474735,15.566881,15.658610,15.750111,15.842168,15.934042,16.026487,16.118896,16.211951,16.304304,16.396744,16.489295,16.580730,16.670579,16.759966,16.847098,16.933440,17.019645,17.104910,17.191670,17.278464,17.367948,17.458432,17.552510,17.648469,17.746133,17.846805,17.947425,18.049982,18.150571,18.251585,18.349994,18.448877,18.545865,18.641066,18.736643,18.834221,18.931145,19.032975,19.137239,19.244816,19.360156,19.485179,19.617511,19.757625,19.912665,20.074895,20.253346,20.450980,20.662826,20.902956,21.160581,21.448906,21.763243,22.108311,22.494469,22.923503,23.386197,23.893100,24.428503,24.996268,25.576758,26.167211,26.745010,27.300148,27.815320,28.270865,28.656864,28.958663,29.172235,29.293841,29.328309,29.285894,29.182602,29.038601,28.879838,28.730976,28.621032,28.569265,28.600743,28.722633,28.948998,29.270149,29.687600,30.175676,30.726129,31.304175,31.898142,32.473623,33.019765,33.520012,33.959999,34.342832,34.667397,34.943881,35.185727,35.410333,35.635279,35.878452
0.037186,45.324268,44.129433,42.692087,40.994286,39.023307,36.775689,34.262368,31.506820,28.540609,25.421127,22.203272,18.969256,15.789349,12.753090,9.939123,7.414421,5.243895,3.469323,2.113205,1.179758,0.650907,0.489905,0.647178,1.061165,1.661868,2.380819,3.156204,3.931779,4.660322,5.313153,5.869140,6.323863,6.681509,6.953719,7.159061,7.317375,7.448746,7.570805,7.698256,7.840840,8.003651,8.187493,8.390273,8.606706,8.830286,9.054593,9.271602,9.471195,9.653401,9.823165,9.982274,10.130165,10.267598,10.396535,10.518613,10.636502,10.752237,10.867519,10.983238,11.101288,11.221332,11.343818,11.467745,11.593577,11.719472,11.845718,11.971362,12.096440,12.220069,12.341921,12.462093,12.579886,12.695623,12.809686,12.922416,13.033755,13.144364,13.254198,13.363323,13.472059,13.580466,13.688178,13.795068,13.901033,14.005633,14.109304,14.211575,14.313110,14.412987,14.511474,14.608680,14.705677,14.801675,14.896570,14.991024,15.084007,15.175645,15.266821,15.357521,15.447917,15.537337,15.626827,15.715898,15.805152,15.893847,15.982918,16.071825,16.160525,16.249622,16.337893,16.426270,16.513750,16.599957,16.685594,16.768768,16.850647,16.931188,17.009110,17.087075,17.164304,17.241245,17.320159,17.399161,17.481243,17.564244,17.650119,17.738746,17.827449,17.918437,18.008247,18.098449,18.185501,18.272285,18.355242,18.437932,18.516836,18.596082,18.672486,18.751268,18.828167,18.910054,18.993560,19.081196,19.172581,19.274485,19.381990,19.495279,19.620239,19.756713,19.910306,20.078443,20.263768,20.477045,20.706587,20.971516,21.262551,21.599058,21.968614,22.387242,22.838805,23.334544,23.857105,24.401073,24.951969,25.501556,26.030872,26.525320,26.964345,27.334475,27.627904,27.832869,27.950229,27.983142,27.941599,27.841782,27.704763,27.555565,27.422541,27.330249,27.301493,27.359509,27.516657,27.779288,28.148774,28.607586,29.151686,29.747673,30.384400,31.024008,31.654085,32.244440,32.787392,33.266234,33.683177,34.036927,34.339142,34.603659,34.847310,35.089553,35.349232
0.047739,45.411566,44.239577,42.830141,41.163169,39.227903,37.022683,34.551942,31.844019,28.926482,25.858107,22.689581,19.501614,16.372867,13.377297,10.593455,8.101118,5.949607,4.189057,2.838597,1.903910,1.367684,1.196451,1.337979,1.730853,2.312023,3.014459,3.771383,4.528173,5.244431,5.884014,6.432079,6.879868,7.231793,7.501011,7.703541,7.860083,7.989530,8.109795,8.235053,8.374794,8.534783,8.715932,8.916030,9.129647,9.351325,9.573044,9.787547,9.983523,10.163331,10.331313,10.488395,10.634442,10.770130,10.896401,11.016342,11.131540,11.244588,11.357013,11.469671,11.584753,11.701662,11.821166,11.942183,12.064987,12.188641,12.312292,12.436202,12.559146,12.680989,12.801133,12.919502,13.035575,13.149760,13.262283,13.373258,13.483131,13.591803,13.700011,13.807155,13.914033,14.019983,14.125611,14.230048,14.333598,14.435363,14.535434,14.634605,14.732505,14.828722,14.923619,15.016813,15.109733,15.201142,15.292044,15.382412,15.471587,15.559585,15.647452,15.734654,15.821237,15.907697,15.994278,16.080540,16.166774,16.252892,16.338435,16.424015,16.509714,16.594614,16.679213,16.762251,16.844931,16.925465,17.004929,17.081820,17.156054,17.229168,17.299750,17.368388,17.437084,17.506407,17.574932,17.645722,17.716852,17.791235,17.867203,17.944349,18.023912,18.102756,18.182851,18.260771,18.335894,18.409985,18.479366,18.546599,18.612001,18.673652,18.733245,18.789917,18.848249,18.904142,18.964259,19.023282,19.087252,19.157374,19.230495,19.309177,19.394753,19.486278,19.595050,19.715423,19.850110,20.010869,20.188931,20.389316,20.630234,20.899760,21.218611,21.575299,21.973647,22.406536,22.877035,23.372433,23.881458,24.390425,24.886863,25.345264,25.760726,26.108778,26.386130,26.578498,26.688809,26.717312,26.676513,26.581818,26.453231,26.317250,26.200661,26.130224,26.131951,26.221868,26.415312,26.718610,27.126539,27.638561,28.225385,28.877982,29.558496,30.252326,30.924193,31.560298,32.141464,32.658604,33.105138,33.487999,33.813411,34.098242,34.359450,34.618056,34.892811
0.058291,45.522636,44.380521,43.005691,41.380755,39.491263,37.336930,34.927117,32.276418,29.428899,26.420884,23.325430,20.198277,17.127257,14.187254,11.458181,9.000300,6.883598,5.141157,3.803238,2.870490,2.328436,2.144602,2.266548,2.641460,3.199633,3.875173,4.609961,5.348004,6.046998,6.672021,7.208985,7.647704,7.994288,8.258659,8.458683,8.612599,8.740091,8.858237,8.980973,9.117672,9.274647,9.452094,9.647948,9.858521,10.076420,10.295603,10.505718,10.697923,10.874334,11.040065,11.194844,11.338547,11.471667,11.595181,11.712342,11.824536,11.934598,12.043122,12.152945,12.263903,12.377381,12.493405,12.611347,12.730992,12.851221,12.972509,13.093698,13.214246,13.334084,13.451907,13.567509,13.681718,13.793785,13.904096,14.013219,14.120716,14.227059,14.332974,14.437667,14.542151,14.645826,14.748557,14.850605,14.950623,15.049423,15.146077,15.241598,15.335914,15.428221,15.518432,15.607615,15.696201,15.783253,15.870172,15.956013,16.040952,16.125470,16.209659,16.293136,16.376667,16.460149,16.543256,16.626928,16.710584,16.793271,16.876058,16.958425,17.040278,17.122030,17.202018,17.281151,17.358110,17.433901,17.506619,17.577013,17.645275,17.710162,17.773745,17.835091,17.895008,17.955660,18.015188,18.076728,18.138484,18.203460,18.269792,18.337896,18.406278,18.476420,18.544615,18.612475,18.676485,18.738748,18.795703,18.850690,18.900008,18.946381,18.989613,19.030858,19.068446,19.103109,19.139992,19.175669,19.212363,19.248452,19.288635,19.334249,19.379017,19.435121,19.493598,19.566489,19.658028,19.758098,19.884064,20.029893,20.201398,20.417648,20.663933,20.956807,21.296824,21.671712,22.076642,22.519012,22.968802,23.431750,23.875219,24.299833,24.674595,24.995957,25.250733,25.425170,25.524384,25.547542,25.506375,25.416588,25.299958,25.180252,25.085063,25.038415,25.070641,25.195066,25.423831,25.771760,26.223863,26.778944,27.419685,28.113615,28.846566,29.582504,30.297147,30.972811,31.591132,32.137977,32.614499,33.020739,33.368298,33.671449,33.948574,34.221320,34.509701
0.068844,45.652104,44.544522,43.211499,41.633144,39.800628,37.708337,35.364529,32.786270,30.015408,27.085521,24.069103,21.022724,18.019909,15.150409,12.475710,10.065822,7.984820,6.272166,4.948098,4.020055,3.473393,3.273774,3.379650,3.727164,4.259358,4.912697,5.620217,6.335390,7.014857,7.624761,8.147244,8.577725,8.917033,9.176895,9.373881,9.525427,9.650865,9.766798,9.886979,10.020325,10.173500,10.346451,10.538675,10.744193,10.958659,11.173449,11.379826,11.566595,11.740210,11.902834,12.055282,12.195962,12.326041,12.447194,12.560911,12.670304,12.776228,12.881639,12.987396,13.094493,13.204418,13.316121,13.430515,13.546772,13.664320,13.782086,13.900471,14.018697,14.135430,14.250824,14.363733,14.475143,14.584806,14.693031,14.799121,14.903992,15.008178,15.111169,15.213614,15.314837,15.415675,15.515923,15.614455,15.711778,15.806715,15.900374,15.992078,16.081847,16.170429,16.256476,16.341700,16.425253,16.508660,16.590724,16.672396,16.753661,16.834789,16.914867,16.995123,17.075647,17.155561,17.236234,17.317115,17.397662,17.477945,17.557309,17.636830,17.715507,17.793812,17.870306,17.944652,18.017700,18.087741,18.155742,18.219773,18.281632,18.340245,18.395721,18.449632,18.502919,18.554309,18.606619,18.658379,18.712722,18.768164,18.825557,18.884084,18.944807,19.004383,19.064503,19.121303,19.176782,19.227252,19.274928,19.316835,19.354666,19.387812,19.417751,19.441309,19.462902,19.480322,19.493858,19.508570,19.520553,19.529737,19.542259,19.550550,19.562284,19.579885,19.599973,19.624728,19.667997,19.716306,19.787103,19.870168,19.989724,20.132638,20.323304,20.548964,20.810298,21.122913,21.459944,21.837657,22.224071,22.623753,23.017066,23.393428,23.724254,24.012420,24.232193,24.388372,24.469294,24.485742,24.443413,24.359338,24.254926,24.153500,24.080061,24.066216,24.126503,24.287497,24.562433,24.946308,25.449017,26.048861,26.728055,27.471760,28.244413,29.018925,29.775284,30.485335,31.133462,31.708272,32.209025,32.636525,33.002905,33.321569,33.612707,33.897717,34.197825
0.079397,45.794339,44.725091,43.437110,41.911529,40.139570,38.115187,35.845862,33.347432,30.657266,27.817427,24.883724,21.922027,19.003858,16.207881,13.593712,11.244835,9.205125,7.519846,6.213004,5.290088,4.738810,4.527067,4.608736,4.933017,5.439924,6.060425,6.745267,7.433976,8.092674,8.684286,9.195389,9.615340,9.947709,10.203848,10.397491,10.547160,10.670483,10.784440,10.901508,11.032218,11.180681,11.349659,11.537124,11.737806,11.947470,12.158657,12.358908,12.541658,12.711460,12.871759,13.020901,13.159202,13.286318,13.404055,13.515180,13.620596,13.723527,13.824519,13.926365,14.029907,14.135960,14.243897,14.354989,14.467621,14.581357,14.696536,14.811920,14.926593,15.040878,15.153037,15.263589,15.371857,15.478747,15.584192,15.687709,15.789518,15.890611,15.991246,16.090706,16.189284,16.287096,16.383673,16.479571,16.573304,16.665483,16.755385,16.842989,16.929392,17.013306,17.096004,17.176442,17.256382,17.334994,17.413398,17.491103,17.568765,17.645923,17.723053,17.800219,17.877009,17.954483,18.032058,18.110356,18.188703,18.266097,18.343293,18.419668,18.495882,18.570590,18.644042,18.715110,18.783493,18.849728,18.911995,18.971478,19.026743,19.079647,19.128735,19.175857,19.221970,19.266064,19.310838,19.355516,19.400895,19.448483,19.497959,19.549712,19.601095,19.653262,19.705227,19.754469,19.800306,19.843516,19.880930,19.914777,19.941889,19.964938,19.981323,19.992923,20.000323,20.002133,19.998612,19.994095,19.983483,19.972701,19.955422,19.939386,19.917459,19.900269,19.882589,19.869670,19.861339,19.868726,19.883279,19.910302,19.970198,20.055364,20.169297,20.331868,20.528433,20.757472,21.034521,21.329094,21.651923,21.991443,22.316598,22.636886,22.920895,23.161472,23.344713,23.471303,23.537128,23.540527,23.496657,23.418263,23.327058,23.245674,23.197963,23.212730,23.313852,23.513701,23.823106,24.256325,24.798513,25.438053,26.164768,26.943111,27.753963,28.567739,29.354544,30.092851,30.767306,31.366743,31.886252,32.331841,32.712602,33.044943,33.347179,33.642433,33.952134
0.089950,45.943710,44.914196,43.674037,42.204070,40.495621,38.540419,36.348515,33.939664,31.338413,28.585787,25.743194,22.874868,20.036007,17.316867,14.770242,12.477764,10.479515,8.827760,7.538358,6.622134,6.064252,5.839548,5.902160,6.197949,6.676427,7.267846,7.923032,8.590941,9.225031,9.802188,10.298135,10.709061,11.036076,11.287712,11.479139,11.627014,11.748880,11.860993,11.975527,12.102540,12.247822,12.412359,12.594328,12.790847,12.995635,13.200995,13.396405,13.574087,13.741180,13.898220,14.045055,14.180055,14.304629,14.419834,14.527401,14.629822,14.729228,14.826769,14.925255,15.025043,15.126592,15.231405,15.338210,15.447629,15.558457,15.670173,15.782796,15.894379,16.005691,16.114939,16.222605,16.328190,16.432199,16.534119,16.634952,16.733875,16.832279,16.929374,17.025939,17.121887,17.216452,17.310464,17.403092,17.493759,17.582724,17.669101,17.753808,17.835788,17.916469,17.994619,18.071593,18.147729,18.222405,18.297242,18.371267,18.444974,18.519469,18.593617,18.667359,18.741746,18.816232,18.891728,18.967366,19.043182,19.118762,19.193501,19.268000,19.341372,19.413804,19.483946,19.552119,19.617093,19.679435,19.737744,19.791799,19.842618,19.890403,19.934490,19.975677,20.014454,20.053080,20.090233,20.128272,20.167975,20.208360,20.251065,20.295785,20.340421,20.386391,20.430684,20.473770,20.513530,20.549132,20.580798,20.606313,20.626865,20.641061,20.649286,20.651154,20.645953,20.635415,20.620316,20.598326,20.573237,20.540427,20.505048,20.461466,20.417139,20.365855,20.317798,20.266073,20.224300,20.181198,20.151550,20.131175,20.125788,20.150311,20.210639,20.293937,20.419199,20.580920,20.783697,21.002836,21.258426,21.513283,21.782662,22.027635,22.254886,22.450852,22.591723,22.689117,22.727007,22.718850,22.671505,22.598476,22.520275,22.458112,22.442379,22.487290,22.625739,22.861808,23.219712,23.691271,24.271604,24.957129,25.716373,26.534984,27.376570,28.219640,29.031843,29.795516,30.490153,31.106539,31.641445,32.099941,32.491995,32.834155,33.145617,33.448745,33.765985
0.100503,46.094934,45.106264,43.913541,42.501194,40.854467,38.974206,36.861717,34.535067,32.019251,29.365663,26.614994,23.831309,21.076696,18.434255,15.955373,13.718786,11.764287,10.142875,8.871147,7.959653,7.397874,7.155294,7.198110,7.470238,7.914969,8.482642,9.110328,9.749933,10.367031,10.925025,11.409762,11.812585,12.133408,12.382166,12.571678,12.718549,12.839674,12.950151,13.062401,13.186675,13.327494,13.487750,13.665372,13.857161,14.056606,14.257785,14.446329,14.620191,14.784427,14.938940,15.082945,15.215859,15.337832,15.450407,15.555139,15.654951,15.750671,15.845522,15.939985,16.036597,16.134617,16.235899,16.339241,16.445400,16.552973,16.662348,16.771636,16.880849,16.988706,17.095566,17.199869,17.302804,17.403879,17.502906,17.600785,17.697099,17.792304,17.886621,17.980237,18.072746,18.164938,18.255665,18.345423,18.433637,18.519139,18.602723,18.684218,18.762926,18.839881,18.915202,18.988769,19.060815,19.132310,19.203368,19.274198,19.345363,19.416519,19.488297,19.559715,19.631255,19.703956,19.777040,19.850831,19.924479,19.997886,20.071191,20.143657,20.215441,20.285213,20.353131,20.418781,20.481137,20.539692,20.594722,20.645428,20.692360,20.735168,20.774904,20.810657,20.845024,20.877421,20.909649,20.942648,20.976240,21.011105,21.048653,21.087171,21.126839,21.166780,21.206744,21.244110,21.279014,21.310301,21.337108,21.357851,21.373070,21.381502,21.383998,21.378928,21.366432,21.347845,21.322135,21.290135,21.250546,21.205606,21.151360,21.092091,21.023519,20.950503,20.875310,20.796329,20.715396,20.641135,20.563202,20.496159,20.448462,20.417706,20.407177,20.430884,20.486795,20.575660,20.703410,20.852745,21.017056,21.210325,21.392858,21.582479,21.740203,21.881353,21.974681,22.035498,22.045929,22.023035,21.967755,21.899219,21.833236,21.796059,21.803901,21.888823,22.062255,22.338381,22.737523,23.246454,23.869467,24.591591,25.385161,26.234187,27.103270,27.969732,28.802593,29.583133,30.291851,30.920725,31.466228,31.933097,32.332733,32.681534,32.999214,33.308103,33.630789
0.111055,46.243559,45.294772,44.149213,42.790700,41.207516,39.397187,37.359307,35.117486,32.688528,30.123546,27.457623,24.759933,22.095283,19.518543,17.112168,14.922352,13.014441,11.417937,10.163807,9.256491,8.686185,8.431900,8.448619,8.697451,9.114343,9.651715,10.255937,10.874582,11.469227,12.014586,12.488207,12.882842,13.199739,13.446015,13.634779,13.781461,13.902083,14.011476,14.122349,14.243371,14.381284,14.536992,14.710717,14.897083,15.092082,15.287547,15.469954,15.641033,15.802898,15.955431,16.097250,16.228138,16.348055,16.458162,16.560917,16.657870,16.750941,16.842841,16.934596,17.027507,17.123050,17.220648,17.321415,17.424037,17.529092,17.635756,17.742369,17.849017,17.954363,18.057902,18.160038,18.259704,18.357923,18.454687,18.549281,18.642811,18.735451,18.826649,18.917701,19.007416,19.096843,19.184948,19.272084,19.357426,19.440838,19.521667,19.599788,19.675935,19.750383,19.822399,19.892872,19.962386,20.030663,20.099052,20.167137,20.235309,20.304272,20.373874,20.443033,20.512869,20.583388,20.655019,20.726682,20.798757,20.870601,20.942356,21.013707,21.083712,21.152028,21.218018,21.281287,21.341313,21.397739,21.449720,21.497866,21.541347,21.581216,21.616595,21.649146,21.678862,21.707485,21.735824,21.763862,21.793401,21.824219,21.856573,21.890769,21.926661,21.963129,21.998935,22.033446,22.065038,22.093463,22.117236,22.135628,22.147658,22.153470,22.152184,22.143253,22.126848,22.102960,22.071526,22.032315,21.985344,21.930389,21.865345,21.792609,21.710557,21.620267,21.521463,21.418784,21.315523,21.206278,21.097128,20.994185,20.894481,20.818032,20.752822,20.721728,20.706489,20.731894,20.771930,20.844363,20.945689,21.045879,21.167381,21.270040,21.374278,21.443093,21.495962,21.506138,21.492913,21.445727,21.384760,21.318043,21.264922,21.249120,21.285611,21.405048,21.612928,21.936638,22.368754,22.923481,23.579962,24.335509,25.159170,26.033603,26.925576,27.808308,28.655667,29.446957,30.164556,30.799603,31.350402,31.821725,32.225367,32.577515,32.898558,33.211060,33.537351
0.121608,46.385789,45.474761,44.374657,43.068558,41.544068,39.798331,37.837319,35.668587,33.327400,30.839267,28.264412,25.647626,23.054654,20.547196,18.200164,16.059854,14.188965,12.618084,11.377055,10.472048,9.895648,9.622541,9.622667,9.841533,10.237229,10.746108,11.324232,11.923983,12.501697,13.033936,13.498094,13.887863,14.201592,14.446858,14.635755,14.782863,14.903539,15.012420,15.121964,15.240840,15.375713,15.528055,15.697214,15.879293,16.070177,16.258146,16.436192,16.605176,16.765039,16.916128,17.056451,17.185689,17.304110,17.412459,17.513204,17.607817,17.699062,17.788170,17.877776,17.968348,18.060676,18.156100,18.253782,18.354088,18.456921,18.560737,18.665354,18.769176,18.872270,18.973248,19.072831,19.169970,19.265811,19.359399,19.451874,19.542823,19.632333,19.721136,19.809528,19.896705,19.983655,20.069371,20.154346,20.237278,20.318073,20.396680,20.472911,20.546715,20.618402,20.688410,20.756691,20.823266,20.889662,20.955281,21.021158,21.087783,21.154950,21.222338,21.290071,21.358121,21.427227,21.497212,21.567589,21.638227,21.708808,21.779408,21.849271,21.918245,21.984984,22.049544,22.111511,22.169889,22.224315,22.274853,22.320656,22.362222,22.399186,22.432386,22.461874,22.488941,22.514491,22.539182,22.564641,22.590531,22.618222,22.647639,22.679001,22.711697,22.745625,22.779490,22.811775,22.841966,22.869197,22.892034,22.909361,22.920908,22.925720,22.923761,22.913885,22.896258,22.870658,22.837105,22.795263,22.744635,22.684227,22.613749,22.532322,22.441226,22.339654,22.227857,22.109855,21.985404,21.854627,21.721256,21.584298,21.448745,21.325532,21.220911,21.130622,21.061656,21.008884,20.985047,20.990510,21.007338,21.037204,21.065437,21.108733,21.128098,21.147152,21.132925,21.107996,21.052507,20.988482,20.913453,20.848272,20.807816,20.809318,20.879045,21.029450,21.275031,21.637894,22.108985,22.700622,23.391518,24.176859,25.026250,25.921138,26.828355,27.723437,28.579231,29.375382,30.095966,30.732308,31.283528,31.754738,32.158663,32.511334,32.833362,33.147458,33.475658
0.132161,46.518628,45.642764,44.583693,43.326346,41.856927,40.172513,38.278497,36.181929,33.915704,31.504633,29.005487,26.462164,23.934546,21.495840,19.195962,17.104296,15.261931,13.714050,12.483037,11.578495,10.993614,10.705178,10.684749,10.882789,11.249117,11.739033,12.295356,12.873437,13.439084,13.958789,14.417029,14.802336,15.114592,15.360234,15.550243,15.698449,15.820061,15.928968,16.037453,16.154951,16.286694,16.435624,16.600858,16.779789,16.964744,17.147397,17.321484,17.488905,17.648068,17.797827,17.937203,18.065271,18.182629,18.290100,18.389193,18.482446,18.571622,18.659169,18.746641,18.835265,18.925555,19.018843,19.114527,19.212936,19.313338,19.415619,19.517924,19.619799,19.720143,19.819256,19.916027,20.011295,20.104263,20.195747,20.285776,20.374083,20.461721,20.548054,20.633531,20.718967,20.803290,20.887341,20.969780,21.050994,21.130089,21.207012,21.281026,21.353122,21.422997,21.491169,21.557683,21.622637,21.687166,21.751186,21.815513,21.880677,21.946451,22.012438,22.078927,22.145885,22.213942,22.282523,22.351721,22.421374,22.490952,22.560169,22.628904,22.696687,22.762460,22.826071,22.887087,22.944463,22.997909,23.047059,23.091806,23.131905,23.167643,23.198944,23.226652,23.251879,23.275489,23.298230,23.321421,23.345273,23.370824,23.398134,23.427563,23.458779,23.491413,23.524171,23.555907,23.585714,23.613047,23.636209,23.654693,23.666994,23.673560,23.672658,23.664879,23.648253,23.624081,23.591518,23.550008,23.499426,23.438695,23.366472,23.282631,23.187354,23.080403,22.962136,22.833539,22.696896,22.553908,22.399327,22.239087,22.077744,21.920344,21.774695,21.633271,21.515407,21.403429,21.320872,21.241633,21.191506,21.144660,21.095488,21.063538,21.010637,20.964348,20.898006,20.813520,20.729605,20.633363,20.547401,20.480857,20.448644,20.472447,20.567004,20.750094,21.032054,21.429033,21.940900,22.567184,23.289429,24.099218,24.973190,25.881788,26.801215,27.701760,28.560223,29.355731,30.074117,30.706662,31.253622,31.721190,32.121684,32.472252,32.793099,33.106857,33.435533
0.142714,46.639957,45.796125,44.775043,43.560903,42.142143,40.512217,38.678418,36.648864,34.447568,32.107971,29.673348,27.192166,24.730972,22.340358,20.091724,18.032695,16.220417,14.688665,13.464405,12.557069,11.962259,11.661949,11.620172,11.794307,12.143257,12.608020,13.147579,13.710361,14.263078,14.775925,15.228449,15.611786,15.923949,16.170783,16.362668,16.513369,16.636154,16.745722,16.854056,16.970021,17.099720,17.245609,17.407763,17.581971,17.763221,17.938906,18.110756,18.277474,18.436244,18.585458,18.724193,18.851687,18.968603,19.075602,19.174034,19.266102,19.354297,19.440745,19.526884,19.613701,19.702732,19.794228,19.888639,19.985289,20.084368,20.184615,20.285215,20.385398,20.484007,20.580607,20.675512,20.768429,20.859630,20.949018,21.036584,21.123170,21.208180,21.292422,21.376317,21.459440,21.542305,21.624113,21.704993,21.784639,21.862287,21.937808,22.010616,22.081099,22.149788,22.216768,22.281989,22.345831,22.409172,22.472254,22.535678,22.599912,22.664714,22.729739,22.795355,22.861555,22.928726,22.996368,23.064647,23.133094,23.201879,23.270163,23.337913,23.404355,23.469478,23.532500,23.592855,23.649728,23.702437,23.750975,23.795176,23.834804,23.869871,23.900597,23.927635,23.951823,23.974369,23.996080,24.017950,24.040737,24.065129,24.091304,24.119736,24.150453,24.182545,24.215260,24.247520,24.277873,24.306492,24.331397,24.352166,24.367191,24.375906,24.379178,24.374023,24.361274,24.340874,24.311213,24.274089,24.226711,24.167982,24.098384,24.017438,23.922678,23.816469,23.696619,23.565324,23.424015,23.272788,23.109099,22.935275,22.754872,22.570475,22.392322,22.216973,22.044514,21.890648,21.736618,21.605749,21.470464,21.349569,21.241463,21.117804,21.008951,20.880026,20.761239,20.625463,20.497227,20.376752,20.276461,20.203634,20.179774,20.219645,20.336469,20.549920,20.872881,21.305475,21.849061,22.507396,23.258018,24.092069,24.981462,25.901846,26.826958,27.729095,28.584804,29.375352,30.085742,30.710956,31.249570,31.709877,32.104033,32.449852,32.767416,33.079327,33.407212
0.153266,46.748648,45.933025,44.945611,43.769501,42.394379,40.815653,39.032184,37.060761,34.916265,32.636127,30.259914,27.839934,25.425027,23.084905,20.870319,18.845050,17.052594,15.533323,14.313314,13.403143,12.797371,12.481938,12.420238,12.577028,12.906189,13.354882,13.875619,14.428146,14.971324,15.477329,15.927164,16.310224,16.623876,16.873239,17.067864,17.220519,17.345586,17.456073,17.564397,17.679738,17.807381,17.950936,18.109527,18.281124,18.455353,18.627305,18.797718,18.964238,19.122842,19.271890,19.410604,19.538156,19.654906,19.761888,19.860381,19.952185,20.039893,20.125637,20.210995,20.297109,20.384957,20.475577,20.568759,20.664553,20.762224,20.861068,20.960502,21.058897,21.155958,21.251111,21.344182,21.435470,21.524314,21.611876,21.697560,21.782311,21.865531,21.948208,22.030008,22.111921,22.193143,22.273373,22.353003,22.431158,22.507866,22.582210,22.654215,22.724066,22.792017,22.858165,22.922733,22.986029,23.048674,23.111337,23.174340,23.238014,23.302185,23.366716,23.431889,23.497597,23.564013,23.630759,23.698123,23.765621,23.833483,23.901064,23.967747,24.033478,24.097692,24.160322,24.220242,24.276796,24.329394,24.377814,24.421923,24.461592,24.496842,24.527742,24.554874,24.579094,24.601319,24.622677,24.644207,24.666803,24.690770,24.716716,24.745195,24.775756,24.807904,24.841129,24.874439,24.906853,24.936956,24.964975,24.988011,25.006460,25.020231,25.027521,25.027090,25.020116,25.004489,24.980092,24.948822,24.906305,24.854784,24.790122,24.714276,24.626567,24.523732,24.409199,24.279954,24.140803,23.988524,23.822451,23.641608,23.450005,23.250989,23.045705,22.839743,22.637597,22.429988,22.234864,22.032323,21.846379,21.648701,21.459697,21.279748,21.082715,20.902350,20.707506,20.525794,20.360150,20.207291,20.082108,20.005199,19.984400,20.038849,20.178364,20.420227,20.774919,21.237970,21.819800,22.502413,23.282298,24.132653,25.036065,25.964990,26.891433,27.790343,28.639882,29.419880,30.119466,30.732956,31.260058,31.710103,32.095394,32.434100,32.746668,33.055454,33.381706
0.163819,46.844435,46.053773,45.095460,43.953195,42.616990,41.078736,39.343645,37.417910,35.327560,33.098414,30.769918,28.396503,26.025039,23.721967,21.540267,19.536193,17.761005,16.250262,15.030841,14.115900,13.500838,13.168094,13.091572,13.232688,13.541519,13.975258,14.485830,15.027243,15.563546,16.066398,16.515120,16.899401,17.215140,17.467710,17.666300,17.821973,17.949396,18.061207,18.170003,18.284568,18.410775,18.552186,18.707971,18.875593,19.043747,19.212905,19.383006,19.549776,19.708646,19.857834,19.996853,20.124706,20.242000,20.349611,20.448472,20.540668,20.628463,20.714005,20.799121,20.884994,20.972430,21.062425,21.155242,21.250288,21.347063,21.445076,21.543286,21.640669,21.736589,21.830128,21.921868,22.011121,22.098703,22.184232,22.268434,22.351548,22.433333,22.514664,22.595292,22.675529,22.755596,22.834583,22.913116,22.990472,23.066180,23.140029,23.211689,23.281245,23.348829,23.414708,23.479084,23.542347,23.604912,23.667452,23.730300,23.793846,23.857889,23.922285,23.987230,24.052602,24.118277,24.184277,24.250533,24.317317,24.384036,24.450878,24.516817,24.581537,24.645155,24.707195,24.766763,24.823203,24.875944,24.924677,24.969249,25.009249,25.045259,25.076920,25.105100,25.129775,25.152664,25.174379,25.196492,25.219423,25.243524,25.269867,25.298647,25.329685,25.362422,25.396530,25.431443,25.466020,25.498933,25.529564,25.556083,25.579117,25.596343,25.608622,25.615032,25.612562,25.604251,25.586573,25.561572,25.528385,25.483803,25.427070,25.360907,25.279514,25.187446,25.078900,24.959897,24.825469,24.680590,24.518359,24.337475,24.142674,23.934462,23.717096,23.490838,23.254487,23.014169,22.774028,22.520439,22.268387,22.021114,21.764590,21.498133,21.239849,20.992619,20.736012,20.506866,20.284910,20.099864,19.956623,19.869965,19.850374,19.914399,20.076794,20.344579,20.723201,21.222604,21.828695,22.542467,23.340655,24.210299,25.123241,26.055220,26.980132,27.872253,28.711386,29.478798,30.163960,30.761381,31.275071,31.711566,32.086602,32.416315,32.722650,33.027380,33.351498
0.174372,46.927827,46.158476,45.225291,44.112751,42.808587,41.306636,39.609384,37.727327,35.678066,33.489976,31.206331,28.868050,26.535329,24.260636,22.102432,20.118593,18.354145,16.848473,15.628313,14.705225,14.079200,13.735731,13.644144,13.768358,14.064412,14.485397,14.983700,15.518132,16.050713,16.551803,17.001738,17.387670,17.707952,17.963978,18.166113,18.325773,18.455194,18.569048,18.678208,18.792227,18.917570,19.056665,19.210625,19.371697,19.535644,19.703519,19.873811,20.041193,20.200454,20.350013,20.489452,20.618400,20.736588,20.844898,20.944710,21.037638,21.126158,21.211994,21.297419,21.383564,21.471009,21.560996,21.653636,21.748455,21.844720,21.942034,22.039528,22.136076,22.230870,22.323214,22.413592,22.501457,22.587433,22.671919,22.754722,22.836200,22.917090,22.997079,23.076817,23.156078,23.235088,23.313276,23.390850,23.467641,23.542818,23.616319,23.687926,23.757538,23.824957,23.890888,23.955574,24.019176,24.082170,24.144916,24.208039,24.271824,24.336020,24.400422,24.465301,24.530409,24.595299,24.660514,24.725928,24.791451,24.857452,24.923050,24.988111,25.052190,25.114995,25.176298,25.235497,25.291987,25.344985,25.394278,25.439355,25.480607,25.517622,25.550435,25.579944,25.605956,25.630156,25.652949,25.675976,25.699854,25.724622,25.751604,25.781147,25.812584,25.846266,25.881722,25.918147,25.954938,25.990393,26.023730,26.054783,26.081002,26.104043,26.120793,26.132156,26.137664,26.134630,26.126177,26.107988,26.083206,26.047702,26.000558,25.943148,25.875207,25.791177,25.697173,25.586627,25.464743,25.329011,25.176499,25.005711,24.813782,24.604151,24.379746,24.139628,23.886875,23.619527,23.335284,23.047241,22.744312,22.425037,22.104863,21.780309,21.463360,21.134282,20.832372,20.534164,20.278631,20.056468,19.887262,19.783035,19.762393,19.835154,20.011128,20.302897,20.710449,21.232376,21.867897,22.603451,23.424249,24.305072,25.225825,26.159145,27.079398,27.962461,28.786923,29.539245,30.207106,30.787302,31.284826,31.706759,32.069482,32.389593,32.688610,32.988709,33.310369
0.184925,46.999920,46.249096,45.337287,44.249327,42.972366,41.502241,39.837072,37.989497,35.974398,33.824446,31.573446,29.267262,26.962660,24.711049,22.573802,20.602488,18.845709,17.342277,16.119422,15.189138,14.553896,14.195329,14.090246,14.201312,14.485585,14.896616,15.388115,15.917560,16.447331,16.948290,17.399814,17.790178,18.114274,18.374855,18.581758,18.744096,18.876528,18.992049,19.101854,19.215729,19.339691,19.477610,19.626823,19.782558,19.943483,20.111146,20.282186,20.450036,20.609856,20.760092,20.900465,21.030154,21.149567,21.259454,21.360492,21.454414,21.543970,21.630593,21.716883,21.803425,21.891525,21.981702,22.074431,22.169344,22.265479,22.362368,22.459284,22.555193,22.648934,22.740584,22.829551,22.916474,23.001315,23.084249,23.166053,23.246558,23.326420,23.405604,23.484563,23.563233,23.641491,23.719099,23.796044,23.872249,23.947115,24.020509,24.092213,24.162003,24.229705,24.295951,24.361171,24.425361,24.488996,24.552485,24.616053,24.680251,24.744693,24.809394,24.874222,24.939021,25.003500,25.067844,25.132239,25.196678,25.261469,25.325863,25.389591,25.452766,25.514587,25.575223,25.634005,25.690424,25.743775,25.793697,25.839688,25.881839,25.920372,25.955176,25.986187,26.013992,26.039678,26.064449,26.088692,26.113712,26.139476,26.167492,26.197488,26.229880,26.264327,26.300901,26.339124,26.377385,26.415050,26.451971,26.485747,26.517018,26.543291,26.566042,26.582256,26.593099,26.598561,26.595653,26.587334,26.568772,26.542478,26.507989,26.460072,26.403962,26.334221,26.250092,26.157443,26.049720,25.925878,25.789282,25.629428,25.445433,25.243870,25.018928,24.774016,24.506875,24.218330,23.908687,23.583051,23.230104,22.864970,22.494315,22.100827,21.720148,21.336244,20.958211,20.620254,20.304674,20.051160,19.854675,19.734134,19.708734,19.784474,19.974736,20.283998,20.712418,21.263139,21.920479,22.678697,23.512988,24.406796,25.331862,26.264003,27.176788,28.048644,28.857528,29.591118,30.240152,30.803059,31.281761,31.688794,32.038393,32.348083,32.639611,32.934692,33.253650
0.195477,47.062198,46.327013,45.433697,44.366148,43.113521,41.667922,40.031041,38.212269,36.226869,34.106208,31.882396,29.604842,27.321887,25.089683,22.966940,21.005265,19.254029,17.751358,16.523768,15.586823,14.940643,14.572967,14.454939,14.554668,14.829728,15.231730,15.717798,16.243289,16.771965,17.274048,17.728951,18.122079,18.450804,18.717483,18.927721,19.094722,19.229613,19.346452,19.456984,19.570572,19.693402,19.829302,19.973684,20.123777,20.283509,20.451494,20.623090,20.791453,20.951695,21.102917,21.243947,21.375226,21.495866,21.607216,21.709503,21.805138,21.896022,21.983819,22.070789,22.158525,22.247290,22.338261,22.431302,22.526411,22.622730,22.719532,22.815763,22.911099,23.004253,23.095157,23.183272,23.269132,23.352806,23.435000,23.515490,23.595272,23.674365,23.753017,23.831610,23.909906,23.987549,24.064724,24.141328,24.216999,24.291618,24.365007,24.436836,24.506774,24.575041,24.641794,24.707561,24.772775,24.837508,24.901659,24.966035,25.030573,25.095612,25.160611,25.225374,25.289823,25.353957,25.417382,25.480658,25.544224,25.607045,25.670006,25.732401,25.794004,25.855036,25.914667,25.972698,26.029015,26.082703,26.133308,26.180068,26.223855,26.263817,26.300454,26.333167,26.363713,26.391566,26.417679,26.443798,26.469809,26.497168,26.525769,26.556618,26.589633,26.625142,26.662596,26.701696,26.741808,26.781250,26.820316,26.857547,26.891431,26.922393,26.948377,26.970712,26.986491,26.997971,27.001805,27.000583,26.989993,26.972437,26.947671,26.910805,26.864933,26.808097,26.742267,26.660678,26.570990,26.463275,26.341042,26.199921,26.030011,25.840055,25.620875,25.377123,25.105373,24.805200,24.475712,24.114213,23.727866,23.323107,22.887527,22.444349,22.003663,21.559775,21.123240,20.731313,20.367963,20.075430,19.849778,19.709786,19.675882,19.752133,19.950255,20.275541,20.723631,21.293577,21.975477,22.748708,23.598630,24.500763,25.429652,26.358487,27.263719,28.121159,28.914931,29.628872,30.258860,30.800705,31.262437,31.652880,31.988945,32.287916,32.572043,32.862093,33.178453
0.206030,47.116272,46.394679,45.516766,44.467552,43.234347,41.811588,40.197557,38.402437,36.443950,34.346171,32.148329,29.891518,27.626827,25.411992,23.300027,21.346766,19.598672,18.095200,16.864602,15.921039,15.266130,14.886493,14.760249,14.850075,15.115157,15.512050,15.992845,16.516371,17.045124,17.548767,18.006340,18.405061,18.738476,19.008542,19.223669,19.393775,19.531643,19.649918,19.761088,19.874202,19.996351,20.127921,20.265514,20.413297,20.572935,20.741373,20.913387,21.082496,21.243141,21.395011,21.537050,21.669615,21.791689,21.904525,22.008437,22.105561,22.198006,22.287082,22.375589,22.464036,22.554061,22.645706,22.739470,22.834792,22.931464,23.028270,23.124287,23.218826,23.311549,23.401565,23.489207,23.574191,23.657170,23.738245,23.818142,23.897211,23.975692,24.054154,24.132466,24.210403,24.287746,24.364582,24.440644,24.515973,24.590466,24.663801,24.735644,24.805860,24.874472,24.942168,25.008843,25.074685,25.140558,25.205900,25.271062,25.336295,25.401673,25.466988,25.531834,25.596059,25.659384,25.722248,25.784218,25.846219,25.907159,25.967963,26.028824,26.089068,26.148389,26.207084,26.264443,26.320278,26.374221,26.425441,26.473276,26.518467,26.560070,26.598679,26.633530,26.666324,26.696530,26.724705,26.752393,26.779984,26.808283,26.837700,26.869183,26.902839,26.938772,26.976823,27.016745,27.057681,27.098589,27.139050,27.178212,27.214799,27.248575,27.278104,27.304315,27.324912,27.340710,27.351422,27.354766,27.352914,27.343420,27.325131,27.300773,27.264652,27.222339,27.166905,27.104834,27.029460,26.939022,26.834675,26.709444,26.562643,26.382827,26.178713,25.939450,25.669029,25.361755,25.016594,24.634897,24.221587,23.768321,23.292515,22.804587,22.293669,21.792372,21.315274,20.854866,20.457599,20.113189,19.861699,19.702529,19.652590,19.727282,19.931037,20.266369,20.733066,21.321166,22.017638,22.809464,23.670333,24.580017,25.509866,26.435008,27.330037,28.174462,28.951261,29.646821,30.255108,30.778654,31.220928,31.596233,31.918173,32.207253,32.483765,32.769088,33.083207
0.216583,47.163884,46.454001,45.590041,44.556048,43.340942,41.936382,40.343821,38.569626,36.632980,34.556892,32.379699,30.141198,27.895023,25.692482,23.591538,21.644794,19.899583,18.395918,17.161272,16.211743,15.549766,15.161618,15.026334,15.107244,15.366767,15.757339,16.235283,16.757245,17.286266,17.792573,18.252968,18.655775,18.993092,19.268779,19.487719,19.660832,19.800466,19.920294,20.031886,20.144223,20.264100,20.388732,20.522559,20.669527,20.829345,20.998033,21.170399,21.339736,21.500894,21.653300,21.796668,21.930258,22.053605,22.167884,22.273359,22.372229,22.465820,22.556978,22.646400,22.736344,22.827156,22.919991,23.014350,23.110131,23.206947,23.303716,23.399493,23.493659,23.585645,23.675198,23.762149,23.846541,23.928818,24.009280,24.088765,24.167247,24.245479,24.323820,24.401918,24.479481,24.556450,24.632919,24.708641,24.783709,24.857953,24.931108,25.002827,25.073184,25.142566,25.210869,25.278226,25.345478,25.412342,25.478819,25.545067,25.610808,25.676787,25.742335,25.807173,25.870930,25.933782,25.995330,26.056383,26.115944,26.175029,26.234006,26.292127,26.350734,26.408384,26.465673,26.522295,26.577448,26.631282,26.683014,26.732397,26.778845,26.822042,26.862308,26.899919,26.934288,26.967176,26.997495,27.026701,27.055761,27.084986,27.115220,27.147020,27.180860,27.217007,27.255381,27.295447,27.336683,27.378324,27.419311,27.459400,27.497831,27.533110,27.565504,27.593936,27.618790,27.638022,27.652702,27.661047,27.664584,27.660798,27.651745,27.634561,27.608392,27.575683,27.536494,27.484964,27.425383,27.357093,27.271121,27.162501,27.035229,26.872958,26.683811,26.454678,26.189075,25.881622,25.529402,25.132498,24.688741,24.211201,23.690808,23.155755,22.601495,22.039396,21.508360,20.996157,20.544905,20.171438,19.877347,19.698381,19.633317,19.702787,19.907568,20.250720,20.729507,21.331228,22.045471,22.848488,23.721432,24.635593,25.566193,26.486357,27.372280,28.203799,28.962055,29.638694,30.229034,30.731822,31.157551,31.516329,31.825573,32.104697,32.374307,32.655308,32.967464
0.227136,47.206565,46.507458,45.655708,44.636119,43.436433,42.049125,40.474742,38.721138,36.802813,34.748182,32.588201,30.368386,28.137983,25.949262,23.857452,21.917213,20.175568,18.672295,17.435499,16.482045,15.812572,15.418528,15.274375,15.349787,15.602662,15.988587,16.463820,16.984729,17.514398,18.022554,18.485939,18.891785,19.234330,19.513274,19.735163,19.911145,20.053090,20.174052,20.285531,20.397332,20.510754,20.630216,20.762126,20.909209,21.069286,21.238045,21.410190,21.579665,21.741192,21.894020,22.038026,22.172490,22.297347,22.412827,22.519667,22.619845,22.715370,22.807502,22.898500,22.989569,23.081993,23.175462,23.270497,23.366651,23.463400,23.560102,23.655777,23.749614,23.841280,23.930135,24.016302,24.100339,24.182083,24.262230,24.341277,24.419659,24.497782,24.575826,24.653714,24.731026,24.807789,24.883822,24.959203,25.033705,25.107348,25.180094,25.251681,25.322291,25.392142,25.461031,25.529517,25.597515,25.665500,25.733219,25.800210,25.867199,25.933586,25.999371,26.064124,26.127447,26.189553,26.249842,26.308861,26.366957,26.423687,26.479562,26.535723,26.591860,26.648239,26.703986,26.758913,26.813437,26.867103,26.919276,26.969659,27.017235,27.062476,27.104474,27.144333,27.181022,27.216005,27.248192,27.279408,27.309394,27.339506,27.370090,27.402093,27.435905,27.471894,27.509978,27.549521,27.590509,27.631722,27.672512,27.712885,27.751609,27.787979,27.821594,27.851903,27.878399,27.900575,27.917328,27.929764,27.936381,27.938370,27.933282,27.922947,27.904863,27.882552,27.851306,27.816004,27.769351,27.716842,27.645864,27.561492,27.448060,27.310730,27.132955,26.921838,26.664617,26.359358,26.003184,25.593984,25.135709,24.624197,24.078288,23.490585,22.888975,22.284294,21.701687,21.146688,20.648032,20.221413,19.902848,19.690006,19.612586,19.669853,19.873763,20.221900,20.708422,21.323819,22.048548,22.864806,23.745412,24.664122,25.594605,26.510354,27.386713,28.204128,28.946916,29.606260,30.176326,30.662255,31.070045,31.414380,31.711525,31.981027,32.244184,32.521586,32.832314
0.237688,47.245905,46.556755,45.716715,44.710216,43.524925,42.154763,40.598031,38.861621,36.962977,34.927344,32.786770,30.583439,28.368158,26.193700,24.112439,22.180403,20.443079,18.941653,17.704255,16.747196,16.073707,15.673745,15.523661,15.593119,15.840697,16.222541,16.694890,17.214880,17.744876,18.253993,18.720529,19.129048,19.474827,19.756673,19.982030,20.160116,20.303472,20.424992,20.535276,20.643866,20.751084,20.867717,20.999423,21.146583,21.306556,21.474984,21.646953,21.816027,21.977680,22.130851,22.275059,22.410368,22.535994,22.652460,22.760942,22.862251,22.958902,23.052833,23.145294,23.237431,23.330816,23.425181,23.520757,23.617093,23.713774,23.810183,23.905802,23.999400,24.090494,24.178763,24.264450,24.348104,24.429672,24.509630,24.588499,24.667021,24.745170,24.822917,24.900303,24.977418,25.053677,25.129234,25.203999,25.277764,25.350964,25.423120,25.494334,25.564956,25.635022,25.704477,25.773758,25.842777,25.911770,25.980164,26.048598,26.116234,26.183346,26.249274,26.313696,26.376686,26.437653,26.497023,26.554280,26.609417,26.664052,26.717315,26.771310,26.824961,26.878596,26.932643,26.986554,27.040028,27.093196,27.145709,27.196773,27.245635,27.292506,27.336392,27.378060,27.417408,27.453592,27.488184,27.520759,27.551858,27.582600,27.613673,27.645616,27.678857,27.714064,27.751382,27.790151,27.829552,27.869724,27.910135,27.949290,27.987744,28.023970,28.057984,28.088737,28.115970,28.138972,28.157440,28.171285,28.180345,28.184487,28.183261,28.176051,28.164787,28.147439,28.126762,28.099030,28.067941,28.025587,27.972701,27.905297,27.813250,27.689283,27.535349,27.334182,27.090769,26.790914,26.436260,26.021587,25.545875,25.014787,24.438724,23.815140,23.177545,22.527117,21.882254,21.279620,20.742142,20.274192,19.920445,19.679325,19.579564,19.628524,19.826015,20.175598,20.668676,21.291762,22.028186,22.852875,23.740264,24.663458,25.593371,26.504203,27.372546,28.177165,28.905563,29.546521,30.100442,30.568163,30.961291,31.291488,31.576756,31.837833,32.095322,32.369565,32.679455
0.248241,47.283172,46.603679,45.774734,44.781109,43.610767,42.255767,40.716234,38.999478,37.119187,35.102674,32.980981,30.795670,28.598019,26.436505,24.369172,22.445338,20.715641,19.217666,17.981187,17.023179,16.346767,15.942602,15.788149,15.851362,16.094148,16.472839,16.942153,17.460181,17.989823,18.499906,18.967827,19.378630,19.726393,20.011197,20.238126,20.418047,20.562626,20.684404,20.791807,20.893362,20.997467,21.113696,21.245676,21.392893,21.552317,21.720495,21.891818,22.060265,22.221444,22.374618,22.519166,22.654719,22.780960,22.898258,23.007452,23.110385,23.208153,23.302859,23.396552,23.490302,23.584305,23.679440,23.775188,23.871625,23.968258,24.064488,24.159594,24.252886,24.343484,24.431301,24.516762,24.600220,24.681732,24.761832,24.840879,24.919456,24.997560,25.075016,25.152053,25.228320,25.304266,25.379155,25.453272,25.526060,25.598319,25.669664,25.740311,25.810738,25.880885,25.950865,26.020726,26.090416,26.160180,26.229748,26.298931,26.367640,26.435281,26.501390,26.565567,26.627642,26.687739,26.745618,26.800879,26.853795,26.905630,26.957054,27.007380,27.058857,27.110542,27.162491,27.214337,27.266912,27.319466,27.371960,27.423418,27.473741,27.521728,27.567956,27.611476,27.652040,27.690640,27.726400,27.760505,27.792645,27.823876,27.855180,27.886782,27.919475,27.953215,27.988926,28.026491,28.064420,28.102471,28.141000,28.179158,28.215788,28.251507,28.284773,28.314800,28.341761,28.364233,28.382754,28.397003,28.406254,28.411117,28.410707,28.405755,28.396849,28.384356,28.367947,28.349439,28.325053,28.297292,28.256145,28.203325,28.125400,28.024756,27.885794,27.700575,27.467833,27.179803,26.826549,26.409084,25.925303,25.377771,24.769667,24.123341,23.436694,22.749409,22.059982,21.417952,20.823797,20.320836,19.931106,19.660329,19.540969,19.570723,19.763192,20.110336,20.606566,21.236728,21.979829,22.812952,23.706526,24.632628,25.562491,26.469272,27.329648,28.123124,28.837629,29.463918,30.000422,30.453697,30.831334,31.149254,31.424307,31.677849,31.930153,32.201862,32.511350
0.258794,47.319238,46.649425,45.831897,44.851424,43.695062,42.357090,40.834762,39.136938,37.276285,35.279777,33.177042,31.013173,28.831683,26.688857,24.635010,22.722871,21.002308,19.509900,18.277160,17.319727,16.642282,16.234787,16.076773,16.135427,16.374064,16.747575,17.213578,17.729394,18.257987,18.767845,19.236293,19.648657,19.997848,20.283658,20.512346,20.693170,20.838147,20.956669,21.059841,21.156606,21.260189,21.376957,21.509220,21.656020,21.814819,21.982327,22.152824,22.320034,22.480776,22.633566,22.778062,22.913645,23.039909,23.157625,23.267688,23.371249,23.470182,23.565961,23.660848,23.755380,23.850281,23.945644,24.041487,24.137744,24.234273,24.330217,24.424975,24.517700,24.607999,24.695383,24.780553,24.864057,24.945808,25.026102,25.105531,25.184142,25.262139,25.339424,25.416000,25.491635,25.566631,25.640849,25.713833,25.785702,25.856726,25.926798,25.996840,26.066858,26.136888,26.207043,26.277247,26.347614,26.417884,26.488484,26.558828,26.628177,26.696196,26.762331,26.826151,26.887747,26.946643,27.002534,27.055859,27.106854,27.156682,27.204956,27.252490,27.300908,27.350396,27.400011,27.450222,27.501566,27.553613,27.605710,27.657701,27.708627,27.758389,27.805749,27.850870,27.893587,27.933663,27.971120,28.005977,28.039109,28.070762,28.102056,28.133142,28.164495,28.197282,28.231162,28.265864,28.301633,28.338241,28.374036,28.410000,28.445441,28.478783,28.510420,28.539463,28.564408,28.585663,28.603258,28.615562,28.624027,28.627046,28.626377,28.621012,28.611887,28.600724,28.587544,28.572603,28.555575,28.533821,28.505732,28.461482,28.401819,28.314372,28.189355,28.024945,27.802808,27.524458,27.176180,26.758419,26.267591,25.706216,25.077478,24.402613,23.687593,22.950079,22.224883,21.539250,20.902440,20.364342,19.928343,19.635383,19.485378,19.502792,19.682078,20.026208,20.523322,21.157238,21.906366,22.745697,23.644314,24.573837,25.503696,26.407257,27.260221,28.044696,28.745852,29.358732,29.881339,30.319432,30.684744,30.990614,31.257140,31.503693,31.751824,32.021501,32.330901
0.269347,47.354575,46.694964,45.889192,44.921584,43.780937,42.459029,40.956184,39.276759,37.438539,35.461671,33.382517,31.237569,29.078493,26.951973,24.916178,23.018249,21.308422,19.825674,18.597552,17.643023,16.965736,16.557025,16.395232,16.450811,16.683776,17.053893,17.515122,18.028103,18.553626,19.062385,19.530594,19.943062,20.292736,20.579255,20.808397,20.989801,21.131805,21.246506,21.344609,21.441003,21.545568,21.662689,21.794697,21.941203,22.099513,22.265546,22.434769,22.601035,22.760279,22.912390,23.056421,23.191793,23.318035,23.435911,23.546174,23.650303,23.749937,23.846942,23.942350,24.037635,24.133045,24.228548,24.324150,24.420276,24.516261,24.611893,24.706333,24.798747,24.888484,24.975705,25.060765,25.144233,25.226345,25.307367,25.387024,25.465661,25.543556,25.620730,25.696573,25.771303,25.845444,25.918590,25.990594,26.061182,26.130376,26.199625,26.268577,26.337765,26.407492,26.477559,26.547788,26.618656,26.689820,26.761324,26.832235,26.902023,26.970338,27.036712,27.100447,27.160888,27.218686,27.273096,27.324980,27.373714,27.420129,27.466266,27.511077,27.557113,27.602891,27.650369,27.699424,27.749425,27.800262,27.852111,27.904253,27.956133,28.006623,28.055912,28.102666,28.146372,28.187949,28.226730,28.262898,28.296466,28.328321,28.359349,28.389626,28.420155,28.450663,28.482304,28.514821,28.548500,28.581551,28.615710,28.649353,28.681670,28.712940,28.742247,28.769295,28.791924,28.810873,28.826134,28.835584,28.841468,28.842249,28.837734,28.829820,28.819017,28.807014,28.793044,28.779329,28.764958,28.748930,28.725897,28.692994,28.642657,28.566142,28.457455,28.307057,28.099989,27.829590,27.487500,27.071298,26.575865,26.003582,25.357688,24.657898,23.912421,23.139961,22.375697,21.648771,20.976576,20.393399,19.921337,19.597021,19.421726,19.420528,19.588655,19.925548,20.420182,21.056167,21.809850,22.653647,23.556910,24.489391,25.419537,26.320276,27.168106,27.943338,28.634815,29.234431,29.744847,30.170419,30.523995,30.819913,31.078157,31.319176,31.563532,31.831697,32.141235
0.279899,47.388207,46.740470,45.946743,44.993420,43.867925,42.564510,41.080069,39.422302,37.605296,35.653427,33.595384,31.475844,29.336373,27.233468,25.214184,23.335218,21.639036,20.166192,18.945896,17.995391,17.319853,16.910033,16.746419,16.797371,17.026206,17.390663,17.848274,18.356004,18.879080,19.385206,19.851346,20.263184,20.612441,20.898840,21.128185,21.306222,21.444424,21.553989,21.651934,21.749883,21.855080,21.972700,22.104386,22.250284,22.407359,22.572701,22.740280,22.904416,23.062466,23.213700,23.356563,23.491406,23.617414,23.735162,23.845545,23.949969,24.050234,24.147629,24.243787,24.339229,24.434674,24.530052,24.625627,24.721110,24.816789,24.911752,25.005796,25.097670,25.187119,25.274385,25.359757,25.443372,25.525855,25.607152,25.687114,25.766000,25.843897,25.920652,25.995813,26.069862,26.142275,26.213857,26.284662,26.353560,26.421856,26.489159,26.556899,26.625337,26.694640,26.764156,26.834473,26.905740,26.977633,27.049821,27.121276,27.191757,27.260245,27.326654,27.390135,27.449981,27.506201,27.559560,27.608711,27.655285,27.700139,27.742803,27.785806,27.828054,27.872107,27.917205,27.963698,28.012531,28.062541,28.114044,28.166139,28.218372,28.270191,28.320310,28.368611,28.414379,28.457020,28.496779,28.533707,28.567625,28.599501,28.630044,28.659617,28.688482,28.717442,28.746749,28.777001,28.806722,28.837476,28.868984,28.899878,28.929522,28.958590,28.985422,29.008976,29.029385,29.045992,29.056686,29.063798,29.064642,29.062297,29.053202,29.041911,29.026950,29.009492,28.992991,28.978009,28.963113,28.947725,28.928546,28.900611,28.856914,28.792720,28.693848,28.555068,28.358034,28.097885,27.765038,27.349915,26.851755,26.271402,25.613574,24.886649,24.117120,23.313029,22.517796,21.741393,21.029878,20.408614,19.906124,19.550328,19.348799,19.327480,19.481254,19.809542,20.300514,20.936701,21.692769,22.540182,23.448087,24.382861,25.313876,26.212733,27.055726,27.824661,28.506245,29.096513,29.595123,30.009996,30.353245,30.640409,30.891709,31.127430,31.368853,31.635654,31.945385
0.290452,47.416641,46.783767,46.004834,45.066002,43.957732,42.672080,41.209501,39.574116,37.779846,35.851425,33.820856,31.723663,29.609753,27.530012,25.531775,23.671499,21.991226,20.530174,19.319530,18.375970,17.702979,17.293397,17.127478,17.174676,17.399480,17.758554,18.209331,18.713318,19.230719,19.733370,20.197579,20.607401,20.955471,21.239641,21.467018,21.639827,21.773395,21.883873,21.983142,22.082176,22.188224,22.305889,22.437503,22.582147,22.738191,22.901806,23.067649,23.230692,23.387106,23.536275,23.678360,23.811982,23.937579,24.055067,24.165502,24.270047,24.370488,24.468173,24.564489,24.660045,24.755101,24.850223,24.945180,25.040425,25.135113,25.229628,25.322820,25.414416,25.503841,25.591281,25.676933,25.761106,25.843836,25.925244,26.005525,26.084624,26.162419,26.238646,26.313268,26.385853,26.457409,26.526960,26.595973,26.663446,26.729636,26.795776,26.862226,26.929680,26.997664,27.066938,27.137273,27.208811,27.281138,27.353844,27.425949,27.496963,27.565863,27.632212,27.695220,27.754566,27.809747,27.861341,27.908406,27.953265,27.995549,28.035725,28.075541,28.116189,28.156969,28.200110,28.244898,28.291751,28.341173,28.392036,28.444214,28.496875,28.549115,28.600710,28.650284,28.696976,28.740994,28.781582,28.819059,28.853319,28.885035,28.915019,28.943621,28.971081,28.998514,29.025469,29.052434,29.079323,29.107201,29.136016,29.164095,29.191352,29.217076,29.241610,29.262443,29.280559,29.292735,29.300948,29.302304,29.300302,29.291126,29.277593,29.260736,29.238266,29.215782,29.193641,29.174397,29.156036,29.138064,29.118974,29.092967,29.054210,28.994597,28.906085,28.773779,28.589958,28.337071,28.010789,27.598674,27.099514,26.511044,25.839963,25.097265,24.303348,23.470523,22.636692,21.829231,21.085220,20.421772,19.888648,19.493234,19.271929,19.223537,19.362217,19.680881,20.168170,20.802258,21.559800,22.410024,23.321200,24.258704,25.190858,26.088735,26.928367,27.691249,28.365757,28.947111,29.436935,29.842218,30.175961,30.455639,30.700726,30.931922,31.170565,31.436197,31.746071
0.301005,47.439629,46.820996,46.059868,45.138940,44.048931,42.782910,41.341998,39.729258,37.961832,36.058397,34.054582,31.984026,29.896305,27.841498,25.865983,24.024624,22.363106,20.917215,19.716425,18.780230,18.110912,17.702162,17.534614,17.578571,17.796881,18.150150,18.596589,19.093198,19.606033,20.104203,20.564964,20.970970,21.317184,21.597844,21.817131,21.987412,22.121839,22.234009,22.335334,22.435286,22.541829,22.659621,22.790607,22.934787,23.089562,23.251011,23.415449,23.575835,23.730784,23.878557,24.018945,24.151544,24.276372,24.393381,24.503760,24.608411,24.708740,24.806263,24.902161,24.997486,25.092274,25.186539,25.280876,25.375432,25.469427,25.562966,25.655596,25.746861,25.836379,25.924158,26.010396,26.094895,26.177874,26.259670,26.340244,26.419483,26.497180,26.573021,26.646380,26.717876,26.787796,26.855904,26.922348,26.987990,27.052789,27.117652,27.182263,27.248364,27.315424,27.384305,27.454477,27.526054,27.598733,27.671808,27.744420,27.815871,27.885132,27.951644,28.014499,28.072965,28.127479,28.176930,28.222776,28.264813,28.305252,28.343042,28.380874,28.418262,28.457172,28.498131,28.541077,28.586380,28.634754,28.685155,28.737261,28.790106,28.843050,28.895391,28.945966,28.993831,29.038806,29.080101,29.117956,29.152347,29.184005,29.213162,29.240620,29.267094,29.291812,29.316406,29.341285,29.366114,29.391257,29.416219,29.441640,29.466864,29.490120,29.512206,29.530399,29.545665,29.554567,29.558826,29.555471,29.548310,29.534696,29.515267,29.488996,29.461851,29.429586,29.399473,29.373475,29.347197,29.326621,29.304040,29.275803,29.238099,29.181823,29.097100,28.972242,28.795431,28.551641,28.230110,27.821781,27.321368,26.727843,26.048134,25.290682,24.469588,23.613972,22.753891,21.912912,21.123782,20.434324,19.862311,19.435837,19.184209,19.119205,19.238429,19.546704,20.025114,20.657435,21.414826,22.267462,23.181006,24.121256,25.054740,25.952231,26.789480,27.548424,28.217095,28.791291,29.272585,29.669906,29.996220,30.269112,30.508662,30.735805,30.971826,31.236215,31.546048
0.311558,47.465889,46.854408,46.107382,45.207436,44.138570,42.895713,41.476482,39.888973,38.146614,36.273077,34.296161,32.253587,30.195012,28.163308,26.215069,24.393623,22.750583,21.318803,20.131363,19.202486,18.538080,18.130599,17.961104,18.001719,18.214542,18.562414,19.001497,19.491786,19.998753,20.491357,20.947853,21.349256,21.686650,21.960622,22.178477,22.349650,22.487039,22.600834,22.703357,22.804446,22.911382,23.029098,23.159737,23.302579,23.455870,23.616275,23.777651,23.936662,24.089156,24.235580,24.374649,24.506255,24.630374,24.746832,24.856604,24.961062,25.061189,25.157999,25.253465,25.347870,25.442162,25.535640,25.629391,25.722588,25.815653,25.908670,26.000916,26.091957,26.181503,26.269601,26.356244,26.441082,26.524682,26.606943,26.687810,26.767050,26.844592,26.919604,26.992335,27.062457,27.130000,27.196537,27.261463,27.324797,27.388083,27.450370,27.513970,27.578542,27.645158,27.713141,27.783060,27.854594,27.927434,28.000766,28.074017,28.145772,28.215384,28.282012,28.344602,28.402655,28.455558,28.504117,28.547926,28.588797,28.626231,28.662570,28.697302,28.732882,28.769896,28.808270,28.849570,28.893954,28.940895,28.990716,29.042674,29.095844,29.149219,29.202024,29.253504,29.302281,29.348055,29.390000,29.428329,29.462787,29.493984,29.522540,29.549111,29.573282,29.596471,29.619467,29.641578,29.664114,29.686833,29.710036,29.732984,29.755244,29.776549,29.795775,29.812462,29.823966,29.830488,29.830952,29.823920,29.809352,29.791112,29.763834,29.732816,29.695490,29.653444,29.615747,29.576492,29.545150,29.513785,29.485469,29.455027,29.413791,29.357872,29.274983,29.153691,28.981399,28.743242,28.426120,28.021239,27.521192,26.924573,26.234097,25.464280,24.624655,23.745360,22.857012,21.984811,21.162660,20.434655,19.834015,19.376844,19.101119,19.007479,19.113293,19.406863,19.876966,20.504953,21.262094,22.116030,23.032013,23.974505,24.909471,25.807503,26.643468,27.399223,28.063470,28.631510,29.106805,29.497117,29.816935,30.083988,30.318345,30.541733,30.775088,31.037906,31.347391
0.322111,47.495392,46.892082,46.154625,45.268649,44.221616,43.003707,41.611990,40.051354,38.335569,36.490546,34.541278,32.530963,30.499374,28.494797,26.571621,24.772538,23.147357,21.733527,20.556198,19.635913,18.976673,18.570903,18.400657,18.436469,18.645243,18.984951,19.417936,19.901106,20.400772,20.888238,21.334365,21.726786,22.058521,22.331398,22.549873,22.723625,22.862375,22.978528,23.082331,23.184046,23.291402,23.409132,23.538859,23.681064,23.832987,23.990625,24.150239,24.307065,24.458005,24.602668,24.740675,24.871674,24.994744,25.110725,25.219649,25.323338,25.422906,25.519394,25.613845,25.707349,25.800336,25.893176,25.985517,26.078161,26.170422,26.262690,26.354656,26.445625,26.535078,26.623324,26.710313,26.795777,26.879931,26.962545,27.043722,27.122822,27.199927,27.274165,27.345931,27.414370,27.480906,27.544773,27.608023,27.669093,27.730309,27.790944,27.852844,27.916692,27.982170,28.049778,28.119290,28.190741,28.263654,28.337303,28.410782,28.483053,28.552799,28.619273,28.681706,28.739281,28.791544,28.838427,28.881285,28.919902,28.955832,28.989600,29.022876,29.055929,29.091147,29.127878,29.167904,29.210554,29.256684,29.305760,29.357424,29.410488,29.464267,29.517657,29.569690,29.619480,29.665718,29.708107,29.746704,29.781345,29.812100,29.839721,29.865140,29.887854,29.909680,29.930350,29.951408,29.972124,29.993061,30.013637,30.034834,30.055167,30.074770,30.091402,30.105424,30.115463,30.119273,30.115490,30.104149,30.085078,30.060787,30.028128,29.986142,29.941118,29.890736,29.837764,29.789437,29.745504,29.708499,29.669145,29.632268,29.585387,29.526831,29.442350,29.322524,29.151991,28.917198,28.604669,28.202279,27.702280,27.102238,26.406406,25.621608,24.770002,23.866969,22.952939,22.047828,21.202914,20.438517,19.805793,19.322306,19.012595,18.901677,18.984130,19.264326,19.727509,20.350107,21.104926,21.959616,22.877747,23.822542,24.759281,25.658027,26.493768,27.247759,27.908335,28.472016,28.941523,29.326368,29.640690,29.902242,30.132236,30.351802,30.582432,30.843362,31.151835
0.332663,47.527275,46.932665,46.205991,45.332446,44.301036,43.103582,41.737867,40.207332,38.524111,36.706909,34.791071,32.809411,30.805491,28.832052,26.932804,25.156601,23.552205,22.151820,20.988282,20.075424,19.420841,19.016366,18.844357,18.876285,19.079498,19.413413,19.835849,20.313299,20.803655,21.277589,21.715803,22.103883,22.434595,22.707708,22.927616,23.102360,23.243175,23.360720,23.465710,23.568504,23.676108,23.793580,23.922832,24.063185,24.213711,24.369500,24.527430,24.682005,24.831806,24.975294,25.112341,25.242452,25.364850,25.479637,25.588068,25.690836,25.789162,25.884661,25.978197,26.070694,26.162589,26.253670,26.345265,26.437170,26.528865,26.620746,26.712230,26.802852,26.892326,26.980729,27.068241,27.154254,27.238861,27.321853,27.403030,27.482014,27.558360,27.632166,27.702354,27.769956,27.834190,27.896891,27.957026,28.016738,28.075307,28.134997,28.195448,28.257638,28.322567,28.389573,28.458982,28.530450,28.603398,28.677118,28.750896,28.823313,28.893094,28.959447,29.021663,29.078746,29.130494,29.176652,29.217756,29.255432,29.289274,29.321465,29.352488,29.383890,29.417534,29.452737,29.491103,29.533088,29.578248,29.626519,29.677417,29.730499,29.784557,29.838432,29.890979,29.941156,29.987851,30.030773,30.069357,30.103940,30.134350,30.161236,30.185194,30.206930,30.227242,30.246967,30.266146,30.285828,30.305568,30.325046,30.344178,30.363400,30.380812,30.395835,30.408327,30.415658,30.417188,30.411791,30.397193,30.373543,30.340409,30.302381,30.252506,30.197941,30.136648,30.071771,30.013808,29.957527,29.903740,29.858225,29.807696,29.756703,29.690048,29.603885,29.481372,29.311721,29.078133,28.767425,28.366788,27.867396,27.265185,26.563548,25.770465,24.900489,23.980974,23.043320,22.112104,21.237807,20.447211,19.776135,19.263748,18.933975,18.794021,18.859716,19.125047,19.578235,20.194215,20.947304,21.801742,22.721174,23.668063,24.607405,25.507441,26.343396,27.096277,27.754664,28.314624,28.779907,29.159859,29.468934,29.726112,29.951740,30.167740,30.395135,30.653692,30.960589
0.343216,47.560628,46.975329,46.259705,45.399743,44.384005,43.203931,41.859544,40.353130,38.700260,36.918394,35.032552,33.084442,31.110993,29.166697,27.292308,25.542608,23.955040,22.572727,21.419322,20.515414,19.864330,19.459822,19.285427,19.312639,19.506800,19.833479,20.245783,20.710173,21.190071,21.658896,22.094243,22.480587,22.810999,23.084493,23.305088,23.480896,23.622768,23.741511,23.847676,23.950925,24.058667,24.175773,24.304038,24.443518,24.592369,24.746847,24.902989,25.056778,25.205578,25.348239,25.484142,25.613171,25.734650,25.848747,25.955772,26.057521,26.155292,26.249298,26.341577,26.432655,26.522885,26.613390,26.704117,26.795079,26.886360,26.977673,27.068780,27.159018,27.248517,27.337199,27.424944,27.511542,27.596384,27.679590,27.760717,27.839308,27.915357,27.987976,28.057311,28.123359,28.185779,28.246551,28.304778,28.362685,28.419816,28.477161,28.536524,28.597605,28.661755,28.728397,28.797614,28.869136,28.942293,29.016176,29.089992,29.162462,29.232284,29.298475,29.360311,29.417157,29.467988,29.513589,29.553939,29.589785,29.622427,29.653046,29.682718,29.713018,29.744591,29.778926,29.815764,29.856607,29.900891,29.948463,29.999070,30.052045,30.106150,30.160165,30.212916,30.263257,30.310491,30.353675,30.392164,30.426514,30.456620,30.483225,30.506630,30.527189,30.546409,30.564961,30.583453,30.601900,30.620693,30.639430,30.657949,30.675668,30.692084,30.706096,30.716598,30.722961,30.722768,30.714315,30.697399,30.669405,30.630205,30.585211,30.529213,30.461721,30.389154,30.316931,30.240345,30.170529,30.109058,30.048395,29.986280,29.926181,29.851416,29.760169,29.634504,29.461734,29.228567,28.918255,28.518281,28.018856,27.415341,26.707949,25.906006,25.026992,24.088986,23.130270,22.178487,21.273599,20.450766,19.758196,19.217132,18.857592,18.694271,18.742421,18.991780,19.431196,20.041349,20.790829,21.644781,22.565375,23.514537,24.455975,25.358032,26.195004,26.947339,27.604025,28.161539,28.623072,28.998892,29.303738,29.556275,29.777923,29.990013,30.214037,30.469747,30.774462
0.353769,47.594854,47.019022,46.315216,45.469112,44.468796,43.307913,41.983632,40.500007,38.871830,37.115121,35.262222,33.343325,31.405734,29.488950,27.644285,25.918518,24.352305,22.983544,21.843454,20.945888,20.298087,19.893141,19.712265,19.731542,19.916732,20.230236,20.635813,21.092171,21.568412,22.033253,22.465108,22.850360,23.179980,23.453511,23.674554,23.851613,23.994460,24.113726,24.220659,24.324133,24.431812,24.548668,24.676542,24.815550,24.963160,25.116681,25.272214,25.425169,25.572692,25.714373,25.849796,25.977343,26.097724,26.210883,26.316728,26.417250,26.513429,26.606670,26.697529,26.787457,26.876842,26.966243,27.056229,27.146466,27.237369,27.328194,27.418616,27.508661,27.598150,27.686974,27.774967,27.861646,27.946755,28.030133,28.111181,28.189369,28.264518,28.336552,28.404534,28.469208,28.530357,28.588639,28.645797,28.701234,28.756865,28.813393,28.871247,28.931719,28.994914,29.061388,29.130574,29.202057,29.275214,29.349255,29.423252,29.495899,29.565681,29.631451,29.693079,29.749322,29.799764,29.844257,29.884012,29.919007,29.950785,29.979907,30.008410,30.037668,30.068256,30.100871,30.137087,30.176625,30.220143,30.267294,30.317544,30.370169,30.424259,30.478294,30.530975,30.581284,30.628562,30.671913,30.710979,30.745333,30.775271,30.801455,30.824316,30.844559,30.863038,30.880900,30.898616,30.916488,30.934736,30.953155,30.971619,30.989066,31.005059,31.018345,31.028143,31.033052,31.030797,31.021002,31.001295,30.969295,30.926616,30.871978,30.808387,30.735567,30.650398,30.565709,30.475530,30.394600,30.312572,30.241452,30.169257,30.092896,30.010958,29.911073,29.781734,29.605299,29.370597,29.059385,28.659456,28.159361,27.553705,26.842800,26.035154,25.143049,24.194510,23.212398,22.238219,21.308142,20.465493,19.737847,19.172997,18.787673,18.601076,18.629506,18.862961,19.290571,19.893627,20.638084,21.490763,22.412042,23.363003,24.307127,25.211378,26.049523,26.802394,27.458311,28.013713,28.472493,28.844674,29.145356,29.393845,29.611017,29.819255,30.039546,30.292088,30.594466
0.364322,47.629446,47.063322,46.371184,45.538884,44.554658,43.412373,42.108229,40.649149,39.043934,37.315854,35.487433,33.598654,31.684980,29.797073,27.976982,26.272670,24.725197,23.374380,22.243854,21.353822,20.707947,20.301685,20.118203,20.131405,20.310342,20.618647,21.015283,21.465647,21.935068,22.395074,22.824150,23.206425,23.534653,23.807673,24.029467,24.206989,24.350859,24.471898,24.579622,24.684244,24.793044,24.910125,25.037929,25.176325,25.323603,25.476154,25.630521,25.782927,25.929375,26.070203,26.204331,26.330750,26.449952,26.561783,26.666446,26.765830,26.861167,26.952916,27.042996,27.131907,27.220425,27.309046,27.398075,27.487772,27.578173,27.668347,27.758527,27.848262,27.937754,28.026476,28.114479,28.201236,28.286259,28.369494,28.450176,28.527754,28.602200,28.673245,28.740320,28.803276,28.862951,28.920368,28.975240,29.029736,29.083964,29.139115,29.196397,29.256023,29.318888,29.385093,29.454270,29.525784,29.599040,29.673186,29.747196,29.819697,29.889341,29.954840,30.016061,30.071776,30.121725,30.165537,30.204599,30.238973,30.269580,30.298036,30.325860,30.354079,30.383420,30.415462,30.450439,30.489172,30.532045,30.578768,30.628398,30.680604,30.734344,30.788282,30.840902,30.891235,30.938490,30.982014,31.021192,31.055694,31.085734,31.111910,31.134586,31.154430,31.172690,31.190308,31.207755,31.225527,31.243644,31.262213,31.280922,31.298886,31.315195,31.328580,31.337895,31.341718,31.338185,31.326262,31.304129,31.270242,31.222371,31.163805,31.091713,31.010197,30.917003,30.815194,30.717138,30.615644,30.525127,30.432901,30.347417,30.264412,30.168998,30.062258,29.923200,29.744240,29.504830,29.192816,28.791409,28.290720,27.683630,26.969720,26.154824,25.256356,24.292049,23.298072,22.301791,21.351751,20.477244,19.729846,19.132101,18.724847,18.515312,18.523834,18.739474,19.157584,19.750034,20.490640,21.340645,22.262273,23.214852,24.161394,25.068275,25.908352,26.662058,27.317796,27.871924,28.328157,28.697157,28.994121,29.238214,29.451286,29.654998,29.871649,30.120915,30.420765
0.374874,47.664068,47.107683,46.426872,45.608254,44.640711,43.516058,42.233921,40.796212,39.217644,37.513328,35.714229,33.849847,31.964219,30.101635,28.304999,26.620323,25.093245,23.754662,22.636173,21.752051,21.109749,20.703282,20.516968,20.526602,20.698692,20.999126,21.389453,21.833644,22.296634,22.751406,23.175555,23.555654,23.882716,24.155536,24.377552,24.556916,24.702380,24.824467,24.934398,25.040177,25.149936,25.267510,25.395172,25.533474,25.679581,25.831352,25.984982,26.136290,26.281516,26.420991,26.554346,26.679787,26.797966,26.908159,27.012164,27.110483,27.204271,27.295232,27.384499,27.472453,27.559879,27.647757,27.736369,27.825522,27.915137,28.005118,28.094686,28.184086,28.273330,28.361796,28.449674,28.536188,28.621057,28.703560,28.783629,28.860827,28.934265,29.003842,29.070124,29.132065,29.190498,29.246512,29.300349,29.352927,29.406272,29.460728,29.517470,29.576577,29.638940,29.705063,29.774203,29.845686,29.918962,29.993107,30.067009,30.139165,30.208325,30.273651,30.334004,30.389269,30.438278,30.481806,30.519940,30.553745,30.583844,30.611553,30.638293,30.665791,30.694199,30.725173,30.759101,30.797419,30.839574,30.885318,30.934606,30.985979,31.039180,31.092391,31.144697,31.194672,31.241628,31.284944,31.323850,31.358317,31.388211,31.414088,31.436563,31.456267,31.474497,31.492026,31.509402,31.527176,31.545407,31.564500,31.583467,31.601784,31.618341,31.632078,31.641614,31.644932,31.640797,31.626372,31.601569,31.564675,31.515193,31.450246,31.374248,31.281781,31.180183,31.066935,30.955936,30.843381,30.731415,30.630996,30.531284,30.429377,30.327619,30.206420,30.061502,29.876850,29.634016,29.318296,28.915967,28.414373,27.805877,27.088768,26.270279,25.361927,24.388215,23.379671,22.368086,21.391439,20.499420,19.720798,19.104217,18.666456,18.439708,18.423778,18.626786,19.030313,19.613339,20.347749,21.195864,22.116725,23.070687,24.019527,24.928774,25.771438,26.526367,27.182479,27.735689,28.189982,28.556158,28.849405,29.089507,29.297859,29.497558,29.710189,29.956190,30.253248
0.385427,47.698430,47.151527,46.482401,45.677230,44.725324,43.619285,42.357021,40.943411,39.387274,37.710673,35.935550,34.100499,32.241000,30.400288,28.626584,26.964847,25.452590,24.129817,23.019907,22.142920,21.503098,21.096328,20.907698,20.911176,21.078541,21.372121,21.755326,22.190993,22.648228,23.098384,23.519884,23.897252,24.223538,24.496351,24.719806,24.900515,25.047502,25.172343,25.283383,25.391179,25.501564,25.619592,25.747062,25.884766,26.030240,26.180681,26.333279,26.483468,26.628137,26.766460,26.898106,27.022623,27.139632,27.249287,27.352045,27.449608,27.542650,27.632714,27.720702,27.807953,27.894882,27.982260,28.070084,28.158843,28.247830,28.337216,28.426114,28.515276,28.603947,28.692305,28.779542,28.865875,28.950089,29.031855,29.111408,29.187187,29.259798,29.328320,29.393287,29.454670,29.512221,29.566701,29.619644,29.671359,29.723911,29.777980,29.834073,29.892924,29.955246,30.021284,30.090390,30.161902,30.235183,30.309318,30.382672,30.454162,30.522927,30.587907,30.647745,30.701842,30.750483,30.793282,30.831138,30.864280,30.893863,30.921124,30.947166,30.973866,31.001503,31.031648,31.065058,31.102246,31.143805,31.188733,31.237280,31.288120,31.340152,31.392974,31.444450,31.494057,31.540519,31.583453,31.622183,31.656465,31.686290,31.712121,31.734589,31.754345,31.772858,31.790454,31.808059,31.826088,31.844891,31.864153,31.883453,31.901995,31.918765,31.932434,31.941675,31.944142,31.938572,31.922563,31.894851,31.854162,31.798172,31.730687,31.646961,31.551060,31.437180,31.317447,31.188636,31.062270,30.942315,30.820596,30.709887,30.594420,30.480425,30.348569,30.196627,30.002585,29.756491,29.438320,29.034163,28.531352,27.921918,27.202952,26.379151,25.465853,24.481506,23.459884,22.429677,21.438827,20.519380,19.720201,19.079144,18.617814,18.368728,18.332965,18.519365,18.908097,19.483424,20.211014,21.054878,21.975247,22.930424,23.881249,24.793507,25.638330,26.395281,27.051987,27.604697,28.057700,28.421320,28.711366,28.947361,29.151726,29.347176,29.555861,29.798319,30.092493
0.395980,47.732306,47.194837,46.536995,45.745692,44.809559,43.721120,42.478982,41.086725,39.555144,37.903615,36.154440,34.343907,32.511200,30.695977,28.944417,27.300911,25.805208,24.495480,23.395094,22.523764,21.886216,21.479086,21.286440,21.286143,21.446513,21.733260,22.108667,22.539467,22.990456,23.436481,23.854316,24.230276,24.556095,24.829620,25.054220,25.236357,25.385846,25.512500,25.626207,25.734915,25.846330,25.964495,26.091744,26.228225,26.372927,26.522366,26.674186,26.823152,26.966156,27.103256,27.234234,27.357628,27.473511,27.582129,27.684324,27.781182,27.873430,27.962976,28.050398,28.137118,28.223551,28.310220,28.397770,28.485883,28.574590,28.662964,28.751593,28.839814,28.928007,29.015773,29.102575,29.187760,29.271191,29.352271,29.430828,29.505812,29.576901,29.644576,29.708718,29.768707,29.825588,29.879646,29.931609,29.983000,30.035098,30.088853,30.144837,30.203814,30.266184,30.332113,30.401177,30.472674,30.545929,30.619730,30.692873,30.763565,30.831753,30.895638,30.954895,31.008395,31.056166,31.098619,31.136104,31.168958,31.198133,31.224890,31.250591,31.276346,31.303498,31.333054,31.365790,31.402389,31.442767,31.487245,31.534585,31.584790,31.635825,31.687793,31.738515,31.787268,31.833494,31.876123,31.914686,31.948870,31.978714,32.004665,32.027295,32.047711,32.066586,32.084786,32.102593,32.121162,32.140653,32.160757,32.180477,32.199423,32.216491,32.230485,32.239381,32.241365,32.233859,32.215350,32.184062,32.138897,32.079903,32.003082,31.915606,31.809269,31.688921,31.556874,31.421400,31.281950,31.141520,31.012012,30.880692,30.754739,30.628459,30.487905,30.324826,30.125162,29.872020,29.551217,29.145670,28.642268,28.031568,27.310733,26.484354,25.564053,24.573599,23.537482,22.494397,21.485367,20.545656,19.726887,19.056657,18.575079,18.304013,18.250430,18.417610,18.793887,19.356419,20.077139,20.917889,21.836835,22.792924,23.746159,24.661028,25.508411,26.267522,26.925239,27.478426,27.930586,28.292350,28.579668,28.812210,29.012715,29.204152,29.408856,29.647854,29.938824
0.406533,47.765721,47.237729,46.591089,45.812986,44.892277,43.821499,42.599675,41.228466,39.721243,38.092125,36.370578,34.584084,32.774649,30.984201,29.254183,27.629501,26.149652,24.851519,23.761251,22.894352,22.258912,21.850723,21.655289,21.648773,21.803586,22.083606,22.452267,22.876798,23.323157,23.764338,24.180155,24.554715,24.880221,25.154647,25.381196,25.565278,25.717071,25.846237,25.961243,26.071680,26.183603,26.301654,26.428443,26.564055,26.707061,26.855928,27.005882,27.153834,27.295436,27.431329,27.560944,27.683007,27.798188,27.906168,28.007958,28.104070,28.196075,28.285319,28.372600,28.458915,28.545063,28.631449,28.718336,28.806227,28.894036,28.982025,29.069644,29.157238,29.244731,29.331269,29.417224,29.501987,29.584306,29.664177,29.740957,29.815112,29.885175,29.951951,30.014503,30.074030,30.130239,30.183850,30.235618,30.286986,30.339237,30.392886,30.449052,30.508190,30.570887,30.636808,30.705791,30.777279,30.850308,30.923953,30.996291,31.066620,31.133451,31.196846,31.254896,31.307868,31.354988,31.397056,31.433879,31.466515,31.495539,31.522086,31.547347,31.572719,31.599414,31.628244,31.660316,31.696338,31.736138,31.779497,31.826301,31.874859,31.925373,31.976101,32.025860,32.074056,32.119423,32.161919,32.200377,32.234537,32.264483,32.290592,32.314066,32.335177,32.354737,32.373302,32.392286,32.411484,32.431801,32.452259,32.472634,32.492049,32.509776,32.523913,32.532666,32.533614,32.525041,32.504489,32.470840,32.421638,32.354848,32.272771,32.177782,32.065332,31.936407,31.794375,31.641682,31.488740,31.337644,31.194101,31.048687,30.912225,30.767930,30.616911,30.446801,30.238473,29.982616,29.657938,29.251038,28.746518,28.135201,27.413266,26.583994,25.660360,24.660991,23.615922,22.561333,21.531474,20.577501,19.732050,19.041972,18.540145,18.242011,18.168664,18.320466,18.682347,19.234737,19.947345,20.782962,21.700269,22.657130,23.612363,24.530134,25.380375,26.141954,26.801935,27.356096,27.808259,28.168826,28.453801,28.683529,28.880551,29.068172,29.269111,29.504508,29.792063
0.417085,47.798740,47.279985,46.644600,45.879234,44.973645,43.920985,42.717481,41.368974,39.882965,38.279852,36.580589,34.821352,33.036067,31.265680,29.556506,27.950186,26.487589,25.200280,24.118223,23.256309,22.622375,22.212520,22.013974,22.003070,22.150161,22.423517,22.786521,23.205201,23.646234,24.084704,24.497744,24.871593,25.197674,25.473144,25.701349,25.888518,26.042465,26.172960,26.290056,26.401434,26.513887,26.631803,26.757498,26.892066,27.033947,27.181072,27.329310,27.475393,27.615701,27.750491,27.878221,27.999701,28.113854,28.221476,28.322789,28.418746,28.510593,28.599847,28.687140,28.773514,28.859543,28.945748,29.032549,29.119662,29.206939,29.293760,29.380675,29.467340,29.553740,29.639152,29.724428,29.807194,29.888169,29.966605,30.042720,30.115019,30.184532,30.249795,30.311759,30.370378,30.426321,30.479678,30.531662,30.583418,30.636099,30.689911,30.746575,30.806178,30.869285,30.935403,31.004367,31.075636,31.148514,31.221639,31.293323,31.362809,31.428892,31.490777,31.548156,31.600231,31.646826,31.688267,31.724558,31.756927,31.785866,31.812305,31.837441,31.862513,31.888871,31.917276,31.948910,31.983807,32.022848,32.065763,32.111004,32.158952,32.207735,32.257561,32.306224,32.353519,32.398563,32.440363,32.478805,32.513203,32.543247,32.570024,32.593850,32.615977,32.636177,32.655987,32.675994,32.696165,32.716972,32.738062,32.759060,32.778873,32.796940,32.811261,32.819592,32.819821,32.809775,32.787706,32.749512,32.695647,32.624673,32.536327,32.433889,32.311515,32.175209,32.020045,31.858071,31.695267,31.530422,31.366141,31.213017,31.056772,30.905604,30.740893,30.561530,30.347499,30.085172,29.757525,29.349140,28.844064,28.232853,27.510423,26.679627,25.752528,24.747486,23.694800,22.624935,21.583624,20.606820,19.746062,19.034060,18.506922,18.186995,18.095480,18.224828,18.571974,19.113155,19.818701,20.649086,21.565006,22.522006,23.479080,24.399621,25.253686,26.018393,26.681039,27.237086,27.689685,28.049444,28.332925,28.560282,28.754288,28.938525,29.135969,29.367680,29.651814
0.427638,47.831357,47.321815,46.697304,45.945066,45.054888,44.018549,42.834703,41.506402,40.044568,38.464137,36.789017,35.053989,33.290956,31.545497,29.855177,28.267615,26.817696,25.542531,24.467818,23.610803,22.978244,22.567044,22.364947,22.348144,22.490689,22.756670,23.114165,23.526058,23.963725,24.398160,24.809657,25.182842,25.509265,25.786938,26.016967,26.206631,26.362436,26.495235,26.613301,26.725624,26.838446,26.956187,27.080951,27.213305,27.353291,27.498944,27.645138,27.789622,27.928116,28.060538,28.187355,28.307794,28.421546,28.528611,28.629771,28.725908,28.817907,28.907158,28.994785,29.081642,29.167882,29.254084,29.340492,29.426854,29.513564,29.599541,29.685708,29.771163,29.855602,29.940399,30.023266,30.105198,30.184271,30.261343,30.336033,30.407027,30.475415,30.539853,30.600751,30.659044,30.714753,30.768408,30.820646,30.873208,30.926382,30.980861,31.038324,31.098464,31.162065,31.228371,31.297333,31.368532,31.441016,31.513279,31.584570,31.652626,31.717819,31.778563,31.835240,31.886463,31.932374,31.972952,32.008978,32.040890,32.069702,32.096110,32.121246,32.146267,32.172291,32.200500,32.231349,32.265835,32.303774,32.345745,32.389776,32.436112,32.484240,32.532263,32.580339,32.626610,32.670636,32.712066,32.750462,32.784967,32.815544,32.842610,32.867402,32.890531,32.911735,32.932848,32.953599,32.974379,32.995854,33.017695,33.038918,33.059161,33.077331,33.091651,33.099218,33.098752,33.087188,33.061438,33.020591,32.962535,32.887786,32.793566,32.680289,32.551722,32.406479,32.243414,32.069815,31.888141,31.712759,31.534336,31.366984,31.197156,31.033357,30.859734,30.667246,30.446612,30.179861,29.850405,29.440104,28.935289,28.324572,27.602566,26.771140,25.841145,24.832516,23.770194,22.690508,21.634612,20.642862,19.757550,19.026541,18.474358,18.137678,18.022804,18.133495,18.466451,18.995055,19.690219,20.515904,21.429187,22.386362,23.345497,24.269289,25.126789,25.895753,26.561380,27.119859,27.573682,27.933698,28.216184,28.441753,28.633119,28.814352,29.008508,29.236709,29.517347
0.438191,47.863432,47.363142,46.749904,46.010685,45.134963,44.116517,42.951837,41.643626,40.203024,38.646805,36.995645,35.283203,33.545937,31.819774,30.150498,28.580181,27.144528,25.880295,24.813560,23.960325,23.329072,22.916740,22.710150,22.688754,22.825233,23.085535,23.435519,23.842914,24.276414,24.708088,25.117647,25.490561,25.817888,26.096967,26.329906,26.521175,26.679925,26.814158,26.933383,27.046168,27.158682,27.275556,27.399375,27.529942,27.668285,27.810215,27.955057,28.096834,28.233371,28.363948,28.489669,28.609093,28.721960,28.828842,28.930097,29.026249,29.118746,29.208702,29.296740,29.384133,29.470960,29.557347,29.643747,29.729688,29.815034,29.900245,29.985181,30.069262,30.152553,30.234511,30.316460,30.395588,30.473818,30.549084,30.622441,30.692484,30.759072,30.822665,30.883268,30.941204,30.996984,31.050784,31.103889,31.157344,31.211108,31.267165,31.325106,31.386061,31.450118,31.516706,31.585761,31.656585,31.728532,31.800451,31.870278,31.937785,32.001229,32.061399,32.116459,32.167090,32.212069,32.252260,32.287846,32.319551,32.348236,32.374485,32.399683,32.424871,32.450777,32.478396,32.508998,32.542562,32.580029,32.620482,32.663488,32.708456,32.754480,32.801456,32.848288,32.893423,32.937156,32.977941,33.016083,33.050675,33.081551,33.109672,33.135130,33.159283,33.181572,33.203451,33.225146,33.247098,33.268986,33.291089,33.312598,33.332948,33.350692,33.364504,33.371209,33.368525,33.355373,33.326782,33.283426,33.221329,33.138836,33.039907,32.919313,32.784763,32.626203,32.452485,32.269930,32.078829,31.883991,31.697951,31.510161,31.332923,31.151064,30.966826,30.769246,30.539775,30.268905,29.935195,29.524457,29.019889,28.410058,27.689074,26.858200,25.926958,24.913612,23.846223,22.756912,21.684290,20.675580,19.775885,19.021100,18.446879,18.088027,17.949797,18.045744,18.358928,18.875017,19.562890,20.382175,21.291878,22.248868,23.209973,24.137029,24.999283,25.772184,26.442140,27.003568,27.459487,27.820213,28.102569,28.326690,28.516105,28.694800,28.885831,29.110759,29.388009
0.448744,47.895021,47.404152,46.802101,46.075685,45.215545,44.213284,43.067371,41.781215,40.361850,38.828900,37.202718,35.512739,33.797027,32.095010,30.444089,28.890828,27.469222,26.216514,25.156462,24.307358,23.677294,23.263504,23.053308,23.027480,23.156373,23.411190,23.756022,24.158282,24.586883,25.016263,25.424470,25.797143,26.125739,26.406321,26.641375,26.834843,26.995381,27.131388,27.251905,27.364706,27.476731,27.592731,27.714627,27.843592,27.978192,28.118493,28.259058,28.398497,28.533397,28.662008,28.786274,28.904502,29.016931,29.123542,29.225046,29.321616,29.414748,29.505290,29.594545,29.682679,29.769848,29.856713,29.942947,30.028543,30.113066,30.197396,30.280184,30.362559,30.444468,30.524907,30.603612,30.681810,30.757096,30.831558,30.902752,30.972014,31.037799,31.100695,31.160722,31.218563,31.274391,31.329091,31.383109,31.437053,31.492553,31.549162,31.608609,31.670248,31.734534,31.801548,31.870667,31.941345,32.012701,32.083220,32.152229,32.218571,32.280875,32.339894,32.394164,32.443242,32.487668,32.527446,32.562682,32.594212,32.622646,32.648834,32.674100,32.699333,32.725248,32.752697,32.782476,32.815734,32.851690,32.890740,32.932626,32.976172,33.020660,33.066142,33.111813,33.156154,33.198580,33.239041,33.276912,33.311529,33.343007,33.371482,33.398080,33.422951,33.446370,33.469435,33.491702,33.514289,33.536640,33.558848,33.580372,33.600097,33.617409,33.629227,33.634968,33.630735,33.613629,33.582539,33.535578,33.467807,33.382660,33.274288,33.150032,33.003425,32.838100,32.656866,32.457700,32.257322,32.049410,31.849739,31.648376,31.457767,31.263575,31.070593,30.859909,30.626411,30.348452,30.013454,29.601254,29.097202,28.489446,27.770011,26.940144,26.008532,24.992721,23.918119,22.819154,21.737265,20.713142,19.790219,19.014806,18.423940,18.037784,17.883048,17.955152,18.255076,18.757128,19.432487,20.246041,21.152615,22.108823,23.071830,24.002952,24.869198,25.647478,26.321669,26.887201,27.345843,27.708113,27.990718,28.214205,28.402224,28.578688,28.767073,28.988999,29.263207
0.459296,47.926131,47.444853,46.853913,46.141092,45.295361,44.310991,43.184176,41.917440,40.521930,39.010174,37.407472,35.743504,34.049277,32.368751,30.738700,29.200206,27.794617,26.551238,25.499243,24.654187,24.025267,23.609891,23.396342,23.365376,23.488304,23.736943,24.076082,24.472976,24.898636,25.325229,25.732223,26.104789,26.433987,26.716785,26.953548,27.149337,27.311421,27.448893,27.570205,27.683165,27.794396,27.908108,28.028318,28.154672,28.287009,28.422574,28.560673,28.697908,28.829105,28.956511,29.078581,29.196040,29.307837,29.414310,29.515981,29.613624,29.707277,29.799038,29.889085,29.977874,30.066282,30.153424,30.239569,30.324430,30.408584,30.491177,30.572774,30.653819,30.732551,30.810670,30.887729,30.963250,31.037583,31.109156,31.179617,31.247224,31.312552,31.375001,31.434948,31.492839,31.548879,31.604349,31.659117,31.714760,31.771084,31.828865,31.889376,31.951685,32.016510,32.083658,32.152921,32.223317,32.294091,32.363445,32.431538,32.496239,32.558040,32.615367,32.668587,32.716963,32.760757,32.799728,32.834840,32.866166,32.894451,32.920659,32.945926,32.971206,32.997139,33.024428,33.053947,33.085909,33.121309,33.158610,33.199034,33.240550,33.284256,33.328122,33.371714,33.414957,33.456821,33.496867,33.534207,33.568905,33.600750,33.629815,33.656786,33.682462,33.707191,33.730672,33.753753,33.776585,33.799156,33.821219,33.842190,33.861473,33.876596,33.887006,33.890826,33.883069,33.864457,33.828702,33.777794,33.706497,33.612946,33.501429,33.365841,33.215315,33.039192,32.845514,32.640631,32.422660,32.207964,31.988928,31.780359,31.571235,31.370347,31.162044,30.946141,30.702462,30.421970,30.083139,29.670751,29.167982,28.561560,27.845361,27.016935,26.085796,25.067850,23.989082,22.882346,21.786200,20.748653,19.807643,19.012093,18.399645,17.991308,17.814880,17.869023,18.149197,18.635275,19.301910,20.106654,21.010074,21.965765,22.930725,23.865141,24.736589,25.519470,26.199384,26.768954,27.231164,27.596034,27.879826,28.103451,28.290503,28.465305,28.651391,28.870708,29.142217
0.469849,47.956800,47.485233,46.905691,46.206135,45.375887,44.407947,43.300232,42.055800,40.680806,39.193056,37.614045,35.973857,34.302639,32.642448,31.032244,29.513237,28.120707,26.888200,25.843777,25.002992,24.375433,23.958913,23.741497,23.705351,23.822407,24.065061,24.398539,24.790648,25.212516,25.636623,26.042410,26.414972,26.744917,27.028913,27.267456,27.465063,27.629301,27.767801,27.889565,28.002031,28.112440,28.224739,28.341208,28.464341,28.593936,28.726055,28.861555,28.994012,29.123157,29.247839,29.369003,29.485211,29.596321,29.702748,29.804676,29.902721,29.998078,30.090695,30.181783,30.271581,30.360590,30.448470,30.534591,30.619060,30.701798,30.783454,30.864053,30.942067,31.019813,31.095556,31.170278,31.243527,31.314564,31.384761,31.453779,31.520315,31.585066,31.647203,31.707210,31.765400,31.821910,31.878306,31.934384,31.990536,32.047994,32.107525,32.168558,32.232035,32.297119,32.364382,32.433585,32.503675,32.573644,32.642224,32.709074,32.772962,32.833043,32.889583,32.942024,32.989245,33.032273,33.070760,33.105379,33.136689,33.164988,33.191364,33.216725,33.241998,33.267929,33.295053,33.324217,33.355246,33.389370,33.425551,33.463550,33.504296,33.545367,33.588163,33.630694,33.672278,33.713415,33.752304,33.789497,33.824167,33.856212,33.885820,33.913346,33.939481,33.964626,33.988657,34.011946,34.034875,34.057494,34.078806,34.099191,34.116272,34.129910,34.138769,34.138165,34.128905,34.104417,34.066793,34.008826,33.933710,33.834144,33.713957,33.574685,33.411576,33.231168,33.025711,32.810035,32.580401,32.353011,32.121214,31.897035,31.681080,31.463603,31.247252,31.022279,30.773213,30.486165,30.146087,29.732988,29.231279,28.628159,27.913769,27.088727,26.158091,25.139071,24.055848,22.942582,21.835832,20.784024,19.825646,19.010086,18.373391,17.947865,17.744510,17.778245,18.042224,18.514330,19.167864,19.964726,20.864006,21.818597,22.785236,23.723628,24.599416,25.388608,26.073964,26.648769,27.114856,27.482802,27.768747,27.993350,28.180109,28.353737,28.538140,28.755216,29.024323
0.480402,47.987216,47.525252,46.957294,46.270817,45.456240,44.505705,43.417459,42.193178,40.842200,39.376954,37.823204,36.204529,34.559249,32.919563,31.329337,29.827674,28.448556,27.228745,26.191003,25.355337,24.728903,24.310986,24.090719,24.048455,24.160393,24.397036,24.724848,25.112614,25.529825,25.951560,26.356273,26.728562,27.059275,27.344467,27.584546,27.784158,27.949493,28.089012,28.210933,28.323114,28.431392,28.541371,28.655635,28.776101,28.900214,29.030284,29.161337,29.290101,29.416699,29.539071,29.657607,29.772926,29.883347,29.989810,30.092284,30.190846,30.287474,30.381165,30.473511,30.564703,30.654210,30.742421,30.828642,30.912778,30.994537,31.075258,31.153327,31.230500,31.304727,31.378089,31.450507,31.522030,31.591029,31.659898,31.726767,31.792805,31.856690,31.918712,31.978823,32.037157,32.094777,32.152137,32.209182,32.266721,32.325044,32.385650,32.447894,32.511703,32.577430,32.644770,32.713660,32.783548,32.852623,32.920596,32.985891,33.048920,33.107823,33.163262,33.214588,33.261423,33.303367,33.341460,33.375869,33.407258,33.435989,33.462551,33.488000,33.513304,33.538998,33.565903,33.594601,33.624976,33.656945,33.692061,33.728860,33.766899,33.806742,33.847955,33.888556,33.929238,33.969260,34.007457,34.043780,34.078493,34.110715,34.140530,34.168392,34.194953,34.220234,34.244367,34.267598,34.290153,34.311899,34.332716,34.350726,34.366147,34.378103,34.382204,34.378959,34.366004,34.338248,34.294724,34.231447,34.150859,34.044804,33.919555,33.768349,33.598792,33.409860,33.197224,32.965929,32.730182,32.484904,32.246372,32.009668,31.776310,31.550130,31.325674,31.088715,30.834820,30.543508,30.201228,29.788273,29.288312,28.687539,27.977547,27.155022,26.226112,25.206892,24.120494,23.000638,21.885433,20.816733,19.845646,19.010723,18.352510,17.899208,17.678704,17.691051,17.932022,18.388519,19.031168,19.819381,20.713948,21.667060,22.635204,23.577261,24.458302,25.253402,25.944733,26.524889,26.996459,27.368166,27.656946,27.883100,28.070436,28.243590,28.426623,28.641943,28.908866
0.490955,48.017365,47.564941,47.008373,46.335831,45.536355,44.604212,43.534889,42.332686,41.002671,39.563275,38.032790,36.438363,34.815382,33.200618,31.629243,30.145170,28.780677,27.572330,26.542565,25.711325,25.086459,24.667182,24.443890,24.397548,24.503829,24.733063,25.055164,25.438630,25.851911,26.271231,26.674053,27.046035,27.377393,27.663671,27.904941,28.106079,28.272714,28.412820,28.534681,28.645851,28.753167,28.860073,28.972005,29.087313,29.208223,29.334368,29.460445,29.587050,29.709747,29.829097,29.946644,30.060118,30.170202,30.276284,30.378944,30.479029,30.576540,30.672019,30.765599,30.857293,30.947837,31.036221,31.122302,31.206199,31.287117,31.366429,31.442809,31.518013,31.590121,31.661859,31.731819,31.800034,31.868128,31.934939,32.000508,32.065566,32.128854,32.190622,32.250927,32.309944,32.368694,32.426767,32.484603,32.543244,32.603144,32.664193,32.727315,32.791928,32.857847,32.925450,32.994119,33.063443,33.131736,33.198821,33.263083,33.325048,33.382897,33.437284,33.487962,33.533849,33.575529,33.613325,33.647667,33.679090,33.708363,33.735340,33.761010,33.786453,33.812063,33.838612,33.866249,33.895798,33.926791,33.959424,33.995045,34.031137,34.069671,34.108274,34.148225,34.187534,34.225594,34.262782,34.298696,34.333151,34.365290,34.395256,34.423171,34.449689,34.474811,34.498786,34.521370,34.543428,34.563947,34.582169,34.599230,34.612057,34.618843,34.621257,34.614029,34.593890,34.561166,34.513853,34.446461,34.356271,34.247121,34.110623,33.953363,33.777438,33.575104,33.352818,33.116081,32.863854,32.612214,32.355924,32.107138,31.867307,31.627680,31.393324,31.149951,30.887330,30.593738,30.248858,29.836400,29.338970,28.740994,28.035047,27.215523,26.290115,25.270765,24.182333,23.055435,21.930494,20.850232,19.862722,19.008485,18.326178,17.855485,17.607375,17.598448,17.824086,18.263618,18.890405,19.671250,20.559202,21.511022,22.480311,23.425669,24.312631,25.113672,25.811420,26.397816,26.874977,27.251775,27.543722,27.772204,27.960771,28.133992,28.316270,28.530268,28.795459
0.501508,48.047483,47.604500,47.059530,46.400215,45.617017,44.701679,43.653247,42.471165,41.165886,39.748567,38.242664,36.675364,35.076421,33.481578,31.933268,30.464668,29.116212,27.918844,26.898543,26.071691,25.448673,25.028772,24.801537,24.750420,24.851580,25.074703,25.391647,25.768647,26.178884,26.594414,26.995911,27.367191,27.698697,27.985725,28.228612,28.430619,28.598464,28.739251,28.860885,28.971435,29.075974,29.181287,29.288223,29.401396,29.518465,29.638300,29.761097,29.883935,30.002636,30.120463,30.235105,30.347853,30.456971,30.562856,30.666205,30.766755,30.865839,30.962179,31.057072,31.150421,31.241399,31.330110,31.416259,31.499348,31.579721,31.657734,31.732479,31.805737,31.876369,31.944815,32.013130,32.079385,32.145376,32.210814,32.275610,32.339814,32.402667,32.464061,32.524452,32.584528,32.643942,32.702683,32.762179,32.821547,32.882343,32.944369,33.007819,33.072800,33.139084,33.206851,33.275292,33.344012,33.411730,33.477428,33.540994,33.601926,33.659109,33.712681,33.762328,33.808062,33.849656,33.887468,33.921924,33.953709,33.983209,34.010641,34.036870,34.062404,34.087853,34.114005,34.140847,34.169347,34.199021,34.229927,34.263080,34.298278,34.334407,34.371154,34.409037,34.447268,34.483974,34.520389,34.555470,34.588982,34.621061,34.650633,34.678546,34.704725,34.729304,34.752196,34.774320,34.794028,34.813224,34.829810,34.842198,34.852547,34.855055,34.853329,34.839583,34.815564,34.779059,34.722612,34.648882,34.553773,34.437681,34.295554,34.130135,33.940694,33.734017,33.502396,33.250566,32.992475,32.724008,32.458646,32.200536,31.944179,31.698707,31.450929,31.200134,30.934061,30.635022,30.289540,29.877817,29.382022,28.788957,28.086009,27.271297,26.349088,25.330647,24.240363,23.109557,21.976490,20.884303,19.876888,19.005640,18.302049,17.808671,17.540228,17.509148,17.710472,18.134801,18.748971,19.517651,20.400363,21.349924,22.320217,23.269028,24.161512,24.968736,25.673652,26.267771,26.751216,27.132931,27.429319,27.660410,27.850460,28.024307,28.206553,28.419602,28.683373
0.512060,48.077667,47.644074,47.110416,46.464504,45.696676,44.800096,43.771054,42.610666,41.327761,39.936968,38.454938,36.912548,35.337860,33.765971,32.237158,30.789277,29.455893,28.269451,27.257773,26.436445,25.815399,25.394291,25.164329,25.109171,25.203273,25.421622,25.731041,26.104011,26.508673,26.921807,27.320801,27.691295,28.022918,28.310518,28.554295,28.757787,28.926473,29.067628,29.189074,29.298447,29.401448,29.502596,29.607473,29.715104,29.827900,29.945315,30.063618,30.180839,30.297639,30.411433,30.524944,30.635502,30.744011,30.849915,30.953489,31.055500,31.155450,31.253028,31.349388,31.443199,31.535078,31.624142,31.710128,31.792858,31.872682,31.948868,32.022905,32.093428,32.162679,32.229287,32.295078,32.360549,32.424583,32.488962,32.552726,32.615981,32.678517,32.739860,32.800623,32.861074,32.921199,32.980971,33.041105,33.101718,33.163249,33.225668,33.289710,33.354865,33.421441,33.489103,33.557292,33.625394,33.692082,33.757407,33.820171,33.879900,33.936505,33.989643,34.039009,34.084699,34.126431,34.164753,34.199559,34.231627,34.261831,34.289640,34.316343,34.342068,34.367476,34.392818,34.419320,34.446166,34.474283,34.504406,34.535642,34.567814,34.602455,34.637107,34.673741,34.709416,34.745556,34.780211,34.814650,34.847214,34.878698,34.907512,34.934619,34.960229,34.983445,35.005907,35.025562,35.043636,35.060593,35.072626,35.082113,35.086953,35.087456,35.077530,35.061511,35.031708,34.985645,34.926508,34.846130,34.744008,34.616200,34.466036,34.291906,34.098131,33.877778,33.639019,33.377272,33.108450,32.828789,32.554587,32.279949,32.015095,31.759319,31.502521,31.245654,30.971601,30.670651,30.323248,29.912519,29.420121,28.829830,28.133089,27.322075,26.403569,25.387030,24.296121,23.160265,22.018484,20.913900,19.894634,19.000106,18.280283,17.759029,17.467323,17.416433,17.597280,18.003807,18.602025,19.362237,20.237984,21.184355,22.154920,23.107495,24.005061,24.820004,25.532594,26.133570,26.624278,27.012004,27.313063,27.547459,27.739631,27.914520,28.096896,28.309404,28.571985
0.522613,48.107767,47.683597,47.161103,46.528645,45.776424,44.897236,43.888024,42.751003,41.490756,40.124611,38.667767,37.150585,35.599002,34.051723,32.544206,31.114966,29.796203,28.623804,27.620264,26.804274,26.185730,25.764062,25.531576,25.470603,25.559685,25.771761,26.075646,26.441428,26.842512,27.251302,27.648607,28.017415,28.348733,28.637046,28.881966,29.086094,29.255579,29.397124,29.518407,29.625984,29.727253,29.826367,29.926283,30.031618,30.140146,30.251047,30.365940,30.479258,30.592656,30.704189,30.814877,30.923944,31.031729,31.137583,31.241565,31.344369,31.445382,31.544167,31.641585,31.736409,31.828944,31.918169,32.004116,32.086516,32.165233,32.241027,32.313252,32.382642,32.449374,32.515205,32.578942,32.642738,32.705898,32.768731,32.831987,32.894892,32.957206,33.018619,33.079640,33.140413,33.201112,33.261606,33.322518,33.383948,33.445730,33.508637,33.572818,33.638220,33.704807,33.772318,33.840128,33.907349,33.973719,34.038132,34.100227,34.159718,34.215899,34.268775,34.318126,34.364026,34.406301,34.445339,34.480671,34.513809,34.544213,34.572823,34.600071,34.625982,34.651276,34.676166,34.701434,34.727788,34.754082,34.781950,34.811304,34.842662,34.873956,34.907656,34.941296,34.975880,35.010608,35.044308,35.076763,35.108476,35.138593,35.166965,35.192607,35.217106,35.238601,35.259545,35.277524,35.292880,35.304357,35.314670,35.319782,35.319698,35.311598,35.299286,35.273312,35.239157,35.186263,35.118231,35.032729,34.923064,34.787201,34.631106,34.448261,34.240459,34.015734,33.765472,33.494043,33.214624,32.924282,32.639017,32.353556,32.080396,31.810301,31.548541,31.281496,31.003705,30.699600,30.351238,29.941747,29.451714,28.867050,28.173688,27.369574,26.453654,25.440451,24.348913,23.210134,22.060358,20.945963,19.908088,18.999439,18.256192,17.711970,17.399376,17.320721,17.482998,17.871150,18.455488,19.202213,20.071542,21.014207,21.985361,22.941114,23.844524,24.666686,25.386828,25.996595,26.494364,26.888622,27.194708,27.433318,27.628074,27.804402,27.987080,28.199171,28.460811
0.533166,48.138037,47.722813,47.211857,46.592883,45.855905,44.994552,44.005922,42.890165,41.653472,40.310866,38.880501,37.387398,35.863357,34.338236,32.852183,31.441928,30.139154,28.978607,27.985052,27.174895,26.558850,26.136647,25.900742,25.836271,25.919707,26.123876,26.422172,26.781936,27.177965,27.582863,27.977526,28.344768,28.675569,28.964301,29.209924,29.415037,29.585282,29.727058,29.847329,29.954106,30.053220,30.149147,30.247219,30.346650,30.450676,30.559014,30.668629,30.778868,30.887370,30.996732,31.105030,31.212660,31.319871,31.425578,31.530099,31.633280,31.735066,31.835530,31.933711,32.029198,32.122121,32.211885,32.297753,32.379696,32.457944,32.532873,32.603636,32.672012,32.737382,32.801368,32.864525,32.926555,32.989026,33.051174,33.113880,33.176420,33.238809,33.300385,33.361741,33.422732,33.483792,33.545061,33.606397,33.668042,33.730247,33.793230,33.857325,33.922722,33.989098,34.056365,34.123489,34.190508,34.256013,34.319912,34.381877,34.441085,34.497153,34.550103,34.599986,34.646343,34.689859,34.729225,34.765702,34.799818,34.830982,34.860641,34.888119,34.914576,34.939875,34.964282,34.988940,35.013333,35.039025,35.064719,35.092747,35.120830,35.151258,35.181770,35.214639,35.247416,35.279435,35.312058,35.343451,35.373712,35.402394,35.428402,35.452833,35.475784,35.495674,35.512251,35.526845,35.539713,35.546701,35.552667,35.550882,35.546905,35.534405,35.511597,35.480713,35.439757,35.381706,35.306217,35.208452,35.092997,34.948848,34.784328,34.592642,34.378061,34.139397,33.880142,33.603787,33.309599,33.013765,32.713153,32.419599,32.136209,31.858543,31.584995,31.312865,31.030100,30.723189,30.374191,29.965722,29.479683,28.898193,28.212254,27.411840,26.502095,25.490528,24.399625,23.257681,22.102148,20.974466,19.925492,18.994623,18.232667,17.665506,17.326826,17.230017,17.368204,17.737352,18.306129,19.040868,19.902239,20.841082,21.812317,22.771176,23.680209,24.509280,25.238406,25.855737,26.361734,26.762778,27.074661,27.317747,27.515606,27.693666,27.876935,28.088683,28.349655
0.543719,48.168387,47.762220,47.262161,46.656419,45.935013,45.091966,44.122020,43.027895,41.816451,40.497487,39.093886,37.625123,36.126023,34.624575,33.160184,31.769268,30.482750,29.336038,28.350580,27.547053,26.933402,26.510881,26.272733,26.202454,26.279773,26.478997,26.769176,27.124300,27.513728,27.915046,28.306875,28.672547,29.002399,29.291076,29.537235,29.743280,29.914049,30.055880,30.175721,30.280762,30.378402,30.471850,30.566541,30.662231,30.762822,30.864835,30.970443,31.077706,31.182942,31.289427,31.395120,31.501920,31.608067,31.713745,31.818462,31.922378,32.024771,32.125855,32.224841,32.321554,32.414873,32.504968,32.590916,32.672679,32.750637,32.824257,32.894576,32.961371,33.026008,33.089203,33.151074,33.212840,33.274250,33.336172,33.398294,33.460679,33.523071,33.585209,33.646735,33.708192,33.769498,33.830909,33.892252,33.953923,34.016121,34.079250,34.143204,34.208379,34.274488,34.341041,34.407796,34.474271,34.539498,34.603233,34.664845,34.724038,34.780689,34.834171,34.884220,34.931847,34.975795,35.017168,35.054897,35.089441,35.122322,35.152312,35.180972,35.207690,35.233045,35.257423,35.280932,35.304793,35.328166,35.353153,35.378037,35.404745,35.433305,35.462430,35.491867,35.522491,35.553797,35.583492,35.613152,35.641636,35.668307,35.693612,35.715972,35.734853,35.752963,35.765998,35.777980,35.783744,35.788765,35.785992,35.781891,35.767590,35.750361,35.720133,35.684235,35.631096,35.565228,35.484184,35.380401,35.251870,35.103933,34.926234,34.725808,34.504235,34.258777,33.990596,33.700595,33.401345,33.093279,32.782693,32.481214,32.183523,31.899015,31.617776,31.339259,31.052549,30.741825,30.392740,29.985894,29.502207,28.926375,28.246315,27.451744,26.547147,25.538815,24.448676,23.303903,22.142413,21.004591,19.941447,18.995181,18.207447,17.622603,17.260257,17.135023,17.255687,17.601252,18.155803,18.877973,19.731026,20.665883,21.636480,22.598488,23.513218,24.349237,25.086648,25.712590,26.226375,26.635268,26.953300,27.200802,27.402137,27.582193,27.766241,27.977949,28.238270
0.554271,48.198757,47.801700,47.312372,46.719271,46.013761,45.187628,44.238712,43.165561,41.976464,40.684266,39.303779,37.861827,36.386268,34.911251,33.468701,32.094652,30.827030,29.692475,28.716669,27.918933,27.308253,26.885851,26.644367,26.570564,26.641968,26.832877,27.117170,27.466108,27.850061,28.247366,28.635154,28.999112,29.328278,29.616767,29.863238,30.069591,30.240718,30.382484,30.501970,30.606289,30.701272,30.793195,30.883529,30.977177,31.072932,31.170904,31.273314,31.375350,31.478854,31.581614,31.686207,31.791069,31.896313,32.001692,32.106548,32.210723,32.313824,32.415637,32.515637,32.612698,32.706785,32.797041,32.883162,32.964886,33.042376,33.115669,33.185044,33.251199,33.315391,33.377720,33.439334,33.500652,33.561908,33.623415,33.685375,33.747771,33.810392,33.872654,33.934641,33.996203,34.057703,34.119074,34.180261,34.241414,34.303428,34.366441,34.430038,34.494743,34.560539,34.626520,34.692960,34.758874,34.824019,34.887570,34.949132,35.008825,35.065677,35.120138,35.171026,35.219472,35.264971,35.308007,35.347402,35.383360,35.417574,35.448615,35.478136,35.505477,35.531008,35.555213,35.578450,35.600663,35.622971,35.646170,35.669208,35.693931,35.720546,35.746843,35.775376,35.803755,35.831540,35.859710,35.887988,35.913453,35.938600,35.959952,35.979477,35.997204,36.009553,36.021160,36.025907,36.029645,36.027083,36.017780,36.004990,35.987986,35.961206,35.923002,35.879358,35.820369,35.746093,35.651501,35.541713,35.407079,35.245938,35.061977,34.855031,34.619911,34.367912,34.089143,33.794485,33.481376,33.165999,32.845824,32.534707,32.227897,31.934765,31.646190,31.361653,31.070572,30.757367,30.407765,30.002145,29.523171,28.951727,28.277545,27.489954,26.588978,25.585323,24.496500,23.350135,22.181855,21.036493,19.956433,18.992215,18.188512,17.575840,17.189737,17.045991,17.139543,17.469216,18.003653,18.715326,19.557811,20.488392,21.458697,22.423221,23.343616,24.187072,24.932312,25.567713,26.089847,26.506002,26.830321,27.082971,27.287781,27.469908,27.655034,27.866900,28.126424
0.564824,48.229135,47.840853,47.362192,46.782305,46.091252,45.283216,44.352860,43.302841,42.137257,40.867594,39.514812,38.097032,36.647832,35.193591,33.773011,32.421106,31.168902,30.046833,29.082327,28.290579,27.682484,27.260074,27.016043,26.937481,27.002833,27.186979,27.465274,27.805957,28.184982,28.577653,28.962407,29.323845,29.651797,29.939863,30.186357,30.392862,30.564270,30.706310,30.825408,30.928617,31.022220,31.111143,31.199918,31.289430,31.381501,31.476546,31.573581,31.673005,31.773639,31.874542,31.976278,32.079984,32.184239,32.289311,32.394207,32.498523,32.602082,32.704626,32.805203,32.903036,32.997359,33.087953,33.174223,33.256059,33.333332,33.406364,33.475331,33.541302,33.604972,33.667211,33.728689,33.790197,33.851438,33.912973,33.974979,34.037435,34.100178,34.162798,34.224910,34.286777,34.348282,34.409440,34.470413,34.531044,34.592759,34.654959,34.718392,34.782329,34.847418,34.912634,34.978566,35.044254,35.109167,35.172888,35.234670,35.294907,35.352795,35.407628,35.460687,35.510042,35.557641,35.601348,35.642578,35.681318,35.716051,35.749091,35.779269,35.807096,35.833128,35.857233,35.879618,35.901233,35.922786,35.943591,35.965920,35.988685,36.011852,36.037278,36.062209,36.089172,36.114664,36.141217,36.165344,36.189777,36.210429,36.230776,36.246049,36.260237,36.268009,36.275075,36.274097,36.272049,36.260942,36.248968,36.228861,36.199242,36.164248,36.122855,36.065137,35.997295,35.916909,35.813408,35.692455,35.551681,35.381901,35.191659,34.973834,34.732416,34.469674,34.182788,33.879420,33.559575,33.232757,32.905613,32.581454,32.269855,31.965273,31.672745,31.382170,31.085078,30.770300,30.420358,30.016654,29.540606,28.976007,28.305847,27.524543,26.631158,25.630891,24.543876,23.395817,22.222357,21.067751,19.976284,18.995262,18.166556,17.533831,17.126565,16.953884,17.029392,17.334494,17.854895,18.551617,19.384941,20.311000,21.279851,22.247006,23.172156,24.023610,24.777313,25.420672,25.951809,26.375734,26.706542,26.964369,27.172615,27.357112,27.543301,27.755273,28.014119
0.575377,48.259334,47.879777,47.411905,46.844605,46.168837,45.377465,44.466273,43.436988,42.294554,41.050415,39.722809,38.331622,36.904472,35.476821,34.078099,32.744334,31.507686,30.401131,29.445114,28.660396,28.055349,27.632958,27.386739,27.302405,27.361558,27.540523,27.809937,28.145563,28.518455,28.904834,29.286531,29.645690,29.971714,30.259189,30.505598,30.712537,30.884266,31.026536,31.145684,31.248304,31.340529,31.427549,31.512371,31.598731,31.688102,31.778930,31.874056,31.970491,32.067195,32.166443,32.266667,32.368346,32.472002,32.576602,32.681355,32.785873,32.889819,32.992829,33.093764,33.192068,33.286890,33.377602,33.464239,33.546264,33.623596,33.696406,33.765344,33.831359,33.894911,33.957313,34.019326,34.081107,34.142454,34.204140,34.266574,34.329564,34.392478,34.455205,34.517618,34.579592,34.641058,34.701883,34.762467,34.822722,34.883420,34.945112,35.007828,35.071200,35.134970,35.199871,35.265001,35.330474,35.395187,35.458908,35.521381,35.582411,35.640850,35.697492,35.751596,35.803671,35.851906,35.898589,35.941032,35.981412,36.018312,36.051869,36.083312,36.112282,36.138412,36.162325,36.184520,36.205572,36.225391,36.245294,36.265434,36.286905,36.308715,36.330705,36.354070,36.378760,36.401828,36.425991,36.447232,36.468649,36.487127,36.501599,36.515517,36.522590,36.528484,36.526244,36.523009,36.510046,36.496350,36.471867,36.446329,36.407707,36.363796,36.310777,36.249538,36.172535,36.077599,35.970404,35.840525,35.685982,35.512363,35.309167,35.083074,34.835345,34.564336,34.269812,33.958193,33.628198,33.294754,32.957032,32.628090,32.304729,31.996013,31.695469,31.398441,31.098465,30.781791,30.431418,30.029885,29.558089,28.997038,28.335250,27.559337,26.670988,25.676781,24.590839,23.441645,22.264358,21.099009,19.994005,18.997958,18.149385,17.496900,17.060655,16.866465,16.919012,17.203169,17.705804,18.388696,19.212378,20.133214,21.100591,22.069773,23.000021,23.858716,24.621032,25.273328,25.813155,26.244609,26.582415,26.845095,27.057175,27.243893,27.431183,27.643146,27.901219
0.585930,48.289099,47.918450,47.461039,46.906102,46.244937,45.470395,44.579366,43.571305,42.451966,41.232263,39.927271,38.561177,37.161611,35.756304,34.378001,33.063874,31.846386,30.752302,29.806924,29.027858,28.426314,28.003874,27.754476,27.666674,27.719908,27.890216,28.154242,28.481210,28.847925,29.230390,29.606818,29.963189,30.287938,30.574316,30.820642,31.027977,31.200272,31.342759,31.461871,31.563837,31.654611,31.740137,31.822650,31.906699,31.992010,32.081172,32.172608,32.265734,32.361039,32.457270,32.555776,32.656722,32.759447,32.863523,32.968106,33.072665,33.176785,33.279900,33.381412,33.479934,33.575214,33.666271,33.753158,33.835460,33.913058,33.985983,34.055118,34.121183,34.185632,34.248351,34.311037,34.373091,34.435387,34.497457,34.560576,34.623746,34.687079,34.749909,34.812401,34.874393,34.935533,34.996224,35.056059,35.115927,35.175715,35.236883,35.298117,35.360893,35.424030,35.487718,35.552614,35.617453,35.682091,35.746335,35.809471,35.870812,35.931118,35.988711,36.044594,36.098549,36.149286,36.196669,36.241544,36.283548,36.322066,36.357635,36.389781,36.419428,36.445877,36.469760,36.491769,36.511854,36.530948,36.550048,36.568883,36.587654,36.607541,36.628827,36.650088,36.670827,36.692150,36.712569,36.732743,36.748872,36.764882,36.774989,36.782846,36.788086,36.784715,36.780244,36.768081,36.747430,36.726142,36.692922,36.658692,36.613579,36.557234,36.497792,36.424312,36.335132,36.236400,36.117391,35.976101,35.817760,35.633236,35.421803,35.189656,34.929544,34.650777,34.352608,34.029860,33.693937,33.352511,33.006704,32.669435,32.340183,32.021550,31.716336,31.414396,31.111321,30.791983,30.441474,30.041433,29.573988,29.018435,28.361911,27.594734,26.711385,25.721194,24.638791,23.488708,22.306082,21.134132,20.016921,19.000546,18.134545,17.459865,17.002582,16.784158,16.808534,17.075759,17.556667,18.225614,19.041156,19.954969,20.921156,21.892551,22.827958,23.693580,24.464012,25.126203,25.674007,26.114021,26.458228,26.726169,26.941960,27.131010,27.319262,27.531021,27.788140
0.596482,48.318441,47.956527,47.509540,46.967459,46.320652,45.563398,44.690136,43.703506,42.606773,41.409822,40.131949,38.789746,37.414810,36.031708,34.678139,33.383508,32.180491,31.100252,30.165368,29.393793,28.795002,28.372353,28.121144,28.027544,28.074510,28.239538,28.495294,28.816017,29.176090,29.551586,29.924709,30.277733,30.600066,30.885669,31.131659,31.339191,31.511749,31.654554,31.773750,31.875366,31.965486,32.048884,32.130269,32.211214,32.295156,32.380687,32.470001,32.561131,32.653283,32.748328,32.845229,32.944398,33.046287,33.150079,33.254369,33.358867,33.463019,33.566438,33.668059,33.767141,33.862585,33.954250,34.041382,34.123900,34.201646,34.274799,34.344505,34.411809,34.476465,34.540590,34.603886,34.666681,34.729578,34.792769,34.856198,34.919923,34.983389,35.046556,35.109010,35.170777,35.231829,35.291984,35.351423,35.410659,35.469767,35.529080,35.589995,35.651224,35.713828,35.776821,35.841070,35.905534,35.970122,36.034614,36.098099,36.160815,36.221508,36.281542,36.339265,36.393874,36.446599,36.497125,36.543779,36.586922,36.626920,36.663504,36.697386,36.727274,36.754374,36.778452,36.800085,36.819761,36.838367,36.856136,36.873679,36.891040,36.909801,36.927746,36.947510,36.965772,36.985378,37.001937,37.018920,37.031229,37.043149,37.048585,37.053223,37.049090,37.043557,37.027641,37.010399,36.981504,36.951761,36.912235,36.862143,36.810598,36.747641,36.672224,36.592064,36.493061,36.384954,36.254074,36.109057,35.937457,35.747007,35.527536,35.287416,35.019712,34.733391,34.426641,34.100221,33.755382,33.406511,33.053271,32.708321,32.372033,32.048331,31.734904,31.430352,31.122497,30.801922,30.451324,30.053808,29.589039,29.040610,28.390528,27.627808,26.751826,25.766517,24.686903,23.536358,22.349847,21.169655,20.038393,19.009458,18.122032,17.425483,16.944468,16.699286,16.705056,16.946477,17.412510,18.064912,18.869009,19.777935,20.741866,21.715145,22.655658,23.528175,24.308087,24.978872,25.535775,25.983194,26.334533,26.608010,26.827487,27.018804,27.207846,27.419287,27.675220
0.607035,48.347368,47.993950,47.557653,47.027814,46.396078,45.654595,44.801028,43.834405,42.759080,41.587895,40.332193,39.017511,37.664317,36.307513,34.974524,33.698305,32.514497,31.446795,30.522796,29.756886,29.161530,28.739230,28.484790,28.387751,28.428702,28.584784,28.833047,29.147445,29.500786,29.871205,30.238339,30.588598,30.908941,31.193049,31.438655,31.646245,31.818917,31.962134,32.081538,32.182939,32.272455,32.354835,32.434722,32.514011,32.595771,32.679696,32.765819,32.854779,32.945950,33.038369,33.134281,33.232444,33.333644,33.436328,33.540383,33.644847,33.749185,33.852666,33.954365,34.053577,34.149665,34.241600,34.329047,34.411888,34.490032,34.563788,34.634456,34.702907,34.768455,34.833518,34.897478,34.961892,35.025388,35.089377,35.153182,35.217546,35.281420,35.344768,35.407139,35.468767,35.529557,35.589594,35.648450,35.706183,35.764543,35.823109,35.882303,35.943204,36.004607,36.067067,36.130225,36.194459,36.258970,36.323613,36.387852,36.450845,36.513318,36.573828,36.633086,36.690821,36.745367,36.796506,36.845473,36.890330,36.931420,36.969845,37.004079,37.035310,37.062541,37.086752,37.108335,37.127681,37.145187,37.162034,37.178463,37.195334,37.211747,37.228372,37.244521,37.261902,37.276849,37.291322,37.304859,37.314518,37.319140,37.322914,37.320173,37.309776,37.297609,37.273875,37.248782,37.211018,37.168917,37.122843,37.066084,36.998157,36.928435,36.845958,36.749423,36.646477,36.522856,36.385588,36.229469,36.054311,35.853494,35.628385,35.378767,35.103916,34.812120,34.498602,34.162763,33.814520,33.455736,33.098825,32.744219,32.401442,32.071602,31.755120,31.445078,31.134230,30.811889,30.461730,30.066272,29.605913,29.062045,28.417154,27.663279,26.793392,25.812204,24.735421,23.584833,22.394687,21.206526,20.063310,19.018538,18.114273,17.390949,16.886264,16.621945,16.599364,16.823495,17.267030,17.907204,18.700018,19.601092,20.563239,21.538188,22.483437,23.363813,24.151800,24.831219,25.397265,25.853546,26.211340,26.490413,26.713966,26.907401,27.097189,27.308159,27.562662
0.617588,48.375704,48.030978,47.604970,47.087749,46.470166,45.745856,44.910380,43.963472,42.912059,41.763446,40.532218,39.240923,37.914897,36.578744,35.269157,34.012651,32.844565,31.792475,30.877145,30.118893,29.526603,29.104507,28.847576,28.745836,28.780574,28.929473,29.171129,29.476196,29.822677,30.187887,30.550060,30.896586,31.214409,31.497104,31.742048,31.949518,32.122640,32.266126,32.385776,32.487328,32.576289,32.658246,32.736761,32.815281,32.894629,32.977128,33.061619,33.149036,33.237710,33.328934,33.423400,33.521096,33.620992,33.723307,33.826927,33.931312,34.035537,34.139071,34.240728,34.340172,34.436474,34.528752,34.616913,34.699926,34.778615,34.853713,34.925093,34.994274,35.061795,35.127175,35.192894,35.257995,35.322593,35.386831,35.451835,35.516387,35.580810,35.644242,35.706791,35.768419,35.828936,35.888022,35.946342,36.003221,36.060172,36.118101,36.176571,36.235722,36.296560,36.358141,36.420526,36.484204,36.548654,36.613203,36.677624,36.741790,36.804600,36.867023,36.927796,36.986113,37.042241,37.095518,37.145521,37.192089,37.235391,37.274144,37.309621,37.341078,37.368952,37.393242,37.414499,37.433472,37.450312,37.466318,37.481621,37.497009,37.511195,37.526583,37.541275,37.554456,37.568463,37.579868,37.587260,37.594112,37.593977,37.592511,37.581634,37.569048,37.544637,37.518230,37.478828,37.438007,37.386333,37.323628,37.259995,37.181708,37.101672,37.008732,36.901912,36.788842,36.658281,36.511615,36.346730,36.159052,35.950780,35.718627,35.462151,35.184060,34.882287,34.564300,34.222977,33.868872,33.505389,33.139569,32.780504,32.431737,32.097302,31.773361,31.459375,31.146918,30.823042,30.473287,30.079787,29.622361,29.083336,28.446555,27.697030,26.834294,25.858054,24.784202,23.633850,22.440795,21.243494,20.091284,19.029567,18.106358,17.361293,16.832987,16.542003,16.500705,16.698664,17.125378,17.750299,18.531156,19.426773,20.385958,21.362359,22.312122,23.199417,23.995338,24.684442,25.260059,25.724100,26.089617,26.374217,26.601436,26.797010,26.987430,27.197723,27.450836
0.628141,48.403603,48.067484,47.651925,47.147280,46.543857,45.835935,45.018404,44.093336,43.062328,41.936984,40.732500,39.466047,38.161638,36.851871,35.561478,34.327356,33.175997,32.135605,31.232099,30.479746,29.891303,29.469400,29.210699,29.103013,29.132225,29.273799,29.507616,29.805953,30.144422,30.502568,30.860920,31.202179,31.517335,31.798612,32.042823,32.250216,32.423526,32.567386,32.687432,32.789128,32.878099,32.959598,33.037755,33.114949,33.193451,33.274484,33.357875,33.443412,33.530672,33.620919,33.714122,33.810351,33.909576,34.011220,34.114670,34.218611,34.322774,34.426143,34.527940,34.627354,34.723778,34.816417,34.905152,34.989030,35.068513,35.144152,35.217108,35.287474,35.355443,35.422731,35.489101,35.554827,35.620264,35.685864,35.751094,35.816579,35.881161,35.945100,36.007731,36.069082,36.129124,36.188029,36.245237,36.301852,36.358038,36.414094,36.471804,36.529876,36.589408,36.650408,36.711966,36.775233,36.838961,36.903443,36.968040,37.032397,37.096114,37.159298,37.220863,37.281008,37.338497,37.392692,37.444091,37.492156,37.535830,37.575736,37.611662,37.643466,37.671510,37.695978,37.717129,37.735488,37.751872,37.766685,37.781249,37.794339,37.808019,37.820908,37.832502,37.844864,37.854006,37.861797,37.867975,37.867770,37.866003,37.855030,37.839708,37.820215,37.787998,37.753432,37.708160,37.651340,37.593095,37.523392,37.442337,37.360299,37.262923,37.162818,37.048657,36.919297,36.779397,36.623951,36.453211,36.257922,36.042619,35.805472,35.542536,35.255250,34.950585,34.624605,34.280831,33.919334,33.550411,33.181610,32.817155,32.463013,32.121133,31.794460,31.476255,31.159853,30.835101,30.485837,30.094063,29.641246,29.107228,28.474428,27.733225,26.875384,25.903990,24.833055,23.683060,22.486300,21.283476,20.117626,19.040383,18.098196,17.336446,16.784706,16.469544,16.399675,16.580232,16.987563,17.594271,18.365980,19.253140,20.209889,21.187331,22.141792,23.035236,23.840500,24.538817,25.122982,25.596268,25.968740,26.258795,26.490060,26.687818,26.878763,27.088426,27.340035
0.638693,48.431229,48.103649,47.698521,47.205794,46.617334,45.925160,45.126561,44.221185,43.214034,42.112412,40.929971,39.688227,38.411168,37.122195,35.855301,34.640994,33.505500,32.480030,31.586335,30.842180,30.257117,29.835548,29.574390,29.461909,29.484740,29.619864,29.843686,30.135193,30.466244,30.817847,31.170652,31.507502,31.819812,32.098832,32.342233,32.549294,32.722796,32.867049,32.987486,33.089611,33.178978,33.260475,33.338161,33.414871,33.492643,33.572673,33.654929,33.739075,33.825662,33.914379,34.006464,34.101824,34.200406,34.301024,34.403978,34.507520,34.611474,34.714635,34.816457,34.915972,35.012641,35.105557,35.194667,35.279918,35.360027,35.436859,35.510126,35.581801,35.650986,35.719323,35.786528,35.853038,35.919251,35.985594,36.051514,36.117480,36.182470,36.246687,36.309626,36.370926,36.430717,36.488767,36.545542,36.601595,36.657025,36.712175,36.768297,36.826043,36.884473,36.943818,37.005119,37.066841,37.130401,37.194130,37.258663,37.323137,37.387345,37.450730,37.512962,37.573465,37.631715,37.687184,37.739082,37.787526,37.832168,37.872496,37.908529,37.940464,37.968533,37.992614,38.013591,38.031144,38.047050,38.061266,38.073869,38.086535,38.097405,38.108953,38.118310,38.127193,38.135392,38.139792,38.139365,38.137734,38.127312,38.114534,38.092823,38.060847,38.023251,37.980277,37.922386,37.858976,37.787037,37.710262,37.618533,37.522295,37.420961,37.306776,37.178928,37.042850,36.896329,36.732047,36.550723,36.348211,36.126321,35.883014,35.613286,35.323483,35.011305,34.682206,34.334194,33.969607,33.596193,33.220449,32.851006,32.493176,32.147657,31.814585,31.493586,31.174643,30.848581,30.499676,30.110079,29.659522,29.130709,28.503557,27.768458,26.916423,25.949857,24.881449,23.732086,22.532906,21.322954,20.147907,19.054564,18.094050,17.310945,16.733549,16.396783,16.305780,16.459975,16.850291,17.441395,18.201633,19.081389,20.035130,21.013273,21.971692,22.872496,23.685988,24.393216,24.987169,25.469062,25.848562,26.144715,26.379808,26.579733,26.771341,26.980361,27.230281
0.649246,48.458663,48.139648,47.744716,47.264349,46.689874,46.015137,45.235260,44.349764,43.364898,42.287027,41.129114,39.913721,38.658700,37.396515,36.151908,34.954974,33.837952,32.827439,31.943460,31.206549,30.625300,30.204615,29.940332,29.824286,29.838842,29.966215,30.184004,30.466256,30.789483,31.135007,31.480382,31.813896,32.121881,32.399367,32.641206,32.847909,33.021574,33.166145,33.287270,33.390426,33.480272,33.561858,33.639451,33.716005,33.793357,33.872365,33.953836,34.037362,34.123090,34.210907,34.302282,34.396668,34.493761,34.593762,34.696010,34.799120,34.902430,35.005404,35.106994,35.206669,35.303422,35.397036,35.486535,35.572244,35.654021,35.731557,35.805718,35.878219,35.948385,36.017320,36.085313,36.152936,36.219772,36.286414,36.352929,36.419019,36.484717,36.549169,36.612183,36.673465,36.732914,36.790849,36.847148,36.902353,36.957302,37.011993,37.066811,37.123424,37.180792,37.239480,37.298904,37.359842,37.422041,37.485551,37.549469,37.613472,37.677682,37.740676,37.802925,37.863215,37.921680,37.977239,38.029367,38.077970,38.122362,38.162789,38.198544,38.230460,38.257792,38.281726,38.301533,38.318910,38.333356,38.346436,38.358688,38.368918,38.379242,38.387443,38.396146,38.402608,38.405379,38.407418,38.402923,38.394857,38.380885,38.362124,38.331198,38.296871,38.251262,38.193271,38.129128,38.055723,37.976826,37.882553,37.787078,37.679964,37.560842,37.436059,37.304318,37.158429,36.997576,36.827537,36.636674,36.431214,36.203060,35.951431,35.679500,35.383174,35.068936,34.736055,34.383279,34.015169,33.638696,33.259939,32.885325,32.522125,32.173208,31.836879,31.511157,31.190925,30.863209,30.514338,30.126039,29.679466,29.153620,28.533583,27.802504,26.956293,25.995913,24.930189,23.780808,22.578401,21.361554,20.177160,19.069553,18.093217,17.284689,16.689355,16.323747,16.211764,16.345981,16.713229,17.290259,18.038625,18.910917,19.861223,20.840221,21.802891,22.709712,23.531617,24.249042,24.852354,25.342298,25.729807,26.031434,26.270515,26.472846,26.665071,26.873478,27.121754
0.659799,48.485972,48.175434,47.790826,47.322785,46.762721,46.104667,45.343011,44.479683,43.516479,42.461398,41.330797,40.138058,38.910972,37.670118,36.448238,35.274560,34.174980,33.177735,32.304651,31.575127,30.997818,30.577649,30.311706,30.189639,30.199113,30.318675,30.525807,30.799450,31.116628,31.453969,31.793112,32.121080,32.425919,32.700910,32.941315,33.147471,33.321324,33.466592,33.588723,33.692360,33.783013,33.865286,33.943115,34.019629,34.096671,34.175235,34.256237,34.339353,34.424049,34.511378,34.601369,34.694823,34.791478,34.890675,34.991715,35.094086,35.197056,35.299456,35.400841,35.500482,35.597415,35.691131,35.781552,35.867966,35.950041,36.028874,36.104066,36.177055,36.248206,36.317819,36.386190,36.454177,36.521644,36.588581,36.655310,36.721734,36.787571,36.852264,36.915402,36.976726,37.036047,37.093405,37.149528,37.204636,37.258787,37.312661,37.367179,37.422051,37.478313,37.536135,37.594129,37.653990,37.715370,37.776930,37.840348,37.903651,37.966276,38.029072,38.089865,38.150013,38.207165,38.262145,38.314201,38.361562,38.405338,38.445252,38.480519,38.510972,38.538107,38.560389,38.579527,38.595658,38.609775,38.620949,38.631322,38.641088,38.648436,38.656057,38.660740,38.664200,38.666005,38.661886,38.654479,38.643451,38.622239,38.597473,38.562085,38.514728,38.460548,38.399840,38.322937,38.242945,38.146877,38.049003,37.935790,37.817871,37.694743,37.559340,37.411597,37.259235,37.092312,36.909797,36.714204,36.500879,36.268886,36.012819,35.736747,35.437156,35.119430,34.783749,34.428652,34.057841,33.678270,33.295633,32.919030,32.551980,32.197328,31.858323,31.529787,31.207326,30.878570,30.529512,30.142894,29.698931,29.177153,28.561380,27.837846,26.996256,26.040472,24.977205,23.828696,22.623818,21.401679,20.206273,19.084765,18.090833,17.261779,16.643924,16.254836,16.117165,16.231775,16.579748,17.142066,17.876255,18.742361,19.688758,20.668368,21.634641,22.547993,23.378652,24.104426,24.717094,25.216632,25.611262,25.919242,26.162359,26.366875,26.559965,26.767765,27.014604
0.670352,48.513256,48.211203,47.837109,47.381349,46.836315,46.194646,45.452065,44.609813,43.668420,42.639727,41.532058,40.367690,39.163298,37.950160,36.751388,35.597262,34.515815,33.532438,32.672430,31.949446,31.376687,30.957166,30.688412,30.562765,30.563623,30.675957,30.874243,31.140130,31.446396,31.776185,32.109713,32.432979,32.733007,33.005212,33.244166,33.449549,33.623565,33.769587,33.892549,33.997056,34.088902,34.171677,34.250218,34.327249,34.404243,34.482568,34.563112,34.645985,34.730377,34.816381,34.905843,34.998103,35.094045,35.192125,35.292742,35.394140,35.495931,35.597855,35.699010,35.798431,35.895316,35.989259,36.079862,36.166789,36.249919,36.329099,36.405495,36.478958,36.550253,36.620264,36.689145,36.757212,36.824846,36.892127,36.958895,37.025235,37.091138,37.155896,37.219071,37.280335,37.339470,37.396781,37.452902,37.507900,37.561733,37.614971,37.668675,37.722526,37.778132,37.833529,37.891113,37.949549,38.008546,38.069725,38.130282,38.191936,38.253398,38.314756,38.373661,38.432681,38.488099,38.542307,38.591664,38.638657,38.680702,38.717949,38.751773,38.781130,38.806348,38.828298,38.845415,38.860142,38.872933,38.883082,38.891731,38.898256,38.905120,38.908965,38.912936,38.913600,38.909940,38.903229,38.893118,38.873537,38.850798,38.817642,38.775274,38.723103,38.660838,38.584889,38.501661,38.411740,38.308981,38.193754,38.076796,37.944713,37.811049,37.665528,37.508292,37.346978,37.169666,36.984141,36.781794,36.562656,36.323400,36.064822,35.785371,35.483272,35.162837,34.824887,34.468891,34.096291,33.713754,33.329239,32.949634,32.578470,32.221829,31.878432,31.548325,31.222850,30.893236,30.544024,30.158715,29.717012,29.200572,28.588958,27.869976,27.035564,26.083421,25.023152,23.875464,22.668252,21.440172,20.233622,19.101563,18.086664,17.239576,16.597013,16.189652,16.028807,16.117419,16.449734,16.992959,17.717347,18.574052,19.517767,20.497395,21.467080,22.386605,23.225605,23.961100,24.582742,25.090730,25.493418,25.807117,26.054462,26.261662,26.455614,26.663034,26.908584
0.680905,48.540596,48.247218,47.883640,47.440854,46.910338,46.285627,45.562349,44.741432,43.823303,42.818202,41.738801,40.598005,39.422781,38.233440,37.058438,35.924332,34.861868,33.896217,33.047064,32.332082,31.763620,31.345084,31.074467,30.942584,30.937162,31.041057,31.231364,31.485448,31.785081,32.106406,32.432762,32.748592,33.044865,33.313958,33.550888,33.755701,33.929667,34.076531,34.199997,34.306020,34.398635,34.482974,34.562183,34.639736,34.717217,34.795559,34.875869,34.958424,35.042394,35.128040,35.216101,35.307667,35.402667,35.499968,35.598910,35.699605,35.800405,35.901816,36.002008,36.101125,36.197807,36.291849,36.382705,36.469905,36.553242,36.633120,36.709735,36.783632,36.855277,36.925190,36.994179,37.061936,37.129532,37.196635,37.263321,37.329568,37.395353,37.459911,37.523033,37.584265,37.643416,37.700987,37.757139,37.812084,37.865742,37.918491,37.971444,38.024380,38.078729,38.132614,38.188680,38.244712,38.303292,38.361038,38.420062,38.480388,38.538364,38.597627,38.653843,38.710848,38.763558,38.815736,38.863307,38.905796,38.946463,38.980979,39.012575,39.039745,39.063686,39.081867,39.097643,39.111290,39.120729,39.128908,39.136210,39.141301,39.144232,39.147415,39.146495,39.145197,39.139534,39.127563,39.112959,39.090187,39.057539,39.018029,38.968556,38.908581,38.837740,38.759075,38.663409,38.563738,38.450952,38.325474,38.194657,38.058807,37.908593,37.756425,37.590149,37.420274,37.237565,37.041262,36.834824,36.609479,36.368566,36.106732,35.823613,35.520597,35.197804,34.859024,34.502022,34.128530,33.744823,33.358898,32.976093,32.603306,32.242602,31.897598,31.563762,31.237164,30.905733,30.556590,30.172246,29.733911,29.220889,28.614145,27.901466,27.070648,26.123934,25.066949,23.920329,22.711087,21.477579,20.262965,19.114812,18.086883,17.220208,16.555963,16.120991,15.937606,16.008970,16.318052,16.846952,17.559145,18.407857,19.347695,20.327101,21.299853,22.226105,23.072444,23.817220,24.448954,24.965489,25.375196,25.695159,25.946854,26.156686,26.351770,26.559013,26.803182
0.691457,48.568207,48.283687,47.930984,47.500610,46.985051,46.377541,45.675018,44.874395,43.981839,43.002180,41.946602,40.835711,39.685884,38.520998,37.370542,36.261663,35.218472,34.267658,33.430909,32.724341,32.160536,31.742987,31.469669,31.334120,31.320558,31.415743,31.595069,31.841897,32.129588,32.443442,32.762280,33.071811,33.363865,33.628418,33.863760,34.067264,34.241121,34.388167,34.512870,34.620209,34.714124,34.799896,34.880109,34.958623,35.036633,35.115245,35.195537,35.277839,35.361484,35.446500,35.533719,35.624635,35.717912,35.814284,35.911849,36.011180,36.111497,36.211587,36.310816,36.409336,36.505759,36.599581,36.690379,36.777473,36.860895,36.940896,37.017707,37.091807,37.163272,37.233108,37.301261,37.368872,37.435487,37.502443,37.568741,37.634652,37.700199,37.764400,37.827147,37.888356,37.947834,38.005480,38.061841,38.116859,38.170453,38.222832,38.275148,38.327616,38.380321,38.432639,38.486967,38.540816,38.597400,38.653523,38.708663,38.766223,38.820827,38.877264,38.931402,38.982509,39.034450,39.081962,39.125944,39.166118,39.200922,39.234677,39.263032,39.285713,39.306911,39.323183,39.336199,39.345286,39.353071,39.358771,39.363750,39.365169,39.367443,39.365656,39.363929,39.357072,39.347534,39.334472,39.311810,39.285684,39.247247,39.203820,39.144977,39.077515,39.001462,38.908142,38.809601,38.693954,38.571140,38.442265,38.301345,38.149230,37.992379,37.827972,37.658340,37.475571,37.287976,37.085673,36.873813,36.645328,36.399217,36.135729,35.851157,35.546884,35.223505,34.884190,34.527369,34.153512,33.769432,33.382070,32.998233,32.622326,32.260241,31.911648,31.575951,31.247311,30.914881,30.565507,30.182562,29.745987,29.236568,28.636236,27.927187,27.103636,26.160148,25.108025,23.962150,22.751899,21.512616,20.288931,19.130923,18.083225,17.199157,16.511145,16.058468,15.852616,15.898283,16.191749,16.704028,17.401557,18.243650,19.178453,20.157771,21.133661,22.065486,22.920328,23.673539,24.314377,24.839294,25.257179,25.582934,25.839329,26.051769,26.248146,26.455368,26.698312
0.702010,48.596271,48.320687,47.978742,47.561570,47.061390,46.472137,45.789171,45.010914,44.141651,43.188964,42.160411,41.075773,39.953474,38.818815,37.692025,36.604705,35.583240,34.649171,33.824507,33.128327,32.568830,32.152487,31.877730,31.735725,31.716574,31.800459,31.970929,32.207504,32.486592,32.788818,33.099811,33.404544,33.689747,33.951472,34.183347,34.385675,34.559097,34.706695,34.832275,34.940958,35.036341,35.123603,35.204997,35.284571,35.363232,35.442674,35.523136,35.605211,35.688321,35.772700,35.859222,35.949131,36.041110,36.135684,36.232544,36.330365,36.428504,36.527719,36.626131,36.723311,36.819204,36.912873,37.003079,37.089910,37.173234,37.253051,37.329502,37.403391,37.474519,37.543318,37.611268,37.677388,37.743757,37.809218,37.874967,37.940655,38.005056,38.068896,38.131412,38.192500,38.252018,38.310177,38.366695,38.421748,38.475316,38.527667,38.579128,38.630528,38.682422,38.733155,38.785569,38.838029,38.889756,38.944086,38.995664,39.048277,39.102003,39.151561,39.203371,39.251685,39.295661,39.338571,39.378109,39.415790,39.447747,39.474040,39.499976,39.519919,39.534449,39.547138,39.558238,39.565089,39.568382,39.572319,39.571942,39.572651,39.570674,39.565509,39.560658,39.550104,39.538250,39.519281,39.491774,39.460403,39.416138,39.366347,39.300509,39.228273,39.138865,39.042924,38.929532,38.807686,38.675266,38.536534,38.382883,38.227345,38.060968,37.884769,37.706678,37.518607,37.320428,37.114385,36.897628,36.664762,36.417534,36.151588,35.866197,35.561307,35.237951,34.898948,34.542604,34.169812,33.785652,33.397842,33.012700,32.635246,32.270956,31.920159,31.582735,31.251435,30.917968,30.568634,30.186904,29.752881,29.248015,28.651801,27.948274,27.129505,26.193045,25.143518,24.000536,22.789112,21.546516,20.315418,19.143006,18.083240,17.176551,16.472063,15.992727,15.764814,15.793458,16.063900,16.560198,17.247550,18.079404,19.010658,19.989127,20.967986,21.905702,22.767319,23.529880,24.178938,24.713097,25.138081,25.470393,25.731198,25.946751,26.144460,26.351653,26.593665
0.712563,48.624868,48.358347,48.027620,47.623919,47.139225,46.568173,45.905767,45.150482,44.307315,43.379077,42.381153,41.325194,40.231537,39.121266,38.024129,36.960739,35.958816,35.041013,34.231981,33.543934,32.990592,32.575545,32.298699,32.151474,32.123721,32.200665,32.360892,32.583846,32.853942,33.146380,33.449980,33.745410,34.026438,34.282450,34.511769,34.712478,34.885114,35.032929,35.159326,35.269302,35.366267,35.454749,35.538043,35.618563,35.698120,35.778183,35.859184,35.941035,36.023767,36.107670,36.193559,36.281481,36.372753,36.465790,36.560026,36.656558,36.752918,36.850684,36.947375,37.044105,37.138736,37.231764,37.321249,37.407715,37.490164,37.569670,37.645316,37.718546,37.788800,37.856543,37.923544,37.988764,38.053118,38.118297,38.182716,38.246471,38.310659,38.373362,38.435594,38.496597,38.556263,38.614502,38.671425,38.726664,38.780285,38.832471,38.883841,38.933919,38.984528,39.034346,39.083094,39.133936,39.182375,39.233272,39.280639,39.330903,39.376652,39.425153,39.468096,39.511053,39.553824,39.589038,39.625358,39.653418,39.680156,39.703040,39.722023,39.737201,39.750709,39.758883,39.762435,39.765440,39.767881,39.765248,39.764086,39.758334,39.754239,39.745308,39.737000,39.722245,39.704408,39.682549,39.651965,39.611211,39.565422,39.504385,39.436648,39.352006,39.260336,39.150589,39.031609,38.900847,38.762211,38.608184,38.451262,38.280396,38.107980,37.923401,37.737313,37.540199,37.339590,37.128057,36.904723,36.670599,36.420123,36.153216,35.867655,35.562960,35.239978,34.901659,34.547338,34.175118,33.791905,33.403920,33.017846,32.639401,32.272968,31.920900,31.581001,31.247976,30.913432,30.563994,30.183430,29.752493,29.250300,28.658921,27.963192,27.150423,26.218821,25.173881,24.033757,22.822345,21.575928,20.337397,19.156435,18.078907,17.158368,16.429519,15.933087,15.683190,15.688553,15.941651,16.421239,17.093213,17.917708,18.843087,19.821040,20.802504,21.745063,22.614491,23.384776,24.043010,24.585668,25.018139,25.356640,25.622105,25.840793,26.040063,26.247449,26.488538
0.723116,48.654068,48.396799,48.077434,47.687107,47.219106,46.665845,46.024375,45.294214,44.475968,43.575362,42.604926,41.579982,40.514187,39.436171,38.362678,37.326089,36.344697,35.448083,34.651157,33.974734,33.426726,33.013640,32.734065,32.583022,32.547838,32.612651,32.761998,32.976684,33.232694,33.517652,33.809313,34.099109,34.371926,34.624526,34.850312,35.048245,35.220059,35.367833,35.495382,35.606090,35.705124,35.795131,35.879569,35.961067,36.042010,36.122700,36.204116,36.285851,36.368010,36.451586,36.535971,36.623233,36.712372,36.803005,36.896375,36.989812,37.085312,37.180178,37.276097,37.370644,37.464834,37.556091,37.645228,37.730260,37.812024,37.890700,37.965196,38.036873,38.105797,38.173180,38.237485,38.301739,38.365078,38.427615,38.491086,38.553846,38.615927,38.678071,38.739918,38.800545,38.860212,38.918675,38.975671,39.031214,39.085016,39.137228,39.187538,39.236922,39.285588,39.334286,39.381817,39.427407,39.475088,39.518987,39.565379,39.606924,39.649409,39.690421,39.732098,39.768937,39.800589,39.834429,39.862131,39.883320,39.906392,39.920432,39.935851,39.945130,39.948778,39.953935,39.952243,39.950589,39.948775,39.943367,39.934700,39.928020,39.916449,39.906652,39.890828,39.875071,39.852612,39.822111,39.786223,39.744109,39.687749,39.625013,39.545702,39.459023,39.354476,39.239632,39.115287,38.976048,38.823050,38.665993,38.494293,38.320179,38.133656,37.946077,37.747989,37.548324,37.338508,37.123808,36.897042,36.660177,36.408045,36.140385,35.854824,35.550507,35.228798,34.892089,34.539193,34.168490,33.786319,33.398480,33.012140,32.632938,32.265168,31.910399,31.568833,31.234192,30.898888,30.549371,30.169697,29.741645,29.243367,28.658300,27.966900,27.160760,26.235639,25.197995,24.060181,22.850308,21.601833,20.357750,19.166151,18.076826,17.136047,16.392077,15.870479,15.599109,15.583849,15.818351,16.281794,16.942877,17.756175,18.677301,19.653573,20.637092,21.584375,22.460323,23.239412,23.906122,24.456395,24.896728,25.241426,25.511740,25.733496,25.934365,26.142038,26.382477
0.733668,48.683908,48.436147,48.128363,47.751973,47.300017,46.766872,46.146543,45.440590,44.647742,43.778139,42.837789,41.841987,40.808719,39.756966,38.715448,37.701351,36.746248,35.866082,35.086752,34.419444,33.878509,33.467436,33.186088,33.029921,32.986804,33.041582,33.181187,33.380939,33.628383,33.900851,34.182376,34.463652,34.729424,34.976860,35.198348,35.394571,35.564898,35.712556,35.840723,35.952569,36.052823,36.143961,36.229903,36.313130,36.394811,36.476236,36.557876,36.639471,36.721247,36.804020,36.887677,36.972502,37.059728,37.149424,37.239360,37.331781,37.424060,37.517393,37.611404,37.704622,37.796725,37.886448,37.974384,38.058552,38.139204,38.215557,38.289010,38.359842,38.427157,38.491295,38.554340,38.616761,38.677268,38.739266,38.799593,38.861372,38.922407,38.982910,39.043768,39.104307,39.163683,39.222109,39.279359,39.335085,39.388911,39.440767,39.490567,39.539500,39.586922,39.632209,39.676932,39.721842,39.762839,39.803897,39.845477,39.881589,39.920826,39.953205,39.988582,40.015766,40.045957,40.067075,40.087469,40.107113,40.117133,40.129695,40.132771,40.138200,40.135171,40.134647,40.126989,40.122200,40.111060,40.100783,40.091116,40.075960,40.063389,40.045034,40.028187,40.003565,39.976028,39.944407,39.903220,39.850808,39.792924,39.719285,39.638146,39.539587,39.430335,39.310481,39.172757,39.025615,38.869880,38.698597,38.523888,38.335827,38.146278,37.946268,37.745560,37.535916,37.324046,37.103602,36.874432,36.633841,36.381152,36.112788,35.827381,35.524435,35.204099,34.868464,34.516979,34.149068,33.767473,33.380228,32.993594,32.613669,32.244128,31.888229,31.543936,31.208052,30.871852,30.522444,30.144367,29.718198,29.225566,28.644357,27.961783,27.161705,26.243890,25.212645,24.079229,22.871190,21.621526,20.372853,19.171704,18.069810,17.116781,16.350953,15.811497,15.521321,15.483605,15.700882,16.147686,16.792892,17.598062,18.512214,19.486782,20.471915,21.423941,22.306215,23.092519,23.767055,24.325978,24.773439,25.124549,25.399607,25.624443,25.827005,26.035173,26.275148
0.744221,48.714350,48.476247,48.180254,47.818562,47.383602,46.869090,46.271667,45.590602,44.825037,43.983427,43.075337,42.109508,41.107978,40.091097,39.075310,38.092183,37.159314,36.299351,35.535118,34.881195,34.346263,33.937769,33.654959,33.493699,33.442567,33.487024,33.614996,33.803996,34.035769,34.298241,34.570492,34.839817,35.100237,35.339959,35.558389,35.751042,35.920354,36.067444,36.195800,36.308759,36.409901,36.502328,36.589814,36.673937,36.756432,36.838571,36.920339,37.001950,37.083441,37.164713,37.247377,37.330995,37.415697,37.503223,37.590702,37.680779,37.771323,37.862393,37.952822,38.044562,38.133993,38.222993,38.308263,38.390895,38.470549,38.545177,38.617492,38.685125,38.751146,38.812892,38.874371,38.932910,38.992757,39.051584,39.110441,39.168715,39.228115,39.288287,39.348017,39.407267,39.466479,39.524722,39.581800,39.637537,39.691150,39.742768,39.791918,39.839974,39.885928,39.929103,39.972361,40.011368,40.051574,40.088158,40.120522,40.155513,40.183523,40.214529,40.237008,40.262688,40.282344,40.295282,40.311009,40.316238,40.321234,40.322912,40.324457,40.316767,40.309396,40.299628,40.290706,40.274836,40.262538,40.244176,40.229325,40.210846,40.188760,40.167088,40.145007,40.114867,40.084163,40.042621,39.997845,39.939492,39.875510,39.795569,39.707893,39.605110,39.488917,39.356767,39.214067,39.061781,38.892787,38.718638,38.530457,38.337040,38.139579,37.934619,37.723332,37.511476,37.291520,37.068335,36.835953,36.593403,36.339635,36.070974,35.786188,35.483844,35.165189,34.830638,34.481872,34.114948,33.735118,33.348277,32.961332,32.580567,32.209410,31.851179,31.505740,31.168138,30.830692,30.481283,30.104287,29.681885,29.192428,28.619168,27.941499,27.152028,26.240837,25.215746,24.089728,22.884606,21.634669,20.382322,19.175496,18.062041,17.094792,16.312240,15.755889,15.441826,15.388099,15.583182,16.015220,16.647943,17.441262,18.350149,19.321506,20.307576,21.263323,22.151062,22.944669,23.626996,24.193315,24.648287,25.005029,25.285052,25.513215,25.717613,25.926427,26.166059
0.754774,48.745419,48.517305,48.233369,47.886351,47.468285,46.974705,46.400403,45.744227,45.006701,44.195289,43.317455,42.387833,41.419339,40.430773,39.449822,38.491225,37.583702,36.748259,36.000716,35.357257,34.831032,34.425278,34.141023,33.974721,33.915470,33.949438,34.065401,34.239777,34.462114,34.708806,34.971470,35.230741,35.482977,35.716034,35.929725,36.119047,36.286526,36.432634,36.560839,36.674206,36.776174,36.870152,36.958488,37.043436,37.126944,37.209403,37.291332,37.372821,37.453861,37.534388,37.614902,37.697166,37.779603,37.864732,37.950375,38.036414,38.124319,38.213588,38.301347,38.389860,38.478321,38.564609,38.647762,38.729131,38.805570,38.878864,38.949240,39.015382,39.077315,39.137339,39.196261,39.252057,39.308283,39.365444,39.421759,39.477625,39.534956,39.593519,39.651792,39.709999,39.768402,39.826235,39.883254,39.938643,39.991832,40.043122,40.091527,40.137942,40.182119,40.224913,40.263197,40.301577,40.334111,40.365648,40.396968,40.421166,40.447880,40.468931,40.486916,40.498337,40.509613,40.517363,40.524777,40.524754,40.521019,40.513961,40.500547,40.487972,40.476053,40.458867,40.437275,40.420106,40.395998,40.376432,40.350621,40.328693,40.300551,40.275550,40.243162,40.211855,40.170630,40.125413,40.074763,40.010313,39.940131,39.853911,39.759892,39.648220,39.527589,39.388520,39.238684,39.076318,38.904716,38.717822,38.526916,38.325835,38.116589,37.907085,37.691389,37.470361,37.247205,37.019954,36.784652,36.540063,36.285307,36.016368,35.731845,35.431045,35.112992,34.780340,34.432836,34.067680,33.688757,33.302194,32.914991,32.532554,32.159893,31.799438,31.451839,31.112449,30.773675,30.424426,30.048833,29.629547,29.144835,28.577969,27.909263,27.125802,26.226179,25.207827,24.087678,22.887492,21.640287,20.386319,19.173181,18.052520,17.070198,16.275358,15.697650,15.366617,15.293713,15.472245,15.884963,16.505332,17.288290,18.189763,19.158497,20.144466,21.103183,21.996191,22.796034,23.486113,24.059309,24.520692,24.883589,25.168065,25.399570,25.605988,25.815643,26.054995
0.765327,48.777036,48.559067,48.287682,47.955181,47.555116,47.082016,46.530265,45.900194,45.193785,44.413626,43.567119,42.671460,41.734906,40.783833,39.832771,38.903672,38.022499,37.209572,36.478716,35.850518,35.331315,34.929476,34.644826,34.472232,34.404476,34.430589,34.530981,34.695646,34.900882,35.138166,35.385467,35.637240,35.877893,36.105867,36.312461,36.499135,36.663297,36.808417,36.936077,37.049612,37.152168,37.246852,37.335944,37.422042,37.505895,37.588548,37.670509,37.751802,37.832202,37.911175,37.990509,38.070861,38.151000,38.233559,38.316534,38.399825,38.485618,38.571174,38.656030,38.742529,38.826884,38.910751,38.993005,39.070630,39.146256,39.217405,39.283850,39.348308,39.407482,39.465693,39.519955,39.574929,39.628162,39.680090,39.733552,39.787675,39.843463,39.898392,39.955783,40.013134,40.070144,40.127214,40.183772,40.238305,40.291411,40.341486,40.389763,40.434509,40.477805,40.516489,40.554291,40.586181,40.615977,40.644708,40.665931,40.688974,40.703256,40.719884,40.726710,40.733036,40.739324,40.738078,40.729266,40.720160,40.711024,40.691060,40.672358,40.654756,40.628017,40.603159,40.580178,40.549652,40.521400,40.495306,40.465471,40.431894,40.402608,40.366371,40.332816,40.290447,40.245419,40.196467,40.134814,40.068907,39.988030,39.900152,39.795193,39.681714,39.549794,39.408669,39.249663,39.082566,38.899048,38.707433,38.509117,38.298875,38.087095,37.866854,37.647020,37.422164,37.194100,36.960682,36.722528,36.477141,36.220361,35.951200,35.667106,35.366708,35.049837,34.718021,34.371456,34.008076,33.629455,33.242729,32.854336,32.470853,32.096000,31.732930,31.381660,31.040119,30.700432,30.351166,29.977021,29.560180,29.081719,28.520568,27.858578,27.087274,26.194174,25.187825,24.074226,22.881135,21.636251,20.382868,19.166785,18.037678,17.046697,16.235066,15.642548,15.295427,15.200858,15.361945,15.761455,16.365554,17.138785,18.032852,18.997743,19.982984,20.943886,21.841725,22.647356,23.343718,23.924120,24.391749,24.759789,25.048860,25.283809,25.492318,25.702914,25.942250
0.775879,48.809099,48.601403,48.342556,48.025773,47.643441,47.190738,46.664285,46.060237,45.383432,44.633567,43.824045,42.959615,42.062190,41.141475,40.223498,39.329371,38.473535,37.682575,36.973680,36.357312,35.848521,35.450361,35.164731,34.988875,34.913443,34.925943,35.017063,35.164481,35.357619,35.581403,35.816043,36.056775,36.287706,36.507877,36.708150,36.890362,37.051736,37.194319,37.321125,37.434407,37.537118,37.632232,37.722348,37.808844,37.893013,37.975706,38.057393,38.138414,38.217542,38.295957,38.373183,38.451550,38.530004,38.608444,38.689322,38.769538,38.852278,38.933681,39.017203,39.099148,39.181521,39.263408,39.341351,39.418011,39.489660,39.559068,39.622818,39.683641,39.741889,39.795235,39.848612,39.898296,39.949397,39.997795,40.049266,40.100203,40.151270,40.205637,40.259637,40.316154,40.372256,40.428278,40.483217,40.537599,40.589161,40.639114,40.685419,40.729950,40.769909,40.808190,40.840501,40.870161,40.895712,40.919469,40.935073,40.949051,40.962104,40.968246,40.966946,40.968397,40.958202,40.947739,40.937289,40.918826,40.892713,40.871072,40.843067,40.809215,40.780987,40.744356,40.713517,40.675257,40.642702,40.603625,40.566937,40.532189,40.493588,40.453418,40.407968,40.361628,40.310229,40.254821,40.189172,40.112371,40.029984,39.931496,39.824856,39.702737,39.564524,39.416814,39.251409,39.077502,38.887538,38.691357,38.481843,38.269212,38.046623,37.822066,37.596344,37.366391,37.132466,36.897513,36.655973,36.406802,36.149438,35.879057,35.594816,35.294515,34.978076,34.646491,34.300661,33.937594,33.559029,33.171458,32.781890,32.394805,32.017583,31.650669,31.296916,30.953247,30.611471,30.261466,29.888600,29.474922,28.999710,28.446049,27.792417,27.030830,26.147945,25.151892,24.048919,22.862302,21.622457,20.371118,19.153807,18.019810,17.019749,16.195988,15.590211,15.223553,15.115072,15.257495,15.641104,16.231391,16.994309,17.879730,18.840084,19.823804,20.786060,21.687567,22.498668,23.201087,23.787807,24.261425,24.634716,24.928171,25.166217,25.376880,25.588393,25.827871
0.786432,48.841498,48.644325,48.398420,48.096741,47.733456,47.302329,46.798906,46.224050,45.575099,44.860681,44.082348,43.257446,42.394209,41.509135,40.627751,39.761141,38.938103,38.171523,37.479532,36.880556,36.380118,35.987383,35.702132,35.520687,35.438230,35.439977,35.516545,35.653794,35.830639,36.040396,36.263629,36.489133,36.712805,36.921779,37.117289,37.292562,37.450303,37.591142,37.716265,37.828562,37.931125,38.026496,38.116755,38.203460,38.287612,38.370174,38.451708,38.531770,38.609737,38.686514,38.762874,38.837989,38.913869,38.990192,39.068138,39.145966,39.223460,39.303390,39.381964,39.462592,39.541899,39.619048,39.695862,39.768157,39.838838,39.903789,39.966596,40.024611,40.077812,40.130204,40.178032,40.226720,40.271903,40.319331,40.364518,40.412336,40.462670,40.512541,40.566001,40.619082,40.673793,40.728570,40.783285,40.835747,40.887132,40.934851,40.980974,41.022657,41.061395,41.097245,41.126445,41.152398,41.175634,41.190328,41.205000,41.213000,41.213389,41.211892,41.205662,41.198445,41.183032,41.159507,41.139606,41.107641,41.079955,41.045137,41.003919,40.968559,40.924469,40.886415,40.843946,40.801069,40.754717,40.714412,40.670397,40.622911,40.580365,40.530630,40.483876,40.427820,40.369632,40.307630,40.233079,40.152523,40.064042,39.961775,39.844795,39.716640,39.576653,39.418568,39.251245,39.067229,38.873178,38.668479,38.456737,38.235617,38.006889,37.778025,37.543109,37.308100,37.072382,36.830980,36.587296,36.335380,36.075562,35.804640,35.519180,35.218186,34.901600,34.569613,34.223053,33.859913,33.480187,33.090808,32.698074,32.309072,31.926526,31.557394,31.198777,30.851746,30.506872,30.156149,29.783462,29.371695,28.902107,28.352985,27.710479,26.957361,26.085361,25.100569,24.008258,22.829475,21.598751,20.350524,19.134253,17.997465,16.989418,16.157322,15.536203,15.157646,15.030240,15.159376,15.524667,16.102620,16.853414,17.731913,18.686117,19.667961,20.630543,21.534685,22.350705,23.058717,23.650903,24.130238,24.508767,24.806049,25.047157,25.259706,25.472290,25.711916
0.796985,48.874191,48.687497,48.454462,48.168892,47.823936,47.413936,46.936916,46.389075,45.770807,45.089655,44.348412,43.556274,42.732204,41.883689,41.035370,40.206379,39.408879,38.670160,37.999197,37.416307,36.926562,36.539460,36.254847,36.069637,35.978289,35.972194,36.034389,36.157576,36.321790,36.512939,36.722499,36.939153,37.148560,37.351080,37.536675,37.707863,37.860214,37.997974,38.120937,38.232157,38.333995,38.429154,38.519034,38.605550,38.689485,38.771560,38.852593,38.931271,39.008576,39.083916,39.157435,39.231498,39.304906,39.378400,39.451445,39.525810,39.601743,39.676432,39.753630,39.829072,39.905161,39.980130,40.053139,40.124356,40.190449,40.253499,40.313458,40.367435,40.418491,40.467615,40.511910,40.557083,40.598602,40.642355,40.683787,40.728019,40.775395,40.822379,40.872279,40.924845,40.976702,41.030597,41.082791,41.134476,41.184615,41.231470,41.274691,41.315245,41.352899,41.384110,41.411370,41.435356,41.450803,41.464748,41.469178,41.470788,41.470108,41.458375,41.447697,41.424876,41.400638,41.375651,41.338485,41.304991,41.259908,41.215871,41.173177,41.125010,41.075879,41.022474,40.972047,40.921361,40.870625,40.822857,40.771618,40.719988,40.664705,40.613739,40.554500,40.497053,40.429210,40.360499,40.279492,40.195003,40.095863,39.987775,39.869259,39.735425,39.585777,39.425969,39.249199,39.061591,38.863682,38.653091,38.431530,38.204519,37.973623,37.735376,37.498324,37.256459,37.014538,36.771432,36.522978,36.267766,36.006075,35.731791,35.444933,35.142847,34.825246,34.491741,34.143337,33.779045,33.397746,33.005739,32.608513,32.214353,31.829075,31.452782,31.091235,30.737784,30.390869,30.036715,29.663662,29.253356,28.787203,28.245376,27.608684,26.867002,26.006359,25.033495,23.951076,22.786018,21.561335,20.321082,19.107072,17.969346,16.957440,16.115862,15.485866,15.091723,14.951046,15.064873,15.415560,15.981227,16.720503,17.588778,18.537958,19.516044,20.478267,21.384416,22.204054,22.916886,23.514719,23.999222,24.382169,24.683116,24.927100,25.141600,25.355115,25.595039
0.807538,48.907080,48.730831,48.511061,48.241134,47.914479,47.527495,47.074292,46.555726,45.968579,45.321270,44.615920,43.861065,43.072767,42.266456,41.454486,40.654795,39.892787,39.176853,38.531517,37.962967,37.486077,37.105218,36.821887,36.633803,36.535277,36.517183,36.568177,36.677150,36.826452,37.002668,37.199981,37.399686,37.600964,37.790403,37.970279,38.132780,38.281677,38.414459,38.535388,38.644898,38.745688,38.839612,38.929076,39.014731,39.098227,39.179785,39.259367,39.337423,39.412527,39.486117,39.558067,39.629177,39.700556,39.770229,39.840871,39.912833,39.983236,40.055329,40.129175,40.201316,40.275062,40.345902,40.415776,40.483990,40.547092,40.608238,40.663251,40.716189,40.764177,40.807696,40.850926,40.889600,40.928587,40.968579,41.006392,41.048313,41.089793,41.134845,41.183056,41.230926,41.282304,41.332632,41.383701,41.434553,41.481925,41.527853,41.569307,41.608837,41.642247,41.673092,41.697630,41.714912,41.729748,41.737069,41.736264,41.734523,41.721885,41.709093,41.687552,41.656943,41.627811,41.586478,41.547937,41.497570,41.451079,41.397916,41.338878,41.285714,41.228118,41.166610,41.108223,41.053030,40.994630,40.933418,40.875237,40.816703,40.760233,40.696565,40.636041,40.566429,40.497155,40.416688,40.334237,40.238891,40.136147,40.024357,39.896413,39.759134,39.606196,39.437816,39.257797,39.066710,38.859975,38.645640,38.418772,38.187926,37.948134,37.706135,37.463642,37.218178,36.971230,36.720664,36.469474,36.210386,35.944565,35.669093,35.378895,35.075219,34.754020,34.417890,34.068168,33.699901,33.316315,32.920307,32.519254,32.119642,31.725725,31.345640,30.974956,30.618167,30.264143,29.906994,29.532336,29.121810,28.657652,28.121448,27.493844,26.758955,25.913107,24.950727,23.882481,22.725815,21.514487,20.279897,19.071228,17.935768,16.921386,16.074335,15.435208,15.030798,14.875897,14.974454,15.313915,15.864587,16.592951,17.453653,18.395258,19.370127,20.330828,21.237985,22.060456,22.777413,23.379709,23.868966,24.256045,24.560466,24.807180,25.023523,25.237993,25.478201
0.818090,48.940032,48.774356,48.567410,48.313421,48.005610,47.640695,47.212888,46.721954,46.168934,45.554575,44.883781,44.170821,43.421471,42.648865,41.876592,41.114293,40.379556,39.695878,39.070039,38.522517,38.057899,37.683883,37.402643,37.212570,37.106750,37.080144,37.118847,37.209775,37.343935,37.509276,37.687793,37.875905,38.065040,38.245427,38.413543,38.571092,38.713345,38.841747,38.959003,39.066589,39.165137,39.258195,39.346080,39.431180,39.513273,39.593655,39.672515,39.748333,39.822642,39.894519,39.963896,40.033261,40.100496,40.168805,40.235318,40.303818,40.370756,40.439153,40.509513,40.578292,40.648709,40.716188,40.783936,40.847051,40.909013,40.966178,41.019180,41.066930,41.112829,41.153037,41.192709,41.228968,41.264030,41.297397,41.334217,41.369968,41.410578,41.452149,41.494717,41.541930,41.588675,41.638536,41.686607,41.734752,41.781828,41.824653,41.865013,41.902486,41.934660,41.960540,41.981914,41.998732,42.006194,42.010772,42.007335,41.995145,41.981636,41.956321,41.927448,41.895772,41.851792,41.809249,41.754971,41.703368,41.640978,41.582852,41.519059,41.450623,41.384894,41.322286,41.253085,41.190249,41.124703,41.056627,40.991676,40.926531,40.863156,40.795645,40.722974,40.649477,40.571231,40.489404,40.396359,40.299604,40.191090,40.069990,39.938919,39.796570,39.637472,39.466310,39.283208,39.084206,38.874460,38.655119,38.423531,38.187516,37.942811,37.697207,37.446435,37.197417,36.943896,36.691293,36.432664,36.171731,35.901782,35.620728,35.328946,35.020031,34.697183,34.356357,34.003104,33.631652,33.241408,32.841413,32.432522,32.027618,31.625686,31.237834,30.858862,30.494908,30.133702,29.772186,29.392007,28.980522,28.517780,27.985179,27.363066,26.639549,25.801372,24.851167,23.795903,22.655725,21.452738,20.230674,19.027554,17.895821,16.881462,16.031455,15.384469,14.971151,14.805002,14.892084,15.216570,15.757187,16.474597,17.324858,18.260633,19.230385,20.189332,21.096531,21.920924,22.641257,23.247345,23.740718,24.131597,24.439371,24.688513,24.906645,25.122134,25.362637
0.828643,48.972807,48.817701,48.623898,48.385225,48.096937,47.753113,47.352182,46.889135,46.368074,45.786743,45.156441,44.477871,43.769994,43.036523,42.299771,41.573460,40.876423,40.217336,39.619692,39.088194,38.638681,38.272500,37.994599,37.802273,37.692226,37.653616,37.679861,37.760631,37.879852,38.025655,38.193604,38.367719,38.540376,38.709895,38.871513,39.018650,39.154806,39.279108,39.392407,39.496924,39.593341,39.683655,39.770586,39.853622,39.934655,40.013981,40.090311,40.165131,40.236906,40.306798,40.374489,40.441335,40.505798,40.571151,40.634368,40.699408,40.762929,40.828805,40.894565,40.959878,41.026980,41.092091,41.154585,41.216522,41.273381,41.328442,41.378462,41.424199,41.464772,41.502772,41.538899,41.570245,41.602859,41.632445,41.665500,41.697494,41.734534,41.771163,41.812922,41.854547,41.900697,41.945689,41.993297,42.039315,42.082611,42.125131,42.163616,42.197196,42.226847,42.251144,42.270920,42.281472,42.288454,42.285499,42.277235,42.262077,42.242525,42.211172,42.178502,42.133588,42.085522,42.035123,41.976622,41.910391,41.846945,41.774098,41.705770,41.629938,41.559847,41.483400,41.410339,41.340429,41.268259,41.193921,41.125127,41.053681,40.979082,40.905276,40.828936,40.751525,40.667091,40.575043,40.480718,40.374452,40.260920,40.138556,40.002715,39.852822,39.691201,39.517354,39.327574,39.127205,38.913297,38.687237,38.452847,38.210894,37.964488,37.712835,37.457346,37.201632,36.946032,36.685408,36.424555,36.155694,35.881256,35.598242,35.299734,34.988771,34.659047,34.315777,33.956138,33.577924,33.184485,32.774634,32.361488,31.944402,31.537049,31.135382,30.748417,30.373055,30.004598,29.635868,29.249413,28.835215,28.371014,27.840045,27.223899,26.505802,25.680502,24.740600,23.700242,22.569579,21.382690,20.168611,18.976576,17.849458,16.837081,15.986130,15.334935,14.914122,14.739492,14.813704,15.128510,15.655984,16.363226,17.205901,18.133538,19.099065,20.054724,20.961355,21.786702,22.509401,23.118823,23.615712,24.010155,24.321024,24.572497,24.792289,25.008817,25.249786
0.839196,49.005227,48.860610,48.679796,48.457062,48.186761,47.866047,47.489048,47.056714,46.565061,46.021564,45.424825,44.789268,44.116644,43.427849,42.729871,42.037700,41.374454,40.745259,40.171181,39.663268,39.226083,38.870626,38.596369,38.403670,38.286859,38.241859,38.255102,38.322205,38.426652,38.559458,38.710331,38.868355,39.030118,39.189811,39.339859,39.478427,39.608719,39.726024,39.835596,39.935046,40.029078,40.117194,40.201016,40.282457,40.362142,40.438862,40.513629,40.586529,40.656329,40.724689,40.789536,40.853816,40.916200,40.976893,41.038604,41.098417,41.160374,41.220902,41.283109,41.346936,41.408716,41.470462,41.531642,41.588482,41.644200,41.694237,41.742219,41.784904,41.822471,41.858356,41.888825,41.919142,41.945534,41.972750,42.002035,42.030244,42.063580,42.098003,42.133585,42.174456,42.216216,42.259399,42.302244,42.345862,42.387830,42.428264,42.464589,42.496915,42.523289,42.544960,42.561739,42.569218,42.572762,42.566148,42.555571,42.533991,42.509019,42.472271,42.433203,42.382283,42.327595,42.270086,42.201789,42.134674,42.057911,41.981243,41.905649,41.823194,41.745896,41.665882,41.586338,41.504826,41.426745,41.351574,41.272319,41.197479,41.119772,41.038189,40.958259,40.870722,40.782927,40.687745,40.584462,40.475379,40.358804,40.228915,40.090460,39.937157,39.773122,39.593611,39.402775,39.196783,38.980539,38.751428,38.514605,38.269055,38.016355,37.761736,37.501899,37.242757,36.979084,36.714640,36.448382,36.175693,35.895987,35.604788,35.303840,34.984820,34.652349,34.299999,33.933772,33.550425,33.150039,32.731481,32.309578,31.881971,31.461334,31.050267,30.654022,30.263961,29.884116,29.505749,29.112246,28.689534,28.223477,27.691598,27.077742,26.365805,25.548755,24.619912,23.590108,22.476417,21.298997,20.100200,18.915406,17.796143,16.789543,15.939356,15.286157,14.859544,14.677313,14.743835,15.046714,15.565417,16.262041,17.095352,18.016994,18.976375,19.929017,20.833762,21.659230,22.383416,22.995606,23.495437,23.893117,24.206745,24.460593,24.681916,24.899444,25.140870
0.849749,49.037151,48.903032,48.734791,48.527477,48.276442,47.977060,47.625373,47.220576,46.763258,46.251443,45.695432,45.094737,44.464395,43.815870,43.154556,42.502380,41.873745,41.277593,40.727551,40.241065,39.820816,39.474036,39.205430,39.012749,38.891736,38.838670,38.842679,38.893094,38.985107,39.100841,39.238989,39.382770,39.531509,39.679466,39.819142,39.950103,40.070236,40.183397,40.285793,40.382543,40.471554,40.557215,40.638215,40.717266,40.794744,40.869147,40.942239,41.011997,41.080665,41.145649,41.209342,41.269716,41.329153,41.388386,41.445249,41.503564,41.560144,41.619205,41.677017,41.737335,41.795677,41.855175,41.911180,41.965887,42.018483,42.066496,42.109497,42.150156,42.185857,42.217702,42.245099,42.270848,42.296233,42.320000,42.343000,42.370244,42.397045,42.427924,42.462702,42.497378,42.537212,42.577449,42.617383,42.659390,42.698817,42.735008,42.768997,42.800014,42.823936,42.844293,42.855942,42.863087,42.860667,42.852166,42.837717,42.814072,42.780573,42.743251,42.694393,42.642832,42.582351,42.513527,42.444527,42.365900,42.288412,42.205523,42.118478,42.035316,41.947014,41.861490,41.778634,41.692158,41.608764,41.528235,41.446323,41.362577,41.280081,41.197585,41.108935,41.020398,40.924169,40.826102,40.720193,40.606797,40.483410,40.352585,40.209492,40.053460,39.886375,39.704676,39.511051,39.302956,39.083971,38.853372,38.612278,38.364621,38.108942,37.850539,37.586773,37.322926,37.054467,36.786287,36.511568,36.233422,35.947930,35.653995,35.343786,35.021760,34.679218,34.323342,33.947684,33.558548,33.145670,32.721797,32.284557,31.847397,31.416930,30.992290,30.575956,30.177414,29.783472,29.387040,28.982696,28.554415,28.079171,27.544567,26.931171,26.223386,25.411055,24.493918,23.474069,22.371155,21.210344,20.022292,18.848515,17.738343,16.738298,15.891292,15.238089,14.808934,14.621510,14.679506,14.974958,15.482866,16.171130,16.996577,17.910029,18.864536,19.812906,20.715706,21.540363,22.265114,22.878894,23.381423,23.781873,24.098074,24.353935,24.576781,24.795216,25.036909
0.860302,49.068396,48.944449,48.789061,48.596913,48.364210,48.085738,47.760418,47.383192,46.957521,46.481968,45.959378,45.401730,44.809247,44.201199,43.582199,42.965237,42.369284,41.804916,41.286539,40.820326,40.415821,40.082513,39.819147,39.627452,39.504250,39.442099,39.435681,39.477109,39.551469,39.656798,39.776132,39.909934,40.045371,40.177583,40.306723,40.430039,40.543419,40.648450,40.745895,40.835928,40.922356,41.003034,41.081457,41.158256,41.231821,41.304739,41.374297,41.442196,41.508476,41.571023,41.631677,41.690824,41.746738,41.802148,41.857572,41.911631,41.965813,42.020624,42.075000,42.131837,42.186717,42.242005,42.296790,42.348392,42.396139,42.442103,42.483181,42.519262,42.552159,42.582050,42.606544,42.629235,42.651308,42.671750,42.691350,42.714902,42.738016,42.766602,42.795188,42.827722,42.864235,42.900020,42.939384,42.976399,43.014382,43.048148,43.079750,43.108314,43.129815,43.146653,43.158030,43.161402,43.157550,43.146053,43.125466,43.098163,43.064252,43.019230,42.969910,42.909290,42.843788,42.774416,42.695656,42.616469,42.529264,42.441312,42.353712,42.261179,42.172362,42.080390,41.992621,41.903942,41.814662,41.729564,41.642023,41.557605,41.471119,41.381509,41.292094,41.196599,41.099562,40.994942,40.886681,40.769925,40.644728,40.509106,40.364380,40.207020,40.036875,39.854399,39.658934,39.449807,39.229100,38.996989,38.754891,38.504060,38.247416,37.984281,37.719052,37.448793,37.178393,36.902419,36.625418,36.341795,36.050514,35.746946,35.433593,35.100829,34.754621,34.386905,34.006873,33.604629,33.186575,32.747042,32.299938,31.852523,31.401284,30.960846,30.534863,30.112762,29.705771,29.296142,28.876830,28.431034,27.949870,27.408001,26.789709,26.082592,25.274749,24.362805,23.354995,22.263712,21.112008,19.938127,18.776172,17.676239,16.684285,15.841775,15.191113,14.761297,14.570189,14.623510,14.910638,15.411790,16.091777,16.908153,17.815073,18.763809,19.707990,20.608049,21.431357,22.155906,22.770625,23.274902,23.677538,23.996021,24.253897,24.478074,24.697128,24.938903
0.870854,49.098771,48.984884,48.841683,48.664986,48.449626,48.193354,47.891103,47.543717,47.146878,46.706924,46.223066,45.700073,45.152095,44.579463,44.000234,43.426858,42.866461,42.334103,41.839239,41.398426,41.011781,40.691282,40.435487,40.245980,40.119683,40.053169,40.037946,40.064681,40.127691,40.218979,40.326290,40.442075,40.564466,40.688359,40.806416,40.916933,41.023429,41.120001,41.212438,41.297009,41.378911,41.455393,41.530165,41.603629,41.674044,41.744111,41.811619,41.876272,41.939988,42.000579,42.057993,42.114503,42.168410,42.220918,42.271510,42.322364,42.373270,42.424714,42.477638,42.529032,42.582527,42.634469,42.684231,42.732879,42.779554,42.821033,42.860302,42.893791,42.924929,42.951221,42.972962,42.993773,43.010658,43.029008,43.045407,43.065416,43.086417,43.108799,43.136571,43.165710,43.196134,43.231244,43.265025,43.301508,43.334804,43.368178,43.396290,43.422351,43.442513,43.457033,43.464229,43.465183,43.459823,43.445649,43.422461,43.393482,43.353781,43.308435,43.252245,43.189659,43.120151,43.044558,42.965383,42.878371,42.789182,42.698840,42.603796,42.510880,42.415282,42.322921,42.228858,42.137064,42.047338,41.956437,41.868402,41.779508,41.690008,41.597773,41.505098,41.407180,41.306912,41.199995,41.088733,40.969609,40.841715,40.705623,40.558323,40.399980,40.229569,40.046550,39.850493,39.641254,39.420113,39.187477,38.944688,38.693400,38.434842,38.170473,37.900824,37.629120,37.352302,37.074389,36.789732,36.500560,36.203270,35.896681,35.572748,35.236384,34.880413,34.504034,34.114867,33.702797,33.274370,32.822721,32.365268,31.896381,31.435845,30.974262,30.530158,30.092351,29.658155,29.233505,28.796124,28.336740,27.836759,27.286850,26.662054,25.950686,25.142646,24.235134,23.233911,22.151022,21.013477,19.848557,18.701710,17.612452,16.627310,15.793442,15.146035,14.717601,14.525161,14.574245,14.856819,15.350286,16.022875,16.833037,17.733162,18.675430,19.615438,20.511706,21.333145,22.056941,22.671906,23.177209,23.581492,23.901837,24.161383,24.386741,24.606235,24.848010
0.881407,49.128079,49.023925,48.892935,48.730544,48.533473,48.296933,48.020077,47.699238,47.333134,46.926861,46.479324,45.994768,45.486389,44.953929,44.417210,43.876866,43.352542,42.853042,42.391502,41.970676,41.606210,41.297000,41.050213,40.864588,40.737410,40.665757,40.641042,40.660156,40.711135,40.785339,40.878968,40.985348,41.092866,41.204703,41.310045,41.413915,41.508831,41.599189,41.685124,41.763922,41.840949,41.912917,41.984282,42.052466,42.120924,42.186447,42.251067,42.314198,42.373820,42.432343,42.487733,42.540153,42.591246,42.641524,42.689925,42.736846,42.785457,42.833661,42.881352,42.931304,42.979495,43.029176,43.075857,43.122432,43.164734,43.205279,43.240385,43.273016,43.300015,43.323774,43.344728,43.360840,43.376928,43.390316,43.405921,43.420340,43.439226,43.459558,43.481406,43.508507,43.535654,43.567441,43.598026,43.631598,43.662127,43.691942,43.719671,43.741379,43.760245,43.771708,43.778670,43.777718,43.768313,43.751898,43.728510,43.695065,43.655154,43.604884,43.548450,43.482050,43.410680,43.331951,43.246803,43.158360,43.067355,42.971713,42.876415,42.779573,42.682934,42.586209,42.491238,42.397961,42.304480,42.213268,42.121673,42.030769,41.939265,41.846654,41.750578,41.652285,41.549405,41.441314,41.328131,41.207611,41.079111,40.941843,40.794584,40.636009,40.465810,40.283855,40.088520,39.879719,39.659859,39.427551,39.185651,38.934112,38.675223,38.409859,38.139247,37.863534,37.584404,37.302372,37.013396,36.720519,36.417577,36.101271,35.774089,35.426532,35.064433,34.679149,34.280399,33.857986,33.418422,32.953862,32.482021,32.000605,31.514980,31.042167,30.573509,30.113993,29.661644,29.206051,28.747366,28.272287,27.757073,27.186555,26.550811,25.832384,25.022378,24.114980,23.117182,22.041737,20.912167,19.761022,18.622899,17.544872,16.572040,15.745338,15.103468,14.678317,14.486414,14.533747,14.812263,15.300513,15.967286,16.769904,17.664083,18.601032,19.535762,20.428221,21.247159,21.969431,22.583812,23.089410,23.494720,23.816412,24.077122,24.303445,24.523504,24.765248
0.891960,49.156242,49.061569,48.942038,48.794253,48.613679,48.397723,48.144219,47.850114,47.513986,47.140723,46.726945,46.284178,45.812875,45.320182,44.820261,44.323614,43.832735,43.366297,42.931734,42.539810,42.193228,41.898564,41.661345,41.480524,41.353541,41.277975,41.247465,41.254238,41.293671,41.359017,41.437780,41.531171,41.628095,41.724459,41.822451,41.913191,42.000902,42.083498,42.162612,42.236419,42.306049,42.375112,42.440428,42.506244,42.569249,42.632094,42.693543,42.753686,42.810977,42.865156,42.917788,42.968114,43.017166,43.063849,43.108483,43.153195,43.198661,43.243655,43.288105,43.334745,43.379728,43.426268,43.469950,43.513689,43.553359,43.591415,43.624218,43.654433,43.679121,43.701346,43.718149,43.732723,43.746218,43.756989,43.769695,43.782423,43.795968,43.814325,43.833074,43.856909,43.882048,43.908084,43.936873,43.966265,43.996315,44.023455,44.046763,44.068142,44.083069,44.094281,44.097730,44.095734,44.085528,44.066750,44.041391,44.006471,43.964455,43.913340,43.853317,43.786103,43.712344,43.630911,43.545588,43.455156,43.360805,43.265023,43.166993,43.068947,42.971378,42.874272,42.778193,42.683261,42.589637,42.496832,42.405077,42.313132,42.220818,42.126735,42.030480,41.930896,41.827475,41.719257,41.605422,41.484758,41.356291,41.219787,41.073334,40.916153,40.746807,40.566141,40.373583,40.166485,39.949285,39.719375,39.477979,39.228653,38.970003,38.705219,38.433765,38.157013,37.876162,37.589488,37.297764,37.000095,36.691868,36.369834,36.036012,35.681330,35.311197,34.917188,34.508657,34.078362,33.621926,33.150026,32.656712,32.158187,31.657410,31.164107,30.668140,30.189620,29.712246,29.230719,28.746830,28.248301,27.706458,27.123360,26.467643,25.739093,24.917873,24.007343,23.010262,21.939445,20.816466,19.674244,18.546869,17.480741,16.515742,15.699268,15.064308,14.644137,14.454256,14.501640,14.777643,15.262443,15.923348,16.720870,17.608327,18.539736,19.469870,20.358540,21.173970,21.894280,22.507356,23.012591,23.418219,23.740406,24.001838,24.228945,24.449389,24.691093
0.902513,49.183159,49.097405,48.989324,48.854838,48.691418,48.495159,48.263769,47.994551,47.689810,47.345912,46.970283,46.560464,46.127434,45.678815,45.215425,44.754040,44.304566,43.871184,43.463629,43.097103,42.769416,42.493056,42.265209,42.090018,41.964891,41.885828,41.850040,41.849740,41.879011,41.929482,41.999636,42.076932,42.163658,42.248682,42.336076,42.417187,42.497511,42.572173,42.641823,42.709477,42.775627,42.837775,42.900436,42.960108,43.020748,43.079859,43.137805,43.193220,43.248063,43.299233,43.349722,43.397250,43.442000,43.486594,43.528392,43.570965,43.611699,43.654415,43.696601,43.738335,43.782054,43.823676,43.865366,43.906262,43.943339,43.979021,44.010295,44.036933,44.060912,44.079307,44.095404,44.107859,44.117481,44.127590,44.135971,44.147004,44.158906,44.172148,44.189035,44.208493,44.231664,44.254748,44.281767,44.308241,44.333273,44.358972,44.379955,44.399144,44.412168,44.421498,44.424051,44.419310,44.408247,44.388902,44.361206,44.326195,44.281963,44.230059,44.169328,44.101423,44.025781,43.944262,43.857338,43.766302,43.671963,43.575250,43.477180,43.379062,43.280950,43.184260,43.088050,42.993503,42.900486,42.807680,42.716191,42.624265,42.532486,42.438428,42.342698,42.243557,42.140187,42.033144,41.920119,41.799837,41.673529,41.538295,41.392835,41.237881,41.073023,40.895269,40.703698,40.501028,40.287674,40.059754,39.823362,39.574933,39.319922,39.056163,38.785134,38.508549,38.226255,37.938661,37.643715,37.341192,37.029472,36.703761,36.360892,36.002918,35.621571,35.223319,34.801037,34.360365,33.897771,33.409907,32.901622,32.389872,31.869991,31.345844,30.835570,30.320834,29.821558,29.316810,28.804076,28.266929,27.707985,27.096162,26.422183,25.673192,24.838033,23.920616,22.918005,21.847778,20.729348,19.592463,18.475858,17.417364,16.464757,15.655486,15.030432,14.614945,14.429758,14.478116,14.753556,15.235523,15.892770,16.684471,17.567206,18.492833,19.418000,20.302524,21.114392,21.831999,22.443044,22.947106,23.352200,23.674341,23.936034,24.163472,24.384107,24.625721
0.913065,49.208700,49.131569,49.034135,48.912833,48.765191,48.587702,48.378134,48.133903,47.857226,47.545943,47.200848,46.830769,46.435404,46.020348,45.600431,45.173912,44.757466,44.357308,43.984309,43.641149,43.334620,43.073373,42.859091,42.689882,42.567224,42.487444,42.445554,42.438764,42.458711,42.498666,42.557392,42.624944,42.696810,42.772717,42.849839,42.921631,42.991942,43.060261,43.122920,43.185407,43.243629,43.302630,43.358543,43.415582,43.470376,43.526472,43.579884,43.632683,43.683572,43.733153,43.779188,43.824534,43.867213,43.907592,43.948113,43.986187,44.025597,44.063609,44.103626,44.142358,44.183042,44.221623,44.261216,44.297750,44.333874,44.365699,44.394820,44.420748,44.441343,44.459070,44.471930,44.483054,44.490773,44.498688,44.504931,44.512679,44.522907,44.534557,44.548806,44.565390,44.583384,44.604766,44.628885,44.652512,44.675973,44.697135,44.717759,44.734058,44.746128,44.752486,44.754259,44.748894,44.735945,44.715779,44.688017,44.651787,44.607509,44.554801,44.494095,44.425644,44.350494,44.268610,44.182081,44.091945,43.997617,43.901456,43.804799,43.706735,43.610681,43.514104,43.420476,43.327329,43.234478,43.143404,43.053576,42.962476,42.872478,42.779318,42.684643,42.587795,42.485591,42.379759,42.269569,42.151142,42.026503,41.895195,41.752417,41.600958,41.440290,41.264921,41.080806,40.882900,40.672830,40.449040,40.217497,39.974199,39.721633,39.460676,39.192231,38.916251,38.634935,38.346375,38.050288,37.745830,37.428905,37.098755,36.752205,36.386713,36.000518,35.594572,35.163973,34.713698,34.240194,33.736821,33.220188,32.684039,32.148248,31.601646,31.066426,30.524020,29.995521,29.453382,28.914820,28.344991,27.755687,27.109407,26.414373,25.638783,24.788310,23.858087,22.847501,21.771496,20.653695,19.521269,18.409803,17.361646,16.416192,15.617222,14.999807,14.592934,14.411648,14.463487,14.739464,15.220134,15.874139,16.661923,17.539147,18.460058,19.380330,20.260217,21.068045,21.782185,22.390846,22.892850,23.296831,23.618216,23.879573,24.106929,24.327721,24.569084
0.923618,49.232784,49.163767,49.076353,48.967900,48.834771,48.675542,48.486157,48.267493,48.015659,47.733927,47.422887,47.087514,46.726252,46.353056,45.965537,45.580931,45.199583,44.832071,44.483798,44.166700,43.885608,43.639599,43.436799,43.276787,43.157279,43.076865,43.032616,43.017856,43.029376,43.062518,43.107865,43.166303,43.229274,43.294915,43.359216,43.423607,43.487014,43.545162,43.603398,43.657172,43.711832,43.763423,43.816345,43.866989,43.919388,43.969636,44.020121,44.070205,44.117039,44.163471,44.206471,44.248893,44.288782,44.327007,44.363263,44.400092,44.435127,44.471888,44.507291,44.544772,44.580793,44.617352,44.654011,44.688637,44.720670,44.751646,44.777951,44.801828,44.821160,44.836008,44.848348,44.856633,44.863273,44.869280,44.873735,44.880148,44.886400,44.896527,44.908151,44.921189,44.938639,44.957351,44.976496,44.998526,45.019387,45.038241,45.055919,45.071229,45.081139,45.087327,45.087013,45.081123,45.067580,45.047025,45.018649,44.982398,44.938300,44.885591,44.825296,44.758143,44.683779,44.602658,44.517487,44.429231,44.336890,44.241385,44.145917,44.051554,43.955691,43.863475,43.770100,43.680664,43.589793,43.501028,43.413986,43.324791,43.236368,43.147625,43.055447,42.960337,42.860377,42.757256,42.649061,42.536297,42.415283,42.285005,42.149511,42.002769,41.843559,41.677156,41.494807,41.304923,41.098651,40.884864,40.657417,40.417653,40.171962,39.913783,39.649238,39.378006,39.098159,38.810172,38.514325,38.208145,37.889720,37.557291,37.206312,36.837301,36.444742,36.032298,35.594639,35.137789,34.650205,34.140287,33.603640,33.057916,32.494691,31.929849,31.363656,30.803906,30.232101,29.668997,29.082522,28.483242,27.852910,27.184698,26.453029,25.653329,24.778166,23.822641,22.798913,21.715527,20.594356,19.461687,18.354491,17.311465,16.375905,15.584716,14.975777,14.576512,14.401686,14.456545,14.734668,15.215173,15.867132,16.651774,17.524724,18.441181,19.355954,20.230843,21.034622,21.744756,22.349900,22.849573,23.251728,23.571819,23.832314,24.059266,24.279890,24.520965
0.934171,49.255261,49.193913,49.116206,49.019222,48.900902,48.757846,48.589494,48.392044,48.166873,47.914979,47.633674,47.331537,47.005353,46.668034,46.319212,45.965223,45.618185,45.282853,44.968701,44.677112,44.415726,44.187114,43.997324,43.845459,43.731175,43.651823,43.604372,43.586135,43.589897,43.614460,43.650571,43.697684,43.750873,43.808503,43.863904,43.919873,43.974082,44.027517,44.076564,44.126455,44.173125,44.221458,44.267431,44.315419,44.361643,44.408647,44.456113,44.501820,44.546098,44.587927,44.629350,44.667329,44.704353,44.740464,44.774703,44.808149,44.840500,44.874440,44.907042,44.940762,44.974761,45.009309,45.041590,45.073586,45.104653,45.131803,45.157362,45.178294,45.195940,45.209751,45.220512,45.227974,45.233259,45.236655,45.240703,45.244012,45.249800,45.256044,45.265366,45.277906,45.291048,45.307134,45.325777,45.343193,45.361709,45.380197,45.395818,45.407805,45.416953,45.421928,45.420867,45.414184,45.400598,45.379712,45.351331,45.315424,45.272161,45.220741,45.160920,45.095734,45.022011,44.944918,44.862051,44.773881,44.685410,44.592104,44.500930,44.406801,44.315234,44.224918,44.137622,44.048573,43.963869,43.878456,43.793545,43.707303,43.622110,43.537092,43.448398,43.355226,43.261662,43.162367,43.058132,42.946382,42.831712,42.705954,42.573893,42.434832,42.283729,42.119296,41.948412,41.763318,41.566529,41.355243,41.137627,40.904298,40.663346,40.414846,40.155234,39.885629,39.609556,39.325662,39.031006,38.725172,38.406181,38.071744,37.719644,37.346321,36.951795,36.532302,36.091529,35.624451,35.130607,34.610006,34.063859,33.496164,32.918060,32.335917,31.744894,31.144695,30.552773,29.948103,29.323829,28.692982,28.023464,27.303893,26.536285,25.703896,24.805003,23.828023,22.784032,21.685776,20.552962,19.417741,18.310648,17.272179,16.341874,15.560111,14.958442,14.566744,14.398304,14.457864,14.739150,15.220279,15.871419,16.653493,17.523101,18.434627,19.344327,20.214242,21.012555,21.718245,22.319845,22.816594,23.216166,23.534566,23.793921,24.019963,24.240090,24.480806
0.944724,49.275970,49.221942,49.153145,49.067525,48.962082,48.835776,48.685066,48.510648,48.309047,48.082886,47.834039,47.560204,47.271290,46.964106,46.652328,46.332782,46.019007,45.717379,45.427148,45.161274,44.921966,44.714330,44.537667,44.394795,44.285013,44.207812,44.159747,44.136456,44.136135,44.152307,44.180266,44.218559,44.264114,44.310210,44.360006,44.406760,44.454801,44.498892,44.543908,44.585623,44.628820,44.669749,44.712853,44.754306,44.797108,44.840888,44.882786,44.924925,44.966720,45.005413,45.043736,45.079538,45.113129,45.145863,45.178111,45.208876,45.238535,45.269709,45.300351,45.330480,45.362440,45.393374,45.422992,45.452494,45.480988,45.505888,45.529528,45.548859,45.565022,45.577404,45.586833,45.592705,45.597159,45.599408,45.602026,45.603930,45.607967,45.612479,45.620512,45.629444,45.642149,45.655872,45.670084,45.687059,45.703309,45.717989,45.732509,45.742959,45.751238,45.754314,45.753165,45.745908,45.732174,45.711565,45.683491,45.648346,45.606446,45.556500,45.498250,45.434290,45.364139,45.290194,45.208643,45.124936,45.038438,44.952037,44.861121,44.774323,44.686546,44.598247,44.513263,44.431778,44.349613,44.266402,44.185743,44.107042,44.025934,43.941673,43.857267,43.771970,43.681291,43.584600,43.485081,43.382227,43.268946,43.153280,43.027470,42.890268,42.746012,42.594232,42.428687,42.248750,42.063232,41.860122,41.648403,41.428780,41.192997,40.952369,40.697227,40.437167,40.164180,39.884768,39.593183,39.288771,38.971928,38.637620,38.285159,37.911221,37.514154,37.092763,36.646122,36.176148,35.676091,35.143466,34.588303,34.007210,33.415575,32.804394,32.192955,31.563833,30.932434,30.298016,29.641704,28.954737,28.250620,27.488077,26.686469,25.814936,24.869793,23.863389,22.799263,21.678795,20.536591,19.390559,18.280981,17.243622,16.318309,15.542261,14.948012,14.563441,14.400903,14.466975,14.751089,15.234486,15.885505,16.665957,17.532054,18.439201,19.344345,20.208328,21.001710,21.702416,22.299625,22.792876,23.189607,23.505873,23.763397,23.988204,24.207524,24.447648
0.955276,49.294987,49.247718,49.187454,49.112070,49.019174,48.907719,48.774587,48.619610,48.442705,48.242310,48.018637,47.778058,47.517126,47.246806,46.963804,46.681894,46.397701,46.123912,45.866161,45.625048,45.407078,45.215493,45.051556,44.919040,44.816625,44.741855,44.693525,44.668263,44.661699,44.672420,44.693296,44.724964,44.759938,44.800595,44.840110,44.881985,44.920719,44.960678,44.997547,45.035781,45.071507,45.109388,45.145816,45.183700,45.222151,45.261911,45.300041,45.339318,45.376234,45.413298,45.447176,45.480867,45.512411,45.542571,45.570880,45.599705,45.626686,45.654334,45.682229,45.711220,45.739591,45.767797,45.794846,45.821848,45.847979,45.870836,45.892527,45.910184,45.925413,45.936598,45.944215,45.949781,45.952515,45.954482,45.955155,45.956751,45.958459,45.962008,45.968283,45.976184,45.985286,45.996878,46.010691,46.024616,46.037879,46.051435,46.064140,46.073815,46.080345,46.082583,46.080759,46.073146,46.059404,46.039237,46.012798,45.979055,45.938200,45.889104,45.835641,45.773092,45.707806,45.633931,45.559671,45.480046,45.395583,45.313796,45.229372,45.142931,45.059663,44.979994,44.899673,44.818750,44.741324,44.667047,44.588998,44.513195,44.436826,44.361476,44.279957,44.199998,44.112291,44.025002,43.928813,43.829727,43.727347,43.613424,43.497238,43.367132,43.233598,43.084348,42.930656,42.759490,42.580321,42.393065,42.187744,41.978074,41.751239,41.516935,41.272262,41.020025,40.753181,40.478069,40.191511,39.893453,39.577939,39.247443,38.895614,38.522993,38.125542,37.703442,37.255700,36.781332,36.276664,35.739256,35.174908,34.582789,33.975462,33.349455,32.705174,32.058718,31.388914,30.717633,30.020996,29.298455,28.533352,27.740616,26.878647,25.971564,24.992091,23.949115,22.845029,21.707455,20.540757,19.385961,18.268447,17.227770,16.303848,15.532143,14.944113,14.565411,14.410652,14.481303,14.770467,15.255871,15.907755,16.687106,17.550700,18.453957,19.353599,20.212692,20.999988,21.695713,22.288213,22.777440,23.170778,23.484424,23.739841,23.962980,24.181113,24.420288
0.965829,49.312393,49.271234,49.218607,49.152755,49.071974,48.973698,48.857792,48.721856,48.565556,48.387879,48.191551,47.979033,47.748076,47.508533,47.257084,47.004185,46.755079,46.510257,46.274858,46.060029,45.861382,45.687813,45.540608,45.417282,45.321815,45.250451,45.202765,45.175958,45.165871,45.170518,45.187117,45.209811,45.239923,45.272105,45.304637,45.339685,45.373288,45.406227,45.437551,45.470445,45.501317,45.534398,45.566385,45.600005,45.635122,45.669163,45.705176,45.739302,45.774420,45.806821,45.839183,45.868692,45.897518,45.925094,45.951558,45.977785,46.002246,46.028014,46.053240,46.077940,46.103621,46.129998,46.155270,46.179884,46.202602,46.224143,46.243943,46.260436,46.273379,46.283848,46.290914,46.295049,46.297310,46.298347,46.298515,46.298441,46.299895,46.302318,46.306007,46.312848,46.320304,46.330746,46.341138,46.353845,46.365255,46.377648,46.387536,46.396505,46.402013,46.403440,46.401021,46.393366,46.379909,46.360987,46.334617,46.303167,46.263200,46.218989,46.165610,46.107571,46.044175,45.976116,45.906393,45.829010,45.753806,45.672321,45.595319,45.516241,45.435648,45.361449,45.283923,45.212739,45.138065,45.066836,44.998548,44.928070,44.854762,44.782660,44.711064,44.632241,44.554764,44.468812,44.383703,44.291279,44.190635,44.089192,43.975110,43.858841,43.727825,43.593827,43.443111,43.288623,43.116205,42.936117,42.748335,42.542475,42.332674,42.104978,41.869650,41.623851,41.369969,41.099603,40.821630,40.526014,40.218333,39.891006,39.542208,39.172022,38.778071,38.356655,37.909863,37.435174,36.928894,36.388372,35.815644,35.218076,34.592800,33.952290,33.291110,32.607790,31.918087,31.196767,30.466288,29.691009,28.895032,28.045445,27.142426,26.172309,25.155977,24.065817,22.936985,21.760250,20.576851,19.399390,18.271141,17.225367,16.300025,15.529764,14.946797,14.573995,14.424310,14.501719,14.794568,15.283573,15.936542,16.715236,17.576607,18.475980,19.371361,20.224524,21.006829,21.696710,22.284564,22.768929,23.158524,23.468897,23.721914,23.943152,24.159698,24.397595
0.976382,49.328194,49.292572,49.247111,49.189912,49.119798,49.034751,48.933012,48.814967,48.677630,48.524043,48.351009,48.164506,47.961479,47.750784,47.529001,47.305631,47.083113,46.865836,46.660342,46.464649,46.290091,46.132089,45.997669,45.887046,45.797523,45.731215,45.684876,45.657165,45.644504,45.645689,45.655509,45.674142,45.695973,45.721733,45.750048,45.777021,45.804982,45.833443,45.859790,45.886948,45.915096,45.942080,45.970742,46.000300,46.031462,46.061703,46.093943,46.124607,46.156338,46.185551,46.214305,46.242471,46.268033,46.292958,46.317519,46.340628,46.362672,46.385883,46.408542,46.430779,46.453818,46.477649,46.500522,46.522887,46.543558,46.563747,46.580673,46.595655,46.608134,46.616906,46.623407,46.626894,46.628751,46.628671,46.628111,46.627851,46.627692,46.629447,46.632616,46.636968,46.644111,46.651504,46.661559,46.671163,46.682289,46.691737,46.701398,46.708192,46.713147,46.714002,46.711127,46.703463,46.690587,46.672704,46.648584,46.617240,46.581807,46.537703,46.490710,46.434598,46.375349,46.314062,46.244509,46.176754,46.101823,46.030784,45.954162,45.880526,45.810661,45.737025,45.670069,45.599548,45.535174,45.466955,45.401929,45.337201,45.274449,45.208005,45.137527,45.069461,44.995954,44.916309,44.838054,44.749906,44.662037,44.562599,44.459384,44.348646,44.233096,44.102006,43.968280,43.817254,43.663205,43.490538,43.310574,43.123470,42.917820,42.708107,42.483299,42.247396,41.997317,41.741090,41.469004,41.180388,40.879961,40.556901,40.216683,39.851412,39.459622,39.044131,38.598804,38.126412,37.621641,37.079928,36.504714,35.900170,35.267418,34.606772,33.925084,33.221344,32.495146,31.751256,30.965520,30.160939,29.299529,28.398936,27.444477,26.439870,25.359027,24.237599,23.055390,21.854066,20.633259,19.440046,18.294859,17.238006,16.305960,15.535550,14.954517,14.586091,14.443006,14.524841,14.823245,15.314876,15.969763,16.748326,17.607846,18.504139,19.394655,20.243103,21.019475,21.704332,22.286495,22.766152,23.151366,23.458313,23.708445,23.927413,24.142032,24.378662
0.986935,49.342406,49.311882,49.272792,49.223506,49.163034,49.089634,49.002201,48.899654,48.780631,48.646378,48.496836,48.333090,48.158696,47.973188,47.780847,47.583165,47.387701,47.198404,47.013090,46.843336,46.684740,46.546617,46.425646,46.323532,46.243184,46.180773,46.136918,46.109023,46.095190,46.092044,46.098877,46.111007,46.129176,46.148660,46.171383,46.193121,46.216759,46.238658,46.262153,46.284996,46.307499,46.331333,46.356830,46.382522,46.408444,46.436623,46.463800,46.492624,46.519454,46.546330,46.572833,46.597045,46.621344,46.643122,46.665174,46.685300,46.706275,46.726363,46.746567,46.766454,46.787146,46.808517,46.828405,46.849247,46.867872,46.886206,46.901442,46.915384,46.925860,46.934037,46.939777,46.942857,46.943808,46.943601,46.942530,46.941209,46.940885,46.941287,46.943418,46.947538,46.952223,46.959334,46.966589,46.975925,46.984948,46.993046,47.001338,47.007086,47.011173,47.011709,47.008571,47.001334,46.989311,46.972190,46.948776,46.921382,46.886071,46.848054,46.801207,46.753020,46.698333,46.637242,46.577506,46.509993,46.445769,46.375074,46.309547,46.239044,46.175138,46.107275,46.043608,45.983859,45.922798,45.860218,45.803479,45.742149,45.685396,45.622476,45.562887,45.496088,45.431661,45.358773,45.284801,45.206563,45.126274,45.034706,44.943125,44.841494,44.732195,44.614571,44.484156,44.351626,44.201373,44.048253,43.880350,43.697555,43.511538,43.306366,43.097170,42.869127,42.636176,42.384178,42.121996,41.847525,41.550836,41.240118,40.905630,40.547578,40.162030,39.751584,39.314600,38.846628,38.344812,37.804612,37.229731,36.620770,35.980151,35.312295,34.611553,33.889869,33.136593,32.346448,31.527741,30.678096,29.767631,28.814800,27.815549,26.739643,25.614681,24.444245,23.222693,21.969387,20.724663,19.496471,18.334295,17.261238,16.322133,15.547931,14.967601,14.602025,14.462891,14.550631,14.852895,15.348812,16.005255,16.784194,17.642358,18.535861,19.422228,20.265702,21.036714,21.715892,22.293058,22.767555,23.148356,23.451467,23.698212,23.914359,24.127045,24.362216
0.997487,49.355032,49.329055,49.295748,49.253798,49.201898,49.138662,49.063941,48.975380,48.874311,48.757997,48.630080,48.487562,48.335190,48.174147,48.006960,47.838381,47.668048,47.499081,47.340378,47.187741,47.051068,46.925902,46.819576,46.727950,46.655324,46.598009,46.556902,46.529742,46.514764,46.509301,46.512542,46.521314,46.533629,46.549272,46.567213,46.584427,46.602680,46.621831,46.639798,46.659546,46.678510,46.699432,46.719831,46.742719,46.765286,46.789324,46.814690,46.838590,46.863708,46.887512,46.909867,46.932765,46.953309,46.973968,46.992498,47.011575,47.028949,47.046743,47.064612,47.083518,47.101856,47.119750,47.138809,47.156868,47.174120,47.189420,47.204065,47.215691,47.225744,47.233000,47.237592,47.240205,47.240974,47.240409,47.238882,47.237462,47.236542,47.236288,47.237855,47.240600,47.244289,47.249600,47.256614,47.263549,47.271768,47.279153,47.285215,47.290808,47.293606,47.294043,47.291000,47.283783,47.272267,47.256165,47.235927,47.209927,47.177367,47.140975,47.101476,47.055594,47.003194,46.951741,46.894818,46.835358,46.771450,46.712150,46.649839,46.585333,46.524684,46.468077,46.410251,46.351200,46.298583,46.241861,46.190956,46.135478,46.082177,46.030205,45.971795,45.916521,45.853503,45.792795,45.725897,45.652215,45.579622,45.496158,45.413157,45.320687,45.217568,45.110009,44.997747,44.868839,44.738022,44.589072,44.433624,44.271434,44.090113,43.905560,43.701215,43.489046,43.268145,43.027192,42.779106,42.512255,42.225146,41.924515,41.596755,41.247984,40.875896,40.473823,40.040861,39.582463,39.085302,38.552709,37.980076,37.370782,36.727057,36.047957,35.336016,34.594437,33.810834,32.994300,32.144529,31.235935,30.284802,29.279325,28.225033,27.092956,25.921318,24.681327,23.411118,22.126518,20.832369,19.581252,18.387093,17.300934,16.349015,15.567529,14.984185,14.619928,14.483914,14.575508,14.882932,15.381890,16.041100,16.820719,17.678145,18.569042,19.451775,20.290701,21.056648,21.730709,22.302138,22.771884,23.147924,23.446832,23.689901,23.903249,24.113697,24.347153
1.008040,49.366131,49.344234,49.316186,49.280555,49.236400,49.182994,49.118725,49.044061,48.956756,48.858839,48.747695,48.627604,48.495650,48.357098,48.213041,48.067669,47.920347,47.773819,47.634354,47.504581,47.382063,47.274862,47.178732,47.099262,47.033359,46.981301,46.943514,46.917421,46.901876,46.895045,46.895567,46.901052,46.909802,46.922144,46.934757,46.949373,46.963790,46.977880,46.993595,47.008658,47.025030,47.042049,47.060573,47.078847,47.099560,47.119880,47.142010,47.163530,47.184260,47.205235,47.226205,47.245201,47.263991,47.282412,47.299439,47.315157,47.331551,47.346592,47.362924,47.378270,47.394427,47.411480,47.427270,47.443327,47.458680,47.473330,47.485513,47.496640,47.504889,47.511394,47.515636,47.517951,47.518378,47.517588,47.516039,47.514191,47.512998,47.512429,47.512759,47.514620,47.517786,47.522517,47.527586,47.534309,47.540392,47.546591,47.552078,47.556342,47.559032,47.558960,47.555907,47.549508,47.538547,47.524490,47.504369,47.480518,47.453502,47.420666,47.381396,47.339591,47.296250,47.247425,47.193244,47.139249,47.086566,47.030467,46.971430,46.918453,46.860977,46.810136,46.758230,46.705081,46.658349,46.607515,46.559931,46.515029,46.465187,46.419141,46.369236,46.315248,46.264040,46.204844,46.147724,46.081376,46.013557,45.944151,45.863471,45.779879,45.693264,45.592443,45.487176,45.377159,45.250250,45.121578,44.974662,44.821264,44.661281,44.481683,44.298359,44.095004,43.886942,43.658095,43.422290,43.163686,42.894239,42.598678,42.287687,41.946693,41.585829,41.194345,40.771238,40.323298,39.834615,39.310582,38.742348,38.136879,37.492979,36.810552,36.089646,35.326395,34.524206,33.684011,32.785928,31.849886,30.851889,29.794685,28.666573,27.495564,26.257426,24.961106,23.645800,22.298899,20.974435,19.681814,18.458062,17.350390,16.381061,15.591696,15.003798,14.638169,14.504019,14.599145,14.909788,15.412905,16.074289,16.855311,17.712561,18.601807,19.481524,20.316201,21.077889,21.746390,22.312812,22.777436,23.148722,23.443148,23.682742,23.893176,24.101233,24.332871
1.018593,49.375815,49.357548,49.333956,49.304263,49.267058,49.221799,49.167650,49.104049,49.031089,48.947626,48.854147,48.751276,48.638898,48.521968,48.397559,48.273183,48.145335,48.022463,47.902257,47.787237,47.683815,47.589210,47.506154,47.435278,47.376190,47.330097,47.295678,47.271185,47.255957,47.248397,47.246467,47.249254,47.255908,47.263967,47.273832,47.285058,47.296291,47.307407,47.319968,47.331974,47.345855,47.359549,47.375216,47.391308,47.407759,47.426408,47.444339,47.463059,47.482325,47.500637,47.517901,47.535629,47.552069,47.567235,47.582754,47.597019,47.610298,47.623897,47.638120,47.651482,47.665637,47.680077,47.695125,47.708664,47.722692,47.734768,47.746439,47.755784,47.763096,47.769021,47.772728,47.774396,47.774695,47.773811,47.772185,47.770328,47.768633,47.767652,47.767883,47.768845,47.771529,47.775206,47.779380,47.785032,47.790039,47.795570,47.800111,47.803487,47.805033,47.804906,47.802096,47.795736,47.786598,47.772637,47.756246,47.733768,47.708110,47.678428,47.646576,47.607207,47.568431,47.522174,47.478094,47.429788,47.380157,47.327197,47.279724,47.229881,47.178291,47.133178,47.084446,47.042130,46.996137,46.955943,46.913843,46.872091,46.827947,46.785207,46.741302,46.698253,46.648391,46.601018,46.545509,46.491868,46.428940,46.364472,46.298185,46.220432,46.143153,46.056005,45.961393,45.858739,45.743526,45.622941,45.496805,45.356407,45.201306,45.043207,44.865063,44.683059,44.480432,44.272309,44.041966,43.799378,43.539084,43.262514,42.957288,42.635018,42.280273,41.901353,41.496841,41.055140,40.583571,40.067804,39.507801,38.910342,38.267617,37.583801,36.855389,36.084021,35.264041,34.388835,33.469315,32.479976,31.443303,30.326240,29.160883,27.913616,26.626148,25.271711,23.901271,22.509820,21.126031,19.794635,18.546956,17.406625,16.423399,15.617859,15.023143,14.655235,14.521065,14.618317,14.932827,15.439096,16.103250,16.886124,17.743637,18.631758,19.509273,20.340679,21.098168,21.761971,22.323417,22.783051,23.149690,23.439939,23.676035,23.883438,24.089008,24.318728
1.029146,49.384176,49.369053,49.349512,49.324653,49.293907,49.256202,49.210669,49.157296,49.095963,49.025767,48.946409,48.859604,48.766645,48.665653,48.562539,48.454379,48.348365,48.242382,48.138327,48.042465,47.952380,47.870831,47.797901,47.736345,47.685937,47.644471,47.613313,47.591107,47.576447,47.568210,47.565258,47.566482,47.569910,47.575815,47.583418,47.590979,47.599985,47.609002,47.617888,47.628236,47.638517,47.650745,47.662898,47.676970,47.691448,47.706121,47.722579,47.738801,47.754402,47.770928,47.786443,47.800720,47.815517,47.829150,47.841595,47.854480,47.865928,47.878136,47.889496,47.902070,47.914373,47.926929,47.939129,47.951488,47.963249,47.974738,47.984011,47.992562,47.999089,48.004420,48.007575,48.009145,48.009207,48.008264,48.006567,48.004614,48.002888,48.001561,48.001342,48.001881,48.003952,48.006872,48.010288,48.014968,48.019372,48.023276,48.027336,48.029791,48.031268,48.030695,48.028081,48.022667,48.013602,48.002315,47.986056,47.968171,47.944228,47.917852,47.887942,47.856506,47.820157,47.778833,47.739901,47.694483,47.650332,47.608380,47.561355,47.519905,47.474096,47.432101,47.393837,47.354509,47.316438,47.276983,47.242493,47.203849,47.169341,47.132260,47.091807,47.054541,47.013216,46.967241,46.923429,46.871456,46.821258,46.761723,46.703440,46.634409,46.566018,46.485142,46.400610,46.308569,46.212287,46.099826,45.985973,45.854314,45.720525,45.567463,45.406896,45.238447,45.049394,44.850881,44.641503,44.408284,44.164864,43.898049,43.609637,43.293945,42.956436,42.595326,42.201794,41.773740,41.316403,40.810574,40.267580,39.675045,39.040006,38.358391,37.627699,36.846862,36.008653,35.114639,34.164867,33.139354,32.058691,30.900921,29.663859,28.377375,27.012437,25.616888,24.172118,22.735004,21.301799,19.927339,18.643893,17.477551,16.466140,15.648933,15.043611,14.669071,14.533885,14.632375,14.949267,15.458705,16.126342,16.911044,17.769686,18.657365,19.533236,20.362057,21.115906,21.775684,22.332680,22.787544,23.149899,23.436277,23.668688,23.873208,24.076382,24.304175
1.039698,49.391333,49.378948,49.362836,49.342424,49.316821,49.285550,49.248272,49.204016,49.152199,49.093511,49.028431,48.955249,48.877505,48.793872,48.705235,48.616488,48.524704,48.435177,48.349615,48.265815,48.190343,48.119659,48.059038,48.005829,47.960723,47.925442,47.897356,47.877122,47.863427,47.855163,47.851349,47.851197,47.852999,47.857154,47.861924,47.868047,47.873956,47.880691,47.888208,47.895555,47.904513,47.913596,47.924441,47.935328,47.947484,47.960851,47.973861,47.988287,48.002297,48.015565,48.028890,48.042113,48.053828,48.065541,48.076602,48.087627,48.097367,48.107923,48.117642,48.128435,48.139035,48.149397,48.160935,48.171663,48.181852,48.190825,48.199584,48.206512,48.212765,48.217125,48.220152,48.221533,48.221604,48.220620,48.218870,48.216791,48.214912,48.213558,48.212834,48.213304,48.214474,48.216809,48.220122,48.223218,48.226833,48.230621,48.233319,48.235681,48.236504,48.235943,48.233452,48.228234,48.221014,48.209828,48.196995,48.179301,48.160755,48.137840,48.111654,48.082388,48.048327,48.016075,47.977583,47.942134,47.901044,47.861968,47.825385,47.784418,47.749043,47.712288,47.674582,47.642686,47.609650,47.577534,47.543790,47.512379,47.482788,47.448702,47.417913,47.381748,47.346072,47.310636,47.270543,47.225249,47.179239,47.132388,47.076196,47.021071,46.955216,46.889902,46.811922,46.733653,46.644627,46.543817,46.437923,46.326672,46.197634,46.065812,45.914608,45.759556,45.588022,45.399151,45.203402,44.987587,44.750316,44.501218,44.223165,43.929626,43.607146,43.253835,42.880100,42.467468,42.022338,41.538803,41.003339,40.428296,39.799733,39.123394,38.393724,37.606524,36.760641,35.849299,34.864556,33.816902,32.681980,31.484239,30.195115,28.851939,27.437364,25.964217,24.469839,22.969463,21.499477,20.072377,18.750207,17.551545,16.517336,15.678984,15.059956,14.680122,14.541085,14.639739,14.958615,15.470688,16.141481,16.928767,17.788837,18.676811,19.552014,20.378980,21.129680,21.785899,22.339232,22.790149,23.148652,23.431077,23.660371,23.862038,24.062858,24.288835
1.050251,49.397355,49.387323,49.374258,49.357513,49.336690,49.310903,49.280013,49.243853,49.201191,49.152683,49.098834,49.038189,48.973719,48.903347,48.831445,48.755513,48.680930,48.604910,48.533259,48.462760,48.398104,48.340217,48.286986,48.242439,48.203639,48.173097,48.148748,48.130565,48.117775,48.109796,48.105611,48.104151,48.105121,48.107233,48.110903,48.114736,48.119237,48.124434,48.129542,48.135495,48.142491,48.149538,48.158373,48.167261,48.177394,48.188677,48.200167,48.211604,48.223589,48.235319,48.247108,48.257950,48.268389,48.277802,48.287559,48.296074,48.305116,48.313335,48.322403,48.330815,48.339883,48.349633,48.358524,48.367799,48.377028,48.384719,48.392294,48.398379,48.403842,48.407726,48.410213,48.411532,48.411610,48.410584,48.408842,48.406776,48.404928,48.403415,48.402673,48.402795,48.403598,48.405602,48.407808,48.410518,48.413682,48.416272,48.418648,48.420480,48.421062,48.420315,48.418020,48.413382,48.406610,48.397885,48.385212,48.371626,48.353317,48.333233,48.311853,48.284590,48.258625,48.226813,48.197311,48.164552,48.130948,48.094789,48.060958,48.027541,47.997042,47.963143,47.934556,47.903196,47.874872,47.847439,47.822462,47.795634,47.766825,47.741382,47.713388,47.682489,47.654181,47.619931,47.587590,47.548525,47.508916,47.468668,47.419884,47.369513,47.317471,47.257719,47.189097,47.120288,47.038172,46.955416,46.861023,46.754084,46.645217,46.518248,46.384072,46.242127,46.084026,45.912548,45.722656,45.524511,45.301161,45.062495,44.806886,44.524786,44.214023,43.885333,43.520224,43.132945,42.705034,42.234672,41.718675,41.151459,40.540307,39.871684,39.143961,38.356126,37.500174,36.575435,35.569001,34.485406,33.325443,32.069052,30.745875,29.330585,27.857944,26.343459,24.789904,23.232289,21.694549,20.232866,18.857944,17.625354,16.564206,15.708055,15.075687,14.684494,14.542031,14.639102,14.959080,15.473790,16.147261,16.937707,17.799726,18.689074,19.564292,20.390190,21.139035,21.792580,22.342462,22.789987,23.145057,23.424353,23.650647,23.849775,24.048474,24.272673
1.060804,49.402297,49.394352,49.383845,49.370318,49.353366,49.332611,49.307257,49.277728,49.242900,49.203703,49.158705,49.109999,49.056476,48.998452,48.939180,48.876414,48.814800,48.751744,48.691286,48.634495,48.580422,48.530205,48.486947,48.447946,48.416108,48.389037,48.368082,48.352205,48.340913,48.333320,48.328917,48.327077,48.326839,48.328172,48.330081,48.332822,48.336004,48.339791,48.343820,48.348317,48.353056,48.358803,48.365832,48.373366,48.381733,48.390360,48.399980,48.410413,48.420154,48.430478,48.439676,48.449310,48.457609,48.466187,48.473640,48.481537,48.488544,48.495811,48.503490,48.510574,48.518655,48.526134,48.534032,48.542304,48.549450,48.556730,48.562727,48.568508,48.572772,48.576120,48.578461,48.579456,48.579461,48.578494,48.576797,48.575054,48.573240,48.571743,48.570869,48.570745,48.571493,48.572625,48.574475,48.576866,48.579082,48.581410,48.583478,48.584464,48.584863,48.584106,48.581864,48.578295,48.572094,48.563974,48.554474,48.541087,48.527071,48.508571,48.488756,48.468477,48.442930,48.419115,48.392019,48.361821,48.332944,48.305868,48.274770,48.248127,48.220112,48.190960,48.166623,48.141478,48.115656,48.094163,48.069793,48.047226,48.026254,48.001577,47.978003,47.955340,47.928023,47.902701,47.871581,47.842272,47.808550,47.769930,47.732702,47.687025,47.642199,47.590420,47.530576,47.467620,47.401567,47.322257,47.241809,47.146318,47.045269,46.938128,46.812722,46.679640,46.534550,46.376296,46.207566,46.015439,45.813732,45.585579,45.344957,45.078484,44.783983,44.468081,44.129336,43.751555,43.346669,42.890459,42.392572,41.849293,41.249103,40.589308,39.872065,39.084851,38.224689,37.286062,36.267276,35.158679,33.953626,32.662646,31.291589,29.832502,28.303852,26.713654,25.101959,23.495864,21.904234,20.393523,18.974835,17.705181,16.613882,15.734782,15.083784,14.684311,14.534351,14.629612,14.949859,15.466625,16.143580,16.937234,17.802080,18.693256,19.569540,20.395206,21.142911,21.794647,22.342155,22.786885,23.138887,23.415485,23.639416,23.836339,24.033091,24.255834
1.071357,49.406347,49.400076,49.391762,49.381058,49.367431,49.350651,49.330457,49.306146,49.278373,49.246392,49.209893,49.169857,49.126846,49.080182,49.030378,48.980465,48.929223,48.877428,48.827725,48.780115,48.735434,48.695227,48.658514,48.625836,48.599081,48.576485,48.558172,48.544627,48.534496,48.527513,48.523281,48.521029,48.520425,48.520594,48.521670,48.523519,48.525677,48.527995,48.530835,48.534287,48.537886,48.542644,48.547616,48.553636,48.560724,48.567707,48.575982,48.583917,48.592771,48.600823,48.608960,48.617094,48.623872,48.630943,48.637474,48.643535,48.650025,48.656136,48.661926,48.668497,48.674635,48.681628,48.687912,48.694846,48.700876,48.707163,48.712566,48.716985,48.720976,48.723731,48.725407,48.726320,48.726241,48.725288,48.723992,48.722392,48.720644,48.719334,48.718468,48.718205,48.718493,48.719401,48.720919,48.722429,48.724309,48.726387,48.727744,48.728711,48.728948,48.728121,48.726211,48.722675,48.717985,48.710680,48.702605,48.691047,48.678073,48.664242,48.647553,48.627651,48.607369,48.587184,48.562429,48.538459,48.515797,48.489214,48.466306,48.440157,48.416473,48.395302,48.371417,48.350234,48.331502,48.310509,48.293048,48.274298,48.253976,48.236378,48.216822,48.194938,48.175132,48.150808,48.126438,48.102049,48.073593,48.040754,48.009196,47.970223,47.929664,47.885051,47.838438,47.784074,47.720939,47.657112,47.580164,47.501770,47.411672,47.308942,47.202804,47.078395,46.949338,46.800241,46.644386,46.465834,46.277915,46.064111,45.838462,45.583600,45.313970,45.011143,44.690669,44.331680,43.946180,43.509331,43.034992,42.501775,41.918428,41.278080,40.568230,39.784870,38.924564,37.979661,36.941272,35.812819,34.578349,33.256138,31.826808,30.317207,28.742398,27.095782,25.426605,23.763850,22.125384,20.550961,19.099259,17.789889,16.665666,15.755285,15.090211,14.675036,14.519531,14.610681,14.930747,15.449515,16.129427,16.926597,17.794702,18.689088,19.567145,20.393585,21.141159,21.791833,22.337674,22.780439,23.130164,23.404502,23.626354,23.821493,24.016738,24.238285
1.081910,49.409609,49.404745,49.398249,49.389786,49.379130,49.365747,49.349525,49.330357,49.307623,49.281834,49.253135,49.220580,49.185498,49.148380,49.108076,49.067656,49.025307,48.984580,48.944136,48.905321,48.868726,48.835010,48.804164,48.777671,48.755459,48.736190,48.721291,48.709284,48.700699,48.694452,48.690464,48.688096,48.687012,48.686855,48.687247,48.688065,48.689542,48.690944,48.693003,48.695245,48.698320,48.701571,48.705649,48.710418,48.716070,48.721993,48.728049,48.734788,48.742079,48.749039,48.755883,48.762056,48.768255,48.773663,48.779078,48.784625,48.789519,48.794868,48.799933,48.804847,48.810573,48.815765,48.821590,48.826751,48.832411,48.837163,48.841745,48.845894,48.848765,48.851112,48.852689,48.853345,48.853286,48.852465,48.851335,48.849832,48.848495,48.847223,48.846395,48.846067,48.846259,48.846742,48.847675,48.849107,48.850310,48.851739,48.853049,48.853816,48.853988,48.853236,48.851343,48.848523,48.843911,48.838584,48.830662,48.822215,48.810422,48.798785,48.783607,48.769304,48.750985,48.732619,48.714709,48.694629,48.672450,48.653220,48.630796,48.610397,48.590580,48.573006,48.553014,48.536723,48.519814,48.502280,48.487936,48.471191,48.455762,48.441356,48.423900,48.408433,48.389389,48.372104,48.352099,48.330445,48.305076,48.280971,48.250851,48.221764,48.185410,48.147405,48.107583,48.060860,48.006049,47.950513,47.882990,47.813937,47.730858,47.642115,47.546888,47.434289,47.313473,47.180065,47.033019,46.874714,46.692907,46.500892,46.282253,46.051011,45.789514,45.512705,45.206147,44.866245,44.495773,44.088341,43.629674,43.115779,42.550287,41.925643,41.227811,40.451462,39.593239,38.642920,37.596516,36.443201,35.190964,33.824115,32.366859,30.811192,29.169193,27.476205,25.759006,24.024727,22.340167,20.715336,19.218065,17.864115,16.711364,15.774213,15.087194,14.661333,14.494950,14.582910,14.901986,15.422525,16.105158,16.906039,17.778612,18.676036,19.556596,20.385117,21.133436,21.784046,22.329197,22.770639,23.118777,23.391450,23.611660,23.805414,23.999456,24.219882
1.092462,49.412142,49.408485,49.403460,49.396911,49.388532,49.378174,49.365453,49.350215,49.332129,49.311823,49.288421,49.263090,49.234742,49.204699,49.173469,49.140004,49.107091,49.073692,49.041046,49.009125,48.980180,48.952251,48.928091,48.906328,48.887255,48.871990,48.859025,48.849261,48.841622,48.836311,48.832603,48.830284,48.829024,48.828509,48.828549,48.828739,48.829370,48.830341,48.831539,48.833400,48.835420,48.838027,48.841396,48.845082,48.849061,48.853758,48.859126,48.864504,48.869733,48.875399,48.881286,48.886408,48.891709,48.896297,48.900796,48.905345,48.909609,48.913599,48.918018,48.922399,48.926529,48.931295,48.935479,48.940262,48.944668,48.948617,48.952392,48.955775,48.958161,48.960194,48.961385,48.961973,48.961855,48.961336,48.960334,48.959038,48.957806,48.956795,48.955998,48.955607,48.955586,48.956026,48.956563,48.957438,48.958586,48.959629,48.960408,48.961082,48.961166,48.960502,48.958777,48.956102,48.952835,48.947633,48.941347,48.934271,48.924384,48.913842,48.903080,48.889115,48.876138,48.860955,48.843483,48.828144,48.809637,48.793722,48.774996,48.758041,48.741553,48.727066,48.711959,48.696084,48.682218,48.670050,48.656096,48.644554,48.630892,48.618141,48.606182,48.591335,48.578174,48.561646,48.545250,48.527410,48.509448,48.488084,48.464640,48.436974,48.409991,48.378000,48.340166,48.302383,48.255131,48.207105,48.150677,48.084784,48.016745,47.937815,47.846633,47.751337,47.641690,47.516535,47.384694,47.231847,47.070227,46.888288,46.684262,46.464226,46.227069,45.963223,45.674849,45.354085,45.008143,44.611770,44.173946,43.689365,43.138339,42.530858,41.843945,41.081616,40.226127,39.274958,38.219792,37.054511,35.772163,34.379584,32.884591,31.278787,29.595675,27.858279,26.071224,24.298092,22.545934,20.884536,19.329356,17.945379,16.749834,15.788666,15.082603,14.637988,14.464086,14.546173,14.863860,15.385776,16.072114,16.876741,17.753534,18.654746,19.539004,20.369770,21.119931,21.771299,22.316626,22.757516,23.104776,23.376406,23.595512,23.788051,23.981090,24.200668
1.103015,49.414030,49.411409,49.407637,49.402587,49.396168,49.388130,49.378154,49.366241,49.352365,49.336023,49.317992,49.297457,49.275649,49.251565,49.226923,49.200380,49.173759,49.147125,49.121555,49.096517,49.072385,49.050940,49.031015,49.013002,48.997835,48.985352,48.974850,48.966349,48.960119,48.955373,48.952124,48.949993,48.948697,48.948003,48.947615,48.947558,48.947755,48.948178,48.949067,48.950126,48.951682,48.953791,48.956042,48.958993,48.962062,48.965973,48.970009,48.973906,48.978526,48.982833,48.987384,48.992021,48.996111,49.000341,49.004036,49.007457,49.010984,49.014656,49.017957,49.021485,49.025251,49.028543,49.032199,49.036089,49.039430,49.043091,49.046148,49.048610,49.050842,49.052267,49.053369,49.053732,49.053650,49.053146,49.052439,49.051347,49.050339,49.049479,49.048811,49.048408,49.048299,49.048372,49.048799,49.049496,49.050079,49.050819,49.051565,49.051959,49.051995,49.051349,49.050126,49.047964,49.044773,49.041093,49.035446,49.029011,49.022151,49.012791,49.003952,48.993343,48.980717,48.969315,48.954943,48.942373,48.927044,48.914001,48.898588,48.885822,48.872258,48.858161,48.846938,48.834093,48.823917,48.812083,48.802502,48.791323,48.782127,48.771985,48.761614,48.749611,48.738014,48.726824,48.713615,48.697950,48.683306,48.664524,48.646643,48.623690,48.601355,48.572798,48.544490,48.508625,48.472240,48.426596,48.377425,48.324316,48.259377,48.189186,48.113206,48.021834,47.922420,47.814334,47.687325,47.552885,47.396930,47.231532,47.041600,46.840157,46.610819,46.367827,46.092935,45.800166,45.464757,45.098163,44.681247,44.208064,43.685400,43.088007,42.422692,41.666732,40.820042,39.870689,38.809934,37.632496,36.331198,34.916376,33.377354,31.743897,30.016190,28.215160,26.391399,24.550937,22.754644,21.037606,19.448828,18.013957,16.792158,15.798493,15.070402,14.609658,14.425201,14.501526,14.817500,15.340742,16.030202,16.839034,17.720104,18.626663,19.514557,20.348866,21.101108,21.754171,22.300056,22.741057,23.088134,23.359354,23.577738,23.769430,23.961595,24.180504
1.113568,49.415401,49.413576,49.410855,49.407113,49.402170,49.396011,49.388482,49.379229,49.368375,49.355987,49.341572,49.325970,49.308387,49.290100,49.270141,49.250121,49.229248,49.208284,49.187259,49.167867,49.148754,49.131376,49.115555,49.101797,49.089560,49.078952,49.070452,49.063765,49.058332,49.054451,49.051577,49.049654,49.048318,49.047462,49.046981,49.046715,49.046740,49.046899,49.047365,49.048073,49.049135,49.050390,49.052238,49.054257,49.056790,49.059850,49.062906,49.065988,49.069659,49.073072,49.076729,49.080330,49.084028,49.087094,49.090325,49.093157,49.096219,49.098930,49.101979,49.104800,49.107371,49.110396,49.113364,49.116106,49.118974,49.121901,49.124186,49.126479,49.128099,49.129351,49.130106,49.130404,49.130290,49.129946,49.129279,49.128651,49.127795,49.127106,49.126469,49.126014,49.125771,49.125705,49.125998,49.126332,49.126880,49.127375,49.127776,49.128109,49.128006,49.127494,49.126665,49.124775,49.122284,49.118896,49.115050,49.109891,49.103243,49.096890,49.088306,49.079516,49.070876,49.059831,49.050140,49.037957,49.027479,49.014827,49.004316,48.991937,48.980940,48.971355,48.961345,48.951103,48.942161,48.934344,48.925856,48.916842,48.908740,48.901476,48.892462,48.884759,48.874725,48.865843,48.854311,48.843640,48.830827,48.815583,48.799869,48.783671,48.764038,48.740269,48.714952,48.687839,48.653385,48.618079,48.573465,48.524921,48.472180,48.407683,48.339888,48.257783,48.170490,48.066626,47.956301,47.826822,47.689260,47.529639,47.359902,47.165360,46.958980,46.724241,46.475203,46.192094,45.885196,45.529496,45.137942,44.685536,44.178739,43.607842,42.951606,42.213902,41.373255,40.427127,39.363588,38.175746,36.863288,35.418035,33.858192,32.182789,30.406893,28.573444,26.686647,24.803265,22.963704,21.192153,19.558500,18.083371,16.822596,15.807036,15.050879,14.577272,14.379034,14.449464,14.763797,15.287954,15.980303,16.794127,17.679945,18.591416,19.484682,20.322581,21.077813,21.732985,22.280130,22.721792,23.069059,23.340104,23.558170,23.749385,23.940966,24.159182
1.124121,49.416428,49.415131,49.413270,49.410551,49.406944,49.402256,49.396583,49.389535,49.381348,49.371604,49.360822,49.348446,49.335268,49.320866,49.305364,49.289868,49.273695,49.257039,49.241320,49.225449,49.211157,49.197566,49.185101,49.173675,49.163975,49.155915,49.149051,49.143379,49.139129,49.135719,49.133253,49.131497,49.130300,49.129465,49.128948,49.128669,49.128494,49.128519,49.128642,49.129047,49.129555,49.130511,49.131594,49.133196,49.135298,49.137373,49.139880,49.142514,49.145158,49.148026,49.151107,49.154024,49.156590,49.159198,49.161872,49.164259,49.166407,49.168871,49.171002,49.173356,49.175619,49.177811,49.180345,49.182685,49.184960,49.186923,49.188865,49.190704,49.192088,49.193059,49.193562,49.193739,49.193694,49.193377,49.192946,49.192397,49.191874,49.191218,49.190621,49.190163,49.189802,49.189714,49.189807,49.190118,49.190414,49.190752,49.191081,49.191230,49.191012,49.190598,49.189847,49.188778,49.186584,49.184177,49.180467,49.176340,49.171915,49.166311,49.159905,49.152131,49.145113,49.136243,49.128487,49.118681,49.110380,49.100159,49.091748,49.082643,49.072943,49.065282,49.056534,49.049680,49.042592,49.035067,49.028423,49.022647,49.016315,49.009331,49.003601,48.996302,48.990045,48.981593,48.973906,48.963810,48.953578,48.943307,48.930821,48.915532,48.899395,48.882291,48.859810,48.837095,48.807875,48.775950,48.740908,48.698677,48.648398,48.595411,48.530582,48.461411,48.380202,48.288427,48.182439,48.066538,47.936916,47.792353,47.635055,47.457694,47.258536,47.047257,46.806880,46.550107,46.253267,45.926320,45.550424,45.118732,44.636129,44.075836,43.443321,42.713504,41.887119,40.944266,39.880798,38.687709,37.358239,35.899093,34.304176,32.594981,30.792102,28.909337,26.976891,25.052208,23.151634,21.346165,19.657531,18.152823,16.856719,15.805103,15.028894,14.538211,14.328268,14.392001,14.703731,15.228453,15.924174,16.742211,17.634193,18.550753,19.448905,20.291378,21.050669,21.708401,22.257354,22.700097,23.047861,23.319005,23.536889,23.727879,23.919060,24.136771
1.134673,49.417173,49.416273,49.414976,49.413121,49.410541,49.407101,49.402880,49.397625,49.391455,49.384058,49.375726,49.366576,49.356228,49.345395,49.333712,49.321330,49.309193,49.296412,49.284311,49.272026,49.260925,49.250135,49.240560,49.232138,49.224492,49.217778,49.212463,49.207900,49.204455,49.201667,49.199503,49.198023,49.196964,49.196259,49.195752,49.195435,49.195232,49.195105,49.195150,49.195189,49.195469,49.195929,49.196840,49.198027,49.199313,49.201045,49.202939,49.205092,49.207334,49.209605,49.211747,49.214034,49.216325,49.218440,49.220304,49.222293,49.223915,49.225650,49.227518,49.229212,49.231086,49.233127,49.234878,49.236779,49.238731,49.240450,49.241951,49.243105,49.244170,49.244914,49.245336,49.245442,49.245392,49.245231,49.244880,49.244482,49.244108,49.243548,49.243097,49.242591,49.242208,49.242015,49.242083,49.242243,49.242539,49.242755,49.242975,49.243009,49.242809,49.242412,49.241781,49.240817,49.239304,49.237529,49.234654,49.231779,49.227513,49.223400,49.217751,49.212515,49.205743,49.199761,49.192278,49.185907,49.178665,49.170598,49.163345,49.156839,49.149825,49.142449,49.136123,49.130646,49.124406,49.119571,49.113885,49.109453,49.104037,49.099726,49.094270,49.089818,49.083898,49.078673,49.071424,49.064971,49.057111,49.047461,49.038381,49.026056,49.013900,48.997755,48.980178,48.961242,48.936513,48.910659,48.877420,48.840610,48.799931,48.749324,48.695237,48.629020,48.555606,48.472261,48.380753,48.274893,48.155867,48.019652,47.874126,47.706281,47.527974,47.327931,47.107754,46.859972,46.589871,46.273220,45.916958,45.514058,45.042515,44.508765,43.886000,43.176673,42.356436,41.421984,40.360334,39.162736,37.825098,36.343696,34.728554,32.994339,31.145716,29.228537,27.253401,25.283047,23.343124,21.481033,19.761126,18.208029,16.878830,15.805328,15.005191,14.493193,14.272990,14.330243,14.638332,15.163817,15.862478,16.685325,17.582659,18.505673,19.409276,20.256445,21.019904,21.680703,22.232054,22.676349,23.024981,23.296483,23.514327,23.705033,23.895825,24.113170
1.145226,49.417650,49.417085,49.416207,49.414944,49.413170,49.410768,49.407640,49.403888,49.399233,49.393865,49.387515,49.380477,49.372938,49.364494,49.355648,49.346613,49.336984,49.327741,49.318128,49.309212,49.300496,49.292187,49.285062,49.278238,49.272371,49.267289,49.263014,49.259571,49.256740,49.254461,49.252817,49.251526,49.250609,49.250001,49.249564,49.249225,49.248982,49.248835,49.248684,49.248652,49.248695,49.249045,49.249567,49.250351,49.251372,49.252502,49.253985,49.255663,49.257514,49.259195,49.261077,49.262797,49.264434,49.266107,49.267754,49.269023,49.270323,49.271694,49.272890,49.274435,49.275871,49.277518,49.279108,49.280655,49.282014,49.283392,49.284572,49.285532,49.286369,49.286832,49.287092,49.287185,49.287131,49.286970,49.286717,49.286455,49.286103,49.285754,49.285334,49.284851,49.284570,49.284392,49.284286,49.284421,49.284556,49.284757,49.284855,49.284883,49.284845,49.284489,49.283990,49.283250,49.282231,49.280547,49.278792,49.276374,49.272990,49.269369,49.265618,49.260595,49.256077,49.250317,49.245401,49.239292,49.233651,49.228641,49.223052,49.217469,49.211433,49.206722,49.201189,49.196836,49.192278,49.187634,49.184116,49.179896,49.176633,49.172943,49.169255,49.165044,49.161543,49.156649,49.152393,49.146366,49.141057,49.133611,49.125814,49.117448,49.105983,49.094451,49.079053,49.062144,49.043474,49.020291,48.991672,48.961200,48.923995,48.879146,48.829013,48.773292,48.707340,48.629694,48.544013,48.449717,48.337945,48.217981,48.077802,47.928399,47.756614,47.570586,47.365478,47.141825,46.885008,46.586817,46.253596,45.861337,45.417019,44.893695,44.295019,43.594074,42.790259,41.862584,40.802281,39.602100,38.256727,36.761367,35.129023,33.360203,31.489074,29.524502,27.514935,25.501702,23.512930,21.619524,19.848383,18.267499,16.904496,15.796084,14.973712,14.446723,14.215486,14.263719,14.569621,15.095182,15.796651,16.624770,17.527493,18.456513,19.365920,20.218402,20.986143,21.650800,22.204630,22.650929,23.000764,23.272811,23.490652,23.681029,23.871432,24.088462
1.155779,49.417932,49.417605,49.417057,49.416227,49.415054,49.413410,49.411212,49.408511,49.405174,49.401236,49.396704,49.391484,49.385623,49.379420,49.372851,49.366133,49.358901,49.351953,49.344748,49.338093,49.331346,49.325382,49.319619,49.314795,49.310355,49.306480,49.303079,49.300360,49.298156,49.296473,49.295096,49.294070,49.293310,49.292753,49.292367,49.292047,49.291768,49.291500,49.291300,49.291202,49.291307,49.291521,49.291796,49.292312,49.292932,49.293924,49.294977,49.296202,49.297611,49.298891,49.300336,49.301612,49.302941,49.304318,49.305347,49.306342,49.307293,49.308222,49.309301,49.310324,49.311622,49.312845,49.314183,49.315519,49.316591,49.317644,49.318637,49.319386,49.319841,49.320171,49.320400,49.320432,49.320360,49.320223,49.320025,49.319779,49.319482,49.319144,49.318809,49.318604,49.318359,49.318146,49.318037,49.318015,49.318132,49.318186,49.318274,49.318343,49.318313,49.318203,49.317767,49.317130,49.316219,49.315063,49.313570,49.311679,49.309576,49.306761,49.303178,49.299583,49.296096,49.291504,49.287645,49.282876,49.278560,49.274722,49.269967,49.266311,49.262120,49.257622,49.254059,49.249882,49.246307,49.243355,49.239987,49.237486,49.234801,49.231749,49.229037,49.226530,49.223248,49.220516,49.216555,49.213162,49.208236,49.203770,49.197179,49.189912,49.181249,49.171139,49.160088,49.145114,49.129279,49.108431,49.086144,49.058459,49.024438,48.987457,48.941219,48.891215,48.831831,48.761554,48.685750,48.597637,48.497880,48.382547,48.258788,48.114989,47.961981,47.786251,47.599062,47.383493,47.142975,46.870104,46.546615,46.180500,45.746444,45.244866,44.662635,43.976309,43.184351,42.263612,41.209423,40.008191,38.654844,37.151018,35.495406,33.709968,31.801215,29.812804,27.766350,25.702368,23.678568,21.744421,19.939482,18.313689,16.922797,15.790072,14.944759,14.399946,14.153739,14.196353,14.498130,15.024114,15.728468,16.561182,17.469840,18.404547,19.319669,20.178265,20.950724,21.618869,22.175919,22.624086,22.975169,23.247770,23.465824,23.656074,23.846197,24.062965
1.166332,49.418076,49.417908,49.417592,49.417093,49.416336,49.415267,49.413815,49.411918,49.409538,49.406815,49.403483,49.399710,49.395556,49.390872,49.386129,49.381096,49.375765,49.370649,49.365457,49.360281,49.355586,49.350889,49.346836,49.342979,49.339818,49.336841,49.334376,49.332318,49.330677,49.329279,49.328243,49.327428,49.326778,49.326280,49.325887,49.325568,49.325298,49.325020,49.324864,49.324831,49.324892,49.325002,49.325146,49.325446,49.325884,49.326618,49.327371,49.328238,49.329167,49.330265,49.331240,49.332379,49.333395,49.334188,49.335074,49.335758,49.336487,49.337182,49.337896,49.338807,49.339662,49.340682,49.341759,49.342869,49.343774,49.344644,49.345291,49.345917,49.346214,49.346461,49.346530,49.346506,49.346476,49.346366,49.346181,49.345925,49.345638,49.345346,49.345182,49.345012,49.344808,49.344696,49.344570,49.344530,49.344484,49.344543,49.344630,49.344731,49.344757,49.344652,49.344382,49.343823,49.343212,49.342365,49.341145,49.339929,49.337940,49.336012,49.333461,49.330370,49.327362,49.324548,49.320881,49.317883,49.314563,49.310918,49.308095,49.304628,49.301498,49.298705,49.295320,49.292769,49.289999,49.287193,49.285149,49.282789,49.280878,49.279277,49.277058,49.275319,49.272900,49.270976,49.268541,49.265738,49.262188,49.258449,49.254452,49.248851,49.242009,49.233248,49.223478,49.212434,49.198332,49.181373,49.160235,49.137245,49.107349,49.073270,49.033373,48.988472,48.933202,48.873194,48.800517,48.720064,48.628772,48.528015,48.409103,48.281938,48.134769,47.978059,47.797875,47.603805,47.378892,47.114830,46.815702,46.459143,46.049932,45.565202,44.992144,44.323391,43.541110,42.632845,41.582180,40.381080,39.024134,37.507326,35.840701,34.027854,32.096740,30.077201,27.996474,25.896081,23.839099,21.856694,20.015527,18.364036,16.934897,15.776414,14.910072,14.350522,14.093488,14.127071,14.426349,14.951976,15.658943,16.496081,17.409905,18.350669,19.272506,20.136023,20.913545,21.585610,22.145646,22.595920,22.948311,23.221672,23.440128,23.630400,23.820344,24.036783
1.176884,49.418138,49.418067,49.417906,49.417616,49.417169,49.416525,49.415594,49.414351,49.412755,49.410764,49.408538,49.405847,49.402848,49.399611,49.396067,49.392296,49.388633,49.384731,49.381078,49.377313,49.373812,49.370653,49.367520,49.364868,49.362483,49.360326,49.358578,49.356978,49.355733,49.354646,49.353786,49.353097,49.352546,49.352086,49.351733,49.351444,49.351251,49.351140,49.351050,49.350984,49.350992,49.350987,49.351068,49.351244,49.351606,49.351969,49.352516,49.353087,49.353814,49.354626,49.355447,49.356112,49.356863,49.357458,49.358055,49.358641,49.359167,49.359761,49.360279,49.360911,49.361614,49.362447,49.363244,49.363902,49.364711,49.365411,49.365930,49.366332,49.366584,49.366725,49.366762,49.366761,49.366672,49.366561,49.366368,49.366155,49.365887,49.365685,49.365558,49.365437,49.365342,49.365232,49.365133,49.365033,49.365000,49.365040,49.365114,49.365214,49.365222,49.365185,49.365028,49.364636,49.364239,49.363517,49.362775,49.361617,49.360429,49.358829,49.356661,49.354745,49.352393,49.349706,49.347482,49.344650,49.342393,49.339629,49.337415,49.334794,49.332451,49.330496,49.328271,49.326097,49.323830,49.322240,49.320544,49.319010,49.317620,49.316121,49.315000,49.313390,49.311921,49.310652,49.308722,49.306769,49.304766,49.301715,49.298736,49.294625,49.288795,49.282789,49.274222,49.264354,49.253152,49.238709,49.221297,49.199425,49.175245,49.145234,49.109729,49.066731,49.019745,48.962257,48.899819,48.826685,48.741523,48.647246,48.543250,48.421102,48.290762,48.140108,47.979034,47.792103,47.584918,47.336370,47.049390,46.716166,46.316231,45.850980,45.293311,44.641029,43.869985,42.966873,41.922257,40.723334,39.362803,37.837761,36.157177,34.325973,32.374791,30.319303,28.211274,26.077242,23.984398,21.966586,20.090646,18.406450,16.948258,15.766967,14.878943,14.299197,14.032183,14.058522,14.354397,14.879796,15.589293,16.430582,17.349990,18.297071,19.224054,20.093544,20.875159,21.551391,22.114185,22.566724,22.920618,23.195075,23.413869,23.604132,23.793838,24.009885
1.187437,49.418155,49.418136,49.418067,49.417922,49.417669,49.417296,49.416762,49.415998,49.415002,49.413667,49.412074,49.410301,49.408202,49.405902,49.403441,49.400724,49.398092,49.395316,49.392731,49.390042,49.387653,49.385343,49.383141,49.381291,49.379512,49.378111,49.376785,49.375713,49.374745,49.373898,49.373216,49.372617,49.372150,49.371745,49.371437,49.371206,49.371091,49.371033,49.370995,49.370936,49.370833,49.370800,49.370871,49.370989,49.371174,49.371447,49.371804,49.372282,49.372724,49.373267,49.373879,49.374321,49.374817,49.375196,49.375662,49.376129,49.376622,49.377110,49.377535,49.378058,49.378563,49.378980,49.379546,49.380016,49.380570,49.381123,49.381580,49.381876,49.382066,49.382193,49.382242,49.382195,49.382107,49.381969,49.381809,49.381608,49.381473,49.381312,49.381146,49.381046,49.380942,49.380838,49.380770,49.380722,49.380721,49.380795,49.380864,49.380941,49.380982,49.381015,49.380894,49.380744,49.380374,49.379966,49.379287,49.378407,49.377264,49.376032,49.374836,49.373045,49.371258,49.369610,49.367509,49.365584,49.363842,49.361714,49.359797,49.358186,49.356276,49.354926,49.353188,49.351940,49.350309,49.349061,49.348106,49.346873,49.345853,49.345052,49.344031,49.343323,49.342387,49.341209,49.340055,49.338917,49.337089,49.335116,49.332961,49.329820,49.325389,49.320205,49.314123,49.305471,49.296126,49.283155,49.268761,49.249674,49.228474,49.201925,49.169122,49.132905,49.089217,49.038602,48.978758,48.912173,48.838850,48.751061,48.656297,48.544198,48.421596,48.287787,48.135864,47.962006,47.765138,47.537547,47.265527,46.940772,46.559623,46.109138,45.566073,44.924300,44.167140,43.272907,42.234736,41.036531,39.673226,38.143166,36.447273,34.604313,32.625692,30.548490,28.407225,26.250388,24.115490,22.069028,20.164338,18.445378,16.962595,15.751135,14.845343,14.251325,13.970409,13.991292,14.282861,14.808345,15.520070,16.365133,17.290513,18.242734,19.176133,20.050398,20.836481,21.516509,22.082198,22.536948,22.892482,23.167836,23.387060,23.577300,23.766645,23.982186
1.197990,49.418155,49.418155,49.418138,49.418077,49.417959,49.417755,49.417445,49.417027,49.416434,49.415668,49.414618,49.413427,49.411999,49.410475,49.408704,49.406922,49.404958,49.403106,49.401170,49.399419,49.397692,49.396038,49.394647,49.393283,49.392159,49.391102,49.390304,49.389538,49.388861,49.388280,49.387729,49.387268,49.386846,49.386519,49.386248,49.386054,49.385907,49.385829,49.385760,49.385681,49.385647,49.385646,49.385703,49.385784,49.385924,49.386114,49.386381,49.386658,49.386983,49.387377,49.387657,49.387997,49.388281,49.388598,49.388901,49.389319,49.389726,49.390151,49.390546,49.390918,49.391147,49.391480,49.391760,49.392183,49.392479,49.392808,49.393147,49.393423,49.393624,49.393758,49.393803,49.393805,49.393722,49.393609,49.393453,49.393340,49.393217,49.393042,49.392868,49.392673,49.392558,49.392534,49.392496,49.392549,49.392566,49.392627,49.392720,49.392816,49.392873,49.392948,49.392938,49.392893,49.392619,49.392201,49.391606,49.390802,49.390108,49.389219,49.388096,49.387121,49.385901,49.384375,49.383064,49.381424,49.380060,49.378625,49.377035,49.375900,49.374540,49.373408,49.372570,49.371443,49.370742,49.369775,49.369081,49.368229,49.367530,49.367022,49.366372,49.365912,49.365208,49.364651,49.363891,49.362846,49.361904,49.360581,49.358602,49.356226,49.353383,49.348984,49.343745,49.337611,49.328794,49.318854,49.305186,49.289841,49.269623,49.246028,49.218767,49.184084,49.144559,49.098599,49.047309,48.987221,48.917193,48.841869,48.751276,48.653437,48.538442,48.412607,48.271991,48.116185,47.929209,47.711748,47.453591,47.149393,46.779394,46.342754,45.813362,45.183972,44.435460,43.553219,42.518254,41.323629,39.958540,38.421551,36.718414,34.856370,32.861347,30.764511,28.597115,26.403225,24.241961,22.164295,20.228759,18.477542,16.971633,15.737071,14.809864,14.202582,13.910627,13.924613,14.213110,14.738086,15.451883,16.301341,17.231036,18.189391,19.127652,20.007286,20.797840,21.481593,22.050267,22.507145,22.863980,23.140030,23.359521,23.549740,23.738763,23.953683
1.208543,49.418155,49.418155,49.418155,49.418142,49.418097,49.418006,49.417837,49.417610,49.417288,49.416852,49.416305,49.415549,49.414668,49.413610,49.412508,49.411238,49.409928,49.408641,49.407280,49.406068,49.404884,49.403745,49.402765,49.401949,49.401180,49.400494,49.399939,49.399529,49.399105,49.398755,49.398408,49.398043,49.397746,49.397453,49.397213,49.396991,49.396809,49.396629,49.396499,49.396438,49.396438,49.396480,49.396549,49.396654,49.396786,49.396951,49.397124,49.397359,49.397578,49.397733,49.397910,49.398113,49.398321,49.398574,49.398863,49.399088,49.399417,49.399727,49.399994,49.400218,49.400421,49.400643,49.400825,49.401090,49.401225,49.401406,49.401588,49.401837,49.402072,49.402225,49.402359,49.402375,49.402326,49.402210,49.402069,49.401947,49.401766,49.401587,49.401451,49.401271,49.401168,49.401138,49.401102,49.401147,49.401205,49.401307,49.401406,49.401531,49.401661,49.401739,49.401740,49.401685,49.401453,49.401024,49.400615,49.400012,49.399478,49.398747,49.398133,49.397234,49.396375,49.395369,49.394452,49.393332,49.392211,49.391018,49.390144,49.389098,49.388385,49.387506,49.386993,49.386333,49.385839,49.385398,49.384779,49.384386,49.383927,49.383497,49.383030,49.382661,49.382221,49.381813,49.381402,49.380789,49.379935,49.379036,49.378019,49.376089,49.373657,49.370828,49.366415,49.361396,49.354024,49.345051,49.334368,49.319753,49.303197,49.281537,49.256281,49.227159,49.191614,49.148951,49.101172,49.046735,48.986999,48.915268,48.837526,48.746401,48.643584,48.528209,48.395925,48.251366,48.079256,47.871525,47.629196,47.335128,46.978525,46.552045,46.040415,45.420075,44.683309,43.807253,42.777992,41.586081,40.220417,38.679318,36.964791,35.091407,33.082002,30.958269,28.769687,26.549322,24.359645,22.256491,20.284956,18.513218,16.976092,15.724599,14.776641,14.154720,13.853182,13.858825,14.144543,14.669519,15.385615,16.238444,17.173487,18.136380,19.080063,19.964628,20.759651,21.446635,22.018416,22.477120,22.835175,23.111655,23.331214,23.521365,23.710093,23.924505
1.219095,49.418155,49.418155,49.418155,49.418155,49.418147,49.418116,49.418047,49.417934,49.417763,49.417543,49.417243,49.416872,49.416347,49.415768,49.415064,49.414257,49.413442,49.412525,49.411661,49.410765,49.409958,49.409253,49.408597,49.407997,49.407529,49.407160,49.406801,49.406533,49.406303,49.406141,49.405945,49.405783,49.405585,49.405346,49.405120,49.404869,49.404642,49.404421,49.404255,49.404156,49.404135,49.404177,49.404278,49.404419,49.404584,49.404782,49.404951,49.405065,49.405191,49.405273,49.405384,49.405508,49.405684,49.405816,49.406010,49.406207,49.406383,49.406488,49.406670,49.406840,49.407033,49.407179,49.407284,49.407369,49.407447,49.407578,49.407723,49.407863,49.408064,49.408261,49.408392,49.408487,49.408467,49.408415,49.408261,49.408084,49.407875,49.407708,49.407577,49.407460,49.407382,49.407304,49.407272,49.407312,49.407383,49.407486,49.407587,49.407706,49.407788,49.407853,49.407797,49.407700,49.407509,49.407377,49.407017,49.406692,49.406197,49.405770,49.405202,49.404723,49.404000,49.403299,49.402631,49.401762,49.400986,49.400333,49.399519,49.398962,49.398317,49.397955,49.397499,49.397207,49.396897,49.396617,49.396453,49.396107,49.395826,49.395471,49.395213,49.394869,49.394607,49.394369,49.394135,49.393667,49.393261,49.392600,49.391870,49.390510,49.388738,49.386503,49.383040,49.378618,49.373165,49.365571,49.355401,49.343696,49.327912,49.310007,49.286736,49.260674,49.227705,49.191498,49.147180,49.099525,49.042617,48.981983,48.908183,48.827932,48.731953,48.626212,48.509211,48.370245,48.209313,48.018578,47.782907,47.501170,47.162142,46.747519,46.242441,45.637060,44.905815,44.039193,43.015508,41.825958,40.460197,38.915241,37.193277,35.310223,33.281022,31.140850,28.926585,26.688360,24.472432,22.334962,20.343524,18.539554,16.984375,15.706869,14.745386,14.106514,13.796245,13.795328,14.078262,14.602838,15.320710,16.177516,17.116731,18.085214,19.033824,19.922741,20.721685,21.412317,21.986291,22.446916,22.805931,23.082841,23.302431,23.492208,23.680501,23.894442
1.229648,49.418155,49.418155,49.418155,49.418155,49.418155,49.418150,49.418135,49.418093,49.418016,49.417901,49.417761,49.417563,49.417334,49.417014,49.416632,49.416207,49.415681,49.415173,49.414626,49.414053,49.413526,49.413055,49.412604,49.412257,49.411961,49.411705,49.411553,49.411389,49.411291,49.411195,49.411140,49.411061,49.410933,49.410778,49.410571,49.410340,49.410128,49.409921,49.409753,49.409631,49.409573,49.409590,49.409683,49.409817,49.409951,49.410121,49.410251,49.410352,49.410440,49.410526,49.410616,49.410726,49.410800,49.410894,49.410996,49.411049,49.411124,49.411195,49.411293,49.411423,49.411504,49.411605,49.411673,49.411724,49.411799,49.411893,49.412010,49.412136,49.412265,49.412354,49.412473,49.412563,49.412617,49.412615,49.412540,49.412367,49.412201,49.412024,49.411904,49.411757,49.411670,49.411626,49.411598,49.411597,49.411632,49.411706,49.411798,49.411888,49.411908,49.411924,49.411886,49.411789,49.411726,49.411610,49.411460,49.411279,49.410931,49.410629,49.410214,49.409832,49.409416,49.408882,49.408512,49.407988,49.407385,49.406863,49.406438,49.405920,49.405525,49.405208,49.404935,49.404771,49.404581,49.404498,49.404454,49.404326,49.404200,49.403956,49.403838,49.403613,49.403455,49.403238,49.403059,49.402941,49.402592,49.402257,49.401700,49.400739,49.399580,49.397525,49.395172,49.391583,49.386768,49.379951,49.371913,49.361279,49.347398,49.331563,49.310802,49.287540,49.258069,49.224560,49.187019,49.141543,49.093240,49.035766,48.973915,48.897688,48.812636,48.718334,48.606247,48.482257,48.331964,48.147038,47.927692,47.654918,47.324692,46.921198,46.431139,45.833324,45.110991,44.250224,43.233892,42.046216,40.680504,39.131670,37.404939,35.508608,33.469432,31.312241,29.077914,26.810711,24.573491,22.414184,20.394149,18.565878,16.985531,15.692862,14.710748,14.061639,13.739653,13.734018,14.013181,14.537774,15.257678,16.117493,17.061640,18.034410,18.987903,19.881338,20.684615,21.378078,21.954296,22.416403,22.776316,23.053666,23.273160,23.462459,23.650021,23.863294
1.240201,49.418155,49.418155,49.418155,49.418155,49.418155,49.418155,49.418154,49.418145,49.418127,49.418081,49.418021,49.417928,49.417812,49.417690,49.417511,49.417317,49.417055,49.416790,49.416466,49.416160,49.415842,49.415530,49.415276,49.415033,49.414848,49.414719,49.414632,49.414581,49.414554,49.414518,49.414494,49.414463,49.414399,49.414296,49.414170,49.413999,49.413834,49.413667,49.413515,49.413413,49.413352,49.413338,49.413345,49.413402,49.413481,49.413580,49.413664,49.413767,49.413887,49.413988,49.414061,49.414136,49.414194,49.414220,49.414255,49.414246,49.414272,49.414325,49.414352,49.414410,49.414431,49.414461,49.414536,49.414602,49.414699,49.414789,49.414875,49.414977,49.415064,49.415107,49.415145,49.415208,49.415220,49.415204,49.415139,49.415098,49.414990,49.414853,49.414723,49.414630,49.414546,49.414484,49.414454,49.414433,49.414445,49.414468,49.414455,49.414507,49.414494,49.414464,49.414490,49.414464,49.414433,49.414389,49.414334,49.414241,49.414034,49.413801,49.413626,49.413352,49.413022,49.412780,49.412450,49.412149,49.411894,49.411491,49.411131,49.410815,49.410470,49.410215,49.410043,49.409891,49.409825,49.409781,49.409792,49.409740,49.409734,49.409738,49.409655,49.409574,49.409511,49.409376,49.409350,49.409231,49.409074,49.408788,49.408402,49.407828,49.406748,49.405376,49.403158,49.400148,49.396293,49.390527,49.383751,49.374067,49.362882,49.347800,49.330714,49.308541,49.283916,49.254103,49.219535,49.179940,49.133967,49.085708,49.027369,48.963399,48.884654,48.798997,48.696164,48.579283,48.438795,48.268666,48.054916,47.797380,47.477590,47.084167,46.599740,46.011252,45.300222,44.445800,43.432353,42.248595,40.882699,39.331843,37.597606,35.694694,33.639088,31.465634,29.212263,26.929806,24.666645,22.483644,20.439833,18.588901,16.987313,15.675807,14.679483,14.014832,13.685718,13.672989,13.949907,14.473931,15.195491,16.058874,17.006556,17.984546,18.942494,19.840545,20.647147,21.343769,21.922164,22.385520,22.746147,23.023748,23.243059,23.431875,23.618834,23.831350
1.250754,49.418155,49.418155,49.418155,49.418155,49.418155,49.418155,49.418155,49.418155,49.418152,49.418146,49.418129,49.418093,49.418052,49.417998,49.417932,49.417852,49.417752,49.417642,49.417533,49.417384,49.417229,49.417091,49.416937,49.416803,49.416702,49.416623,49.416572,49.416546,49.416538,49.416544,49.416541,49.416522,49.416481,49.416440,49.416376,49.416284,49.416181,49.416084,49.415979,49.415883,49.415788,49.415732,49.415673,49.415645,49.415664,49.415711,49.415792,49.415878,49.415981,49.416093,49.416182,49.416253,49.416289,49.416301,49.416313,49.416317,49.416297,49.416302,49.416256,49.416237,49.416239,49.416266,49.416327,49.416404,49.416497,49.416591,49.416675,49.416721,49.416779,49.416816,49.416848,49.416842,49.416824,49.416794,49.416747,49.416684,49.416618,49.416562,49.416476,49.416386,49.416320,49.416266,49.416230,49.416200,49.416148,49.416128,49.416063,49.416028,49.416016,49.416029,49.416057,49.416106,49.416141,49.416158,49.416114,49.416068,49.416024,49.415887,49.415787,49.415605,49.415486,49.415316,49.415124,49.414917,49.414737,49.414468,49.414227,49.414058,49.413854,49.413654,49.413536,49.413426,49.413349,49.413313,49.413311,49.413335,49.413362,49.413382,49.413392,49.413404,49.413418,49.413383,49.413363,49.413296,49.413165,49.413026,49.412753,49.412285,49.411617,49.410303,49.408632,49.406204,49.402798,49.397934,49.392175,49.383903,49.374282,49.361033,49.345962,49.327028,49.303583,49.277811,49.245902,49.210486,49.171913,49.126190,49.077850,49.017587,48.951090,48.869626,48.779679,48.671652,48.538176,48.377340,48.173279,47.925272,47.613254,47.231401,46.757910,46.175990,45.472182,44.622803,43.615171,42.434273,41.068689,39.515424,37.775905,35.864518,33.799300,31.609444,29.338812,27.033781,24.752042,22.543999,20.480695,18.608604,16.989321,15.655856,14.646323,13.970819,13.630898,13.613748,13.887115,14.410940,15.134159,16.000420,16.951948,17.934332,18.896834,19.799018,20.609292,21.308815,21.889249,22.353933,22.715150,22.992813,23.211955,23.400432,23.586795,23.798587
1.261307,49.418155,49.418155,49.418155,49.418155,49.418155,49.418155,49.418155,49.418155,49.418155,49.418155,49.418154,49.418147,49.418140,49.418122,49.418096,49.418071,49.418047,49.418019,49.417982,49.417956,49.417911,49.417865,49.417816,49.417762,49.417722,49.417684,49.417644,49.417620,49.417613,49.417601,49.417594,49.417589,49.417571,49.417551,49.417529,49.417515,49.417476,49.417434,49.417367,49.417279,49.417192,49.417108,49.417043,49.416998,49.416987,49.417004,49.417064,49.417126,49.417202,49.417303,49.417363,49.417422,49.417475,49.417494,49.417502,49.417479,49.417453,49.417406,49.417367,49.417340,49.417340,49.417363,49.417382,49.417444,49.417498,49.417579,49.417641,49.417695,49.417719,49.417752,49.417746,49.417731,49.417704,49.417670,49.417628,49.417570,49.417522,49.417484,49.417449,49.417389,49.417361,49.417308,49.417240,49.417198,49.417143,49.417123,49.417086,49.417054,49.417044,49.417031,49.417053,49.417053,49.417076,49.417112,49.417149,49.417169,49.417159,49.417117,49.417057,49.417002,49.416892,49.416771,49.416647,49.416491,49.416366,49.416286,49.416135,49.416046,49.415913,49.415845,49.415739,49.415658,49.415586,49.415533,49.415515,49.415531,49.415565,49.415627,49.415664,49.415713,49.415705,49.415712,49.415669,49.415619,49.415620,49.415519,49.415426,49.415067,49.414569,49.413526,49.412228,49.410060,49.407174,49.403421,49.397951,49.391425,49.382308,49.371739,49.358074,49.340709,49.321396,49.296923,49.270411,49.237966,49.202490,49.164397,49.118936,49.069231,49.006485,48.937007,48.851216,48.753498,48.628624,48.474471,48.283480,48.040464,47.741430,47.364642,46.899598,46.328388,45.628661,44.787487,43.783222,42.604472,41.239726,39.683804,37.940718,36.019436,33.943192,31.743682,29.457404,27.134384,24.827447,22.604104,20.514556,18.627335,16.984809,15.636658,14.612698,13.924579,13.577949,13.553889,13.824820,14.348178,15.072688,15.941538,16.897264,17.883409,18.850689,19.756399,20.570419,21.272369,21.854976,22.320947,22.683012,22.960858,23.179789,23.367803,23.553588,23.764680
1.271859,49.418155,49.418155,49.418155,49.418155,49.418155,49.418155,49.418155,49.418155,49.418155,49.418155,49.418155,49.418155,49.418155,49.418153,49.418148,49.418146,49.418139,49.418134,49.418126,49.418118,49.418114,49.418109,49.418106,49.418104,49.418096,49.418079,49.418067,49.418053,49.418047,49.418036,49.418030,49.418026,49.418022,49.418014,49.418006,49.417990,49.417976,49.417953,49.417909,49.417884,49.417848,49.417800,49.417772,49.417756,49.417746,49.417752,49.417781,49.417815,49.417844,49.417896,49.417924,49.417969,49.417992,49.418008,49.418000,49.417984,49.417961,49.417931,49.417900,49.417887,49.417886,49.417891,49.417906,49.417936,49.417958,49.418009,49.418044,49.418060,49.418077,49.418088,49.418080,49.418060,49.418035,49.418018,49.417985,49.417973,49.417940,49.417926,49.417902,49.417873,49.417842,49.417826,49.417775,49.417764,49.417735,49.417733,49.417723,49.417716,49.417704,49.417683,49.417661,49.417655,49.417652,49.417650,49.417665,49.417701,49.417713,49.417743,49.417744,49.417704,49.417671,49.417575,49.417497,49.417432,49.417355,49.417292,49.417223,49.417169,49.417103,49.417033,49.416969,49.416915,49.416874,49.416847,49.416840,49.416845,49.416856,49.416884,49.416912,49.416951,49.416953,49.416966,49.416938,49.416944,49.416949,49.416965,49.416896,49.416647,49.416262,49.415493,49.414449,49.412795,49.410251,49.407056,49.402308,49.396636,49.388697,49.379505,49.367066,49.353035,49.334764,49.314735,49.289616,49.262770,49.230341,49.195450,49.158129,49.111579,49.059453,48.993659,48.919451,48.825781,48.712803,48.565021,48.380408,48.149521,47.855121,47.489986,47.032461,46.465398,45.774651,44.936709,43.938235,42.761104,41.396690,39.839338,38.090664,36.163098,34.078659,31.863194,29.563928,27.223927,24.898617,22.653293,20.549142,18.637978,16.982006,15.617617,14.576733,13.878855,13.523849,13.494704,13.762348,14.284777,15.010360,15.882128,16.841153,17.831834,18.802704,19.712598,20.529570,21.234172,21.818635,22.286117,22.649080,22.927352,23.146106,23.333541,23.518588,23.728968
1.282412,49.418155,49.418155,49.418155,49.418155,49.418155,49.418155,49.418155,49.418155,49.418155,49.418155,49.418155,49.418155,49.418155,49.418155,49.418155,49.418155,49.418155,49.418155,49.418154,49.418153,49.418152,49.418153,49.418154,49.418155,49.418154,49.418153,49.418151,49.418149,49.418147,49.418147,49.418145,49.418143,49.418141,49.418140,49.418138,49.418128,49.418120,49.418102,49.418088,49.418074,49.418066,49.418061,49.418055,49.418049,49.418046,49.418051,49.418056,49.418066,49.418084,49.418096,49.418112,49.418126,49.418138,49.418140,49.418140,49.418136,49.418121,49.418113,49.418112,49.418105,49.418105,49.418109,49.418115,49.418115,49.418123,49.418135,49.418140,49.418146,49.418146,49.418153,49.418145,49.418138,49.418138,49.418129,49.418117,49.418109,49.418103,49.418091,49.418091,49.418072,49.418071,49.418058,49.418051,49.418040,49.418028,49.418024,49.418017,49.418010,49.418004,49.417990,49.417985,49.417994,49.417990,49.417987,49.417988,49.417999,49.418009,49.418016,49.418017,49.418022,49.418004,49.418010,49.417982,49.417930,49.417887,49.417835,49.417791,49.417757,49.417723,49.417664,49.417635,49.417591,49.417563,49.417548,49.417545,49.417532,49.417537,49.417541,49.417546,49.417567,49.417588,49.417623,49.417637,49.417663,49.417671,49.417672,49.417626,49.417487,49.417123,49.416606,49.415695,49.414206,49.412311,49.409291,49.405589,49.400526,49.393647,49.385304,49.375390,49.362136,49.347376,49.329170,49.307074,49.282549,49.255871,49.224101,49.191429,49.152321,49.104974,49.046145,48.977265,48.894600,48.785627,48.649148,48.472243,48.245603,47.962286,47.601311,47.152500,46.592244,45.907348,45.074412,44.078987,42.905135,41.540818,39.981794,38.229297,36.296388,34.200372,31.976624,29.659534,27.303535,24.963205,22.701937,20.574555,18.649705,16.972489,15.593107,14.542088,13.833165,13.468184,13.434141,13.698393,14.220093,14.946688,15.820810,16.783636,17.777927,18.752737,19.666209,20.486193,21.193356,21.779937,22.248832,22.612612,22.891264,23.110054,23.297103,23.481361,23.690785
1.292965,49.418155,49.418155,49.418155,49.418155,49.418155,49.418155,49.418155,49.418155,49.418155,49.418155,49.418155,49.418155,49.418155,49.418155,49.418155,49.418155,49.418155,49.418155,49.418155,49.418155,49.418155,49.418155,49.418155,49.418155,49.418155,49.418155,49.418155,49.418155,49.418155,49.418155,49.418155,49.418155,49.418155,49.418155,49.418155,49.418155,49.418152,49.418150,49.418143,49.418142,49.418138,49.418137,49.418134,49.418132,49.418132,49.418134,49.418137,49.418141,49.418142,49.418148,49.418152,49.418155,49.418155,49.418155,49.418155,49.418155,49.418155,49.418155,49.418155,49.418155,49.418155,49.418155,49.418155,49.418155,49.418155,49.418155,49.418155,49.418155,49.418155,49.418155,49.418155,49.418155,49.418155,49.418153,49.418153,49.418148,49.418148,49.418146,49.418147,49.418147,49.418145,49.418145,49.418143,49.418140,49.418132,49.418127,49.418121,49.418116,49.418116,49.418117,49.418121,49.418126,49.418129,49.418129,49.418130,49.418130,49.418131,49.418129,49.418129,49.418132,49.418132,49.418136,49.418136,49.418119,49.418102,49.418092,49.418061,49.418029,49.418007,49.417989,49.417975,49.417947,49.417940,49.417921,49.417903,49.417886,49.417878,49.417877,49.417886,49.417901,49.417930,49.417948,49.417972,49.417990,49.418009,49.418011,49.418007,49.417935,49.417637,49.417196,49.416401,49.415272,49.413478,49.411197,49.407693,49.403290,49.397909,49.390406,49.381822,49.370325,49.357536,49.340996,49.323143,49.301782,49.276663,49.250719,49.220064,49.187216,49.144244,49.094793,49.032488,48.953244,48.854684,48.722056,48.554019,48.334691,48.056820,47.705572,47.260640,46.709389,46.027803,45.201411,44.208640,43.036993,41.673201,40.112563,38.357495,36.416985,34.315095,32.079281,29.749305,27.380500,25.023946,22.740829,20.600292,18.653709,16.962113,15.569431,14.502743,13.784630,13.412312,13.371333,13.633129,14.153603,14.881109,15.757569,16.723185,17.721298,18.699773,19.616670,20.439747,21.149587,21.738166,22.208390,22.572942,22.851959,23.070781,23.257573,23.441327,23.649698
1.303518,49.418155,49.418155,49.418155,49.418155,49.418155,49.418155,49.418155,49.418155,49.418155,49.418155,49.418155,49.418155,49.418155,49.418155,49.418155,49.418155,49.418155,49.418155,49.418155,49.418155,49.418155,49.418155,49.418155,49.418155,49.418155,49.418155,49.418155,49.418155,49.418155,49.418155,49.418155,49.418155,49.418155,49.418155,49.418155,49.418155,49.418155,49.418155,49.418155,49.418155,49.418155,49.418155,49.418154,49.418153,49.418153,49.418154,49.418155,49.418155,49.418155,49.418155,49.418155,49.418155,49.418155,49.418155,49.418155,49.418155,49.418155,49.418155,49.418155,49.418155,49.418155,49.418155,49.418155,49.418155,49.418155,49.418155,49.418155,49.418155,49.418155,49.418155,49.418155,49.418155,49.418155,49.418155,49.418155,49.418155,49.418155,49.418155,49.418155,49.418155,49.418155,49.418155,49.418155,49.418155,49.418155,49.418152,49.418151,49.418151,49.418151,49.418152,49.418152,49.418155,49.418155,49.418155,49.418155,49.418155,49.418155,49.418155,49.418155,49.418155,49.418155,49.418155,49.418155,49.418155,49.418155,49.418149,49.418141,49.418141,49.418128,49.418124,49.418112,49.418105,49.418100,49.418099,49.418085,49.418091,49.418089,49.418093,49.418097,49.418101,49.418101,49.418115,49.418117,49.418121,49.418133,49.418133,49.418145,49.418090,49.417918,49.417541,49.416902,49.415918,49.414557,49.412560,49.409572,49.405789,49.400907,49.395027,49.387322,49.377387,49.365820,49.352652,49.336591,49.317265,49.297039,49.273622,49.247918,49.217326,49.182241,49.135589,49.079148,49.008930,48.913725,48.790766,48.626345,48.416841,48.144030,47.797848,47.361808,46.813994,46.139895,45.316118,44.328089,43.157660,41.795019,40.233469,38.474401,36.530019,34.418253,32.173691,29.833536,27.446961,25.074832,22.779451,20.617551,18.658349,16.948890,15.541587,14.462311,13.733779,13.352742,13.307349,13.565342,14.084576,14.812689,15.691050,16.659940,17.661030,18.643282,19.563261,20.389744,21.102024,21.692625,22.164110,22.529413,22.808691,23.027435,23.213981,23.397162,23.604666
1.314070,49.418155,49.418155,49.418155,49.418155,49.418155,49.418155,49.418155,49.418155,49.418155,49.418155,49.418155,49.418155,49.418155,49.418155,49.418155,49.418155,49.418155,49.418155,49.418155,49.418155,49.418155,49.418155,49.418155,49.418155,49.418155,49.418155,49.418155,49.418155,49.418155,49.418155,49.418155,49.418155,49.418155,49.418155,49.418155,49.418155,49.418155,49.418155,49.418155,49.418155,49.418155,49.418155,49.418155,49.418155,49.418155,49.418155,49.418155,49.418155,49.418155,49.418155,49.418155,49.418155,49.418155,49.418155,49.418155,49.418155,49.418155,49.418155,49.418155,49.418155,49.418155,49.418155,49.418155,49.418155,49.418155,49.418155,49.418155,49.418155,49.418155,49.418155,49.418155,49.418155,49.418155,49.418155,49.418155,49.418155,49.418155,49.418155,49.418155,49.418155,49.418155,49.418155,49.418155,49.418155,49.418155,49.418155,49.418155,49.418155,49.418155,49.418155,49.418155,49.418155,49.418155,49.418155,49.418155,49.418155,49.418155,49.418155,49.418155,49.418155,49.418155,49.418155,49.418155,49.418155,49.418155,49.418155,49.418155,49.418155,49.418155,49.418155,49.418150,49.418149,49.418149,49.418148,49.418148,49.418152,49.418152,49.418155,49.418155,49.418155,49.418154,49.418155,49.418155,49.418155,49.418155,49.418155,49.418155,49.418139,49.418044,49.417724,49.417296,49.416564,49.415285,49.413566,49.411341,49.408140,49.403787,49.398772,49.391842,49.384070,49.374226,49.361884,49.347981,49.331935,49.314500,49.293402,49.272002,49.245640,49.215107,49.173655,49.123787,49.056382,48.969624,48.849883,48.694419,48.488301,48.223031,47.884227,47.451601,46.911556,46.240402,45.422611,44.437217,43.268907,41.906986,40.344576,38.582840,36.633539,34.514691,32.260764,29.907566,27.511292,25.124592,22.809290,20.635038,18.655531,16.932502,15.510922,14.420377,13.679214,13.291907,13.239576,13.494330,14.012419,14.740919,15.621103,16.592515,17.596796,18.582434,19.505948,20.335042,21.050039,21.642322,22.115256,22.481298,22.760857,22.979471,23.165599,23.348119,23.554596
1.324623,49.418155,49.418155,49.418155,49.418155,49.418155,49.418155,49.418155,49.418155,49.418155,49.418155,49.418155,49.418155,49.418155,49.418155,49.418155,49.418155,49.418155,49.418155,49.418155,49.418155,49.418155,49.418155,49.418155,49.418155,49.418155,49.418155,49.418155,49.418155,49.418155,49.418155,49.418155,49.418155,49.418155,49.418155,49.418155,49.418155,49.418155,49.418155,49.418155,49.418155,49.418155,49.418155,49.418155,49.418155,49.418155,49.418155,49.418155,49.418155,49.418155,49.418155,49.418155,49.418155,49.418155,49.418155,49.418155,49.418155,49.418155,49.418155,49.418155,49.418155,49.418155,49.418155,49.418155,49.418155,49.418155,49.418155,49.418155,49.418155,49.418155,49.418155,49.418155,49.418155,49.418155,49.418155,49.418155,49.418155,49.418155,49.418155,49.418155,49.418155,49.418155,49.418155,49.418155,49.418155,49.418155,49.418155,49.418155,49.418155,49.418155,49.418155,49.418155,49.418155,49.418155,49.418155,49.418155,49.418155,49.418155,49.418155,49.418155,49.418155,49.418155,49.418155,49.418155,49.418155,49.418155,49.418155,49.418155,49.418155,49.418155,49.418155,49.418155,49.418155,49.418155,49.418155,49.418155,49.418155,49.418155,49.418155,49.418155,49.418155,49.418155,49.418155,49.418155,49.418155,49.418155,49.418155,49.418155,49.418155,49.418108,49.417879,49.417546,49.416932,49.416060,49.414555,49.412726,49.410060,49.406359,49.402118,49.396225,49.389631,49.380809,49.371213,49.359404,49.345096,49.330198,49.312046,49.292887,49.272100,49.243663,49.209073,49.162741,49.100435,49.017459,48.905651,48.753251,48.555190,48.295722,47.961314,47.534256,46.999246,46.332880,45.518507,44.536638,43.371588,42.010122,40.447030,38.683449,36.729296,34.603846,32.341106,29.978706,27.566243,25.165191,22.838559,20.644498,18.653162,16.913071,15.477456,14.373268,13.623997,13.227497,13.169235,13.420626,13.936838,14.665205,15.546534,16.520144,17.527695,18.516483,19.442999,20.275258,20.992469,21.586806,22.060981,22.427877,22.707759,22.926292,23.111771,23.293367,23.498611
1.335176,49.418155,49.418155,49.418155,49.418155,49.418155,49.418155,49.418155,49.418155,49.418155,49.418155,49.418155,49.418155,49.418155,49.418155,49.418155,49.418155,49.418155,49.418155,49.418155,49.418155,49.418155,49.418155,49.418155,49.418155,49.418155,49.418155,49.418155,49.418155,49.418155,49.418155,49.418155,49.418155,49.418155,49.418155,49.418155,49.418155,49.418155,49.418155,49.418155,49.418155,49.418155,49.418155,49.418155,49.418155,49.418155,49.418155,49.418155,49.418155,49.418155,49.418155,49.418155,49.418155,49.418155,49.418155,49.418155,49.418155,49.418155,49.418155,49.418155,49.418155,49.418155,49.418155,49.418155,49.418155,49.418155,49.418155,49.418155,49.418155,49.418155,49.418155,49.418155,49.418155,49.418155,49.418155,49.418155,49.418155,49.418155,49.418155,49.418155,49.418155,49.418155,49.418155,49.418155,49.418155,49.418155,49.418155,49.418155,49.418155,49.418155,49.418155,49.418155,49.418155,49.418155,49.418155,49.418155,49.418155,49.418155,49.418155,49.418155,49.418155,49.418155,49.418155,49.418155,49.418155,49.418155,49.418155,49.418155,49.418155,49.418155,49.418155,49.418155,49.418155,49.418155,49.418155,49.418155,49.418155,49.418155,49.418155,49.418155,49.418155,49.418155,49.418155,49.418155,49.418155,49.418155,49.418155,49.418155,49.418155,49.418133,49.417998,49.417729,49.417334,49.416553,49.415507,49.413906,49.411740,49.408631,49.405079,49.400110,49.394575,49.387100,49.379009,49.369007,49.357419,49.343576,49.329427,49.312415,49.294835,49.271330,49.238776,49.196719,49.141068,49.062672,48.953503,48.808527,48.613277,48.360118,48.029939,47.609063,47.078855,46.417005,45.607319,44.628026,43.465338,42.105087,40.541828,38.775571,36.817059,34.687109,32.413697,30.040750,27.619408,25.204911,22.859724,20.654361,18.643994,16.892422,15.439732,14.324742,13.563891,13.159945,13.095532,13.342957,13.856978,14.584942,15.467269,16.442743,17.452937,18.444543,19.374208,20.209117,20.928933,21.525047,22.000594,22.368311,22.648548,22.866860,23.051669,23.231958,23.435594
1.345729,49.418155,49.418155,49.418155,49.418155,49.418155,49.418155,49.418155,49.418155,49.418155,49.418155,49.418155,49.418155,49.418155,49.418155,49.418155,49.418155,49.418155,49.418155,49.418155,49.418155,49.418155,49.418155,49.418155,49.418155,49.418155,49.418155,49.418155,49.418155,49.418155,49.418155,49.418155,49.418155,49.418155,49.418155,49.418155,49.418155,49.418155,49.418155,49.418155,49.418155,49.418155,49.418155,49.418155,49.418155,49.418155,49.418155,49.418155,49.418155,49.418155,49.418155,49.418155,49.418155,49.418155,49.418155,49.418155,49.418155,49.418155,49.418155,49.418155,49.418155,49.418155,49.418155,49.418155,49.418155,49.418155,49.418155,49.418155,49.418155,49.418155,49.418155,49.418155,49.418155,49.418155,49.418155,49.418155,49.418155,49.418155,49.418155,49.418155,49.418155,49.418155,49.418155,49.418155,49.418155,49.418155,49.418155,49.418155,49.418155,49.418155,49.418155,49.418155,49.418155,49.418155,49.418155,49.418155,49.418155,49.418155,49.418155,49.418155,49.418155,49.418155,49.418155,49.418155,49.418155,49.418155,49.418155,49.418155,49.418155,49.418155,49.418155,49.418155,49.418155,49.418155,49.418155,49.418155,49.418155,49.418155,49.418155,49.418155,49.418155,49.418155,49.418155,49.418155,49.418155,49.418155,49.418155,49.418155,49.418155,49.418144,49.418077,49.417928,49.417591,49.417018,49.416232,49.414835,49.413027,49.410782,49.407473,49.403760,49.398616,49.392986,49.385476,49.377026,49.367227,49.356620,49.343535,49.329754,49.315017,49.294107,49.267177,49.229038,49.176310,49.101151,48.998454,48.855916,48.667622,48.417155,48.093837,47.677626,47.150143,46.494334,45.687603,44.711565,43.550917,42.192553,40.629073,38.861183,36.898798,34.762066,32.482998,30.100530,27.664591,25.236908,22.881262,20.657441,18.635700,16.865878,15.400923,14.274666,13.501780,13.089067,13.018595,13.260598,13.772551,14.499791,15.382719,16.360077,17.372302,18.366840,19.299179,20.136501,20.858524,21.456377,21.933293,22.301805,22.582294,22.800224,22.984083,23.163026,23.364687
1.356281,49.418155,49.418155,49.418155,49.418155,49.418155,49.418155,49.418155,49.418155,49.418155,49.418155,49.418155,49.418155,49.418155,49.418155,49.418155,49.418155,49.418155,49.418155,49.418155,49.418155,49.418155,49.418155,49.418155,49.418155,49.418155,49.418155,49.418155,49.418155,49.418155,49.418155,49.418155,49.418155,49.418155,49.418155,49.418155,49.418155,49.418155,49.418155,49.418155,49.418155,49.418155,49.418155,49.418155,49.418155,49.418155,49.418155,49.418155,49.418155,49.418155,49.418155,49.418155,49.418155,49.418155,49.418155,49.418155,49.418155,49.418155,49.418155,49.418155,49.418155,49.418155,49.418155,49.418155,49.418155,49.418155,49.418155,49.418155,49.418155,49.418155,49.418155,49.418155,49.418155,49.418155,49.418155,49.418155,49.418155,49.418155,49.418155,49.418155,49.418155,49.418155,49.418155,49.418155,49.418155,49.418155,49.418155,49.418155,49.418155,49.418155,49.418155,49.418155,49.418155,49.418155,49.418155,49.418155,49.418155,49.418155,49.418155,49.418155,49.418155,49.418155,49.418155,49.418155,49.418155,49.418155,49.418155,49.418155,49.418155,49.418155,49.418155,49.418155,49.418155,49.418155,49.418155,49.418155,49.418155,49.418155,49.418155,49.418155,49.418155,49.418155,49.418155,49.418155,49.418155,49.418155,49.418155,49.418155,49.418155,49.418155,49.418119,49.418003,49.417760,49.417425,49.416728,49.415807,49.414261,49.412443,49.409913,49.406470,49.402671,49.397761,49.391509,49.384882,49.376314,49.366985,49.357058,49.344978,49.332077,49.315851,49.290581,49.256780,49.206780,49.137156,49.037474,48.899188,48.715173,48.469291,48.149464,47.738668,47.216375,46.563064,45.760270,44.788708,43.629962,42.273063,40.709639,38.940278,36.975171,34.833503,32.545137,30.153170,27.709220,25.267377,22.896252,20.661500,18.623010,16.838599,15.361106,14.219106,13.437580,13.013863,12.936495,13.174519,13.683027,14.409424,15.292706,16.271238,17.285584,18.282501,19.217326,20.056971,20.780984,21.380473,21.858555,22.227699,22.508132,22.725477,22.908219,23.085388,23.285029
1.366834,49.418155,49.418155,49.418155,49.418155,49.418155,49.418155,49.418155,49.418155,49.418155,49.418155,49.418155,49.418155,49.418155,49.418155,49.418155,49.418155,49.418155,49.418155,49.418155,49.418155,49.418155,49.418155,49.418155,49.418155,49.418155,49.418155,49.418155,49.418155,49.418155,49.418155,49.418155,49.418155,49.418155,49.418155,49.418155,49.418155,49.418155,49.418155,49.418155,49.418155,49.418155,49.418155,49.418155,49.418155,49.418155,49.418155,49.418155,49.418155,49.418155,49.418155,49.418155,49.418155,49.418155,49.418155,49.418155,49.418155,49.418155,49.418155,49.418155,49.418155,49.418155,49.418155,49.418155,49.418155,49.418155,49.418155,49.418155,49.418155,49.418155,49.418155,49.418155,49.418155,49.418155,49.418155,49.418155,49.418155,49.418155,49.418155,49.418155,49.418155,49.418155,49.418155,49.418155,49.418155,49.418155,49.418155,49.418155,49.418155,49.418155,49.418155,49.418155,49.418155,49.418155,49.418155,49.418155,49.418155,49.418155,49.418155,49.418155,49.418155,49.418155,49.418155,49.418155,49.418155,49.418155,49.418155,49.418155,49.418155,49.418155,49.418155,49.418155,49.418155,49.418155,49.418155,49.418155,49.418155,49.418155,49.418155,49.418155,49.418155,49.418155,49.418155,49.418155,49.418155,49.418155,49.418155,49.418155,49.418155,49.418155,49.418135,49.418056,49.417923,49.417671,49.417170,49.416504,49.415385,49.413831,49.411649,49.409183,49.405897,49.401612,49.396715,49.390919,49.384573,49.376463,49.367787,49.358715,49.348132,49.333282,49.311853,49.281099,49.234421,49.167292,49.071136,48.938482,48.756658,48.516679,48.201081,47.792747,47.275562,46.626295,45.827322,44.858474,43.703190,42.347105,40.784173,39.013801,37.045773,34.898630,32.605409,30.203681,27.749117,25.296777,22.912199,20.659431,18.607940,16.810500,15.315633,14.163429,13.369163,12.935738,12.851548,13.083068,13.588931,14.313340,15.196623,16.176203,17.192338,18.191204,19.128394,19.970450,20.696182,21.297137,21.776103,22.145429,22.425559,22.642111,22.823434,22.998890,23.196309
1.377387,49.418155,49.418155,49.418155,49.418155,49.418155,49.418155,49.418155,49.418155,49.418155,49.418155,49.418155,49.418155,49.418155,49.418155,49.418155,49.418155,49.418155,49.418155,49.418155,49.418155,49.418155,49.418155,49.418155,49.418155,49.418155,49.418155,49.418155,49.418155,49.418155,49.418155,49.418155,49.418155,49.418155,49.418155,49.418155,49.418155,49.418155,49.418155,49.418155,49.418155,49.418155,49.418155,49.418155,49.418155,49.418155,49.418155,49.418155,49.418155,49.418155,49.418155,49.418155,49.418155,49.418155,49.418155,49.418155,49.418155,49.418155,49.418155,49.418155,49.418155,49.418155,49.418155,49.418155,49.418155,49.418155,49.418155,49.418155,49.418155,49.418155,49.418155,49.418155,49.418155,49.418155,49.418155,49.418155,49.418155,49.418155,49.418155,49.418155,49.418155,49.418155,49.418155,49.418155,49.418155,49.418155,49.418155,49.418155,49.418155,49.418155,49.418155,49.418155,49.418155,49.418155,49.418155,49.418155,49.418155,49.418155,49.418155,49.418155,49.418155,49.418155,49.418155,49.418155,49.418155,49.418155,49.418155,49.418155,49.418155,49.418155,49.418155,49.418155,49.418155,49.418155,49.418155,49.418155,49.418155,49.418155,49.418155,49.418155,49.418155,49.418155,49.418155,49.418155,49.418155,49.418155,49.418155,49.418155,49.418155,49.418155,49.418152,49.418099,49.417998,49.417806,49.417535,49.417035,49.416120,49.414897,49.413364,49.411122,49.408446,49.405368,49.401419,49.396421,49.390905,49.384966,49.377877,49.369593,49.360870,49.349612,49.330973,49.302272,49.259267,49.194461,49.102278,48.971542,48.794979,48.557994,48.246355,47.842983,47.329021,46.683807,45.888614,44.923683,43.769899,42.415788,40.853457,39.082515,37.111494,34.960464,32.660876,30.252124,27.784759,25.320433,22.924160,20.658838,18.589003,16.778401,15.270721,14.102200,13.296187,12.854878,12.761125,12.987872,13.489053,14.211638,15.094379,16.074578,17.092165,18.093136,19.032372,19.876379,20.603751,21.205994,21.685395,22.054786,22.334395,22.549778,22.729624,22.903223,23.098374
1.387940,49.418155,49.418155,49.418155,49.418155,49.418155,49.418155,49.418155,49.418155,49.418155,49.418155,49.418155,49.418155,49.418155,49.418155,49.418155,49.418155,49.418155,49.418155,49.418155,49.418155,49.418155,49.418155,49.418155,49.418155,49.418155,49.418155,49.418155,49.418155,49.418155,49.418155,49.418155,49.418155,49.418155,49.418155,49.418155,49.418155,49.418155,49.418155,49.418155,49.418155,49.418155,49.418155,49.418155,49.418155,49.418155,49.418155,49.418155,49.418155,49.418155,49.418155,49.418155,49.418155,49.418155,49.418155,49.418155,49.418155,49.418155,49.418155,49.418155,49.418155,49.418155,49.418155,49.418155,49.418155,49.418155,49.418155,49.418155,49.418155,49.418155,49.418155,49.418155,49.418155,49.418155,49.418155,49.418155,49.418155,49.418155,49.418155,49.418155,49.418155,49.418155,49.418155,49.418155,49.418155,49.418155,49.418155,49.418155,49.418155,49.418155,49.418155,49.418155,49.418155,49.418155,49.418155,49.418155,49.418155,49.418155,49.418155,49.418155,49.418155,49.418155,49.418155,49.418155,49.418155,49.418155,49.418155,49.418155,49.418155,49.418155,49.418155,49.418155,49.418155,49.418155,49.418155,49.418155,49.418155,49.418155,49.418155,49.418155,49.418155,49.418155,49.418155,49.418155,49.418155,49.418155,49.418155,49.418155,49.418155,49.418155,49.418155,49.418134,49.418064,49.417924,49.417744,49.417343,49.416839,49.415851,49.414676,49.412882,49.410751,49.408301,49.404901,49.401330,49.396884,49.391470,49.385688,49.379650,49.372197,49.362962,49.346139,49.319952,49.280100,49.218075,49.128832,49.001275,48.828035,48.593832,48.285926,47.886482,47.376555,46.736869,45.945341,44.982352,43.832348,42.479714,40.918160,39.146649,37.174028,35.019374,32.712331,30.296578,27.819408,25.345089,22.934093,20.654478,18.571499,16.742313,15.220210,14.040966,13.222406,12.768510,12.667201,12.887537,13.384141,14.104306,14.985765,15.966301,16.985090,17.987506,18.928732,19.774565,20.503630,21.106750,21.586673,21.955885,22.234699,22.448872,22.627117,22.798509,22.991152
1.398492,49.418155,49.418155,49.418155,49.418155,49.418155,49.418155,49.418155,49.418155,49.418155,49.418155,49.418155,49.418155,49.418155,49.418155,49.418155,49.418155,49.418155,49.418155,49.418155,49.418155,49.418155,49.418155,49.418155,49.418155,49.418155,49.418155,49.418155,49.418155,49.418155,49.418155,49.418155,49.418155,49.418155,49.418155,49.418155,49.418155,49.418155,49.418155,49.418155,49.418155,49.418155,49.418155,49.418155,49.418155,49.418155,49.418155,49.418155,49.418155,49.418155,49.418155,49.418155,49.418155,49.418155,49.418155,49.418155,49.418155,49.418155,49.418155,49.418155,49.418155,49.418155,49.418155,49.418155,49.418155,49.418155,49.418155,49.418155,49.418155,49.418155,49.418155,49.418155,49.418155,49.418155,49.418155,49.418155,49.418155,49.418155,49.418155,49.418155,49.418155,49.418155,49.418155,49.418155,49.418155,49.418155,49.418155,49.418155,49.418155,49.418155,49.418155,49.418155,49.418155,49.418155,49.418155,49.418155,49.418155,49.418155,49.418155,49.418155,49.418155,49.418155,49.418155,49.418155,49.418155,49.418155,49.418155,49.418155,49.418155,49.418155,49.418155,49.418155,49.418155,49.418155,49.418155,49.418155,49.418155,49.418155,49.418155,49.418155,49.418155,49.418155,49.418155,49.418155,49.418155,49.418155,49.418155,49.418155,49.418155,49.418155,49.418155,49.418155,49.418106,49.418015,49.417857,49.417648,49.417200,49.416641,49.415723,49.414320,49.412641,49.410556,49.408196,49.404960,49.401374,49.397511,49.392586,49.387739,49.381729,49.373765,49.360148,49.336221,49.298061,49.238518,49.151267,49.027887,48.857095,48.626243,48.322601,47.926228,47.421057,46.783713,45.995878,45.037520,43.889855,42.539837,40.979242,39.207377,37.232527,35.074666,32.762103,30.337619,27.853443,25.364755,22.940571,20.648422,18.550328,16.705859,15.170398,13.974137,13.143088,12.679267,12.568838,12.782211,13.273764,13.990765,14.870742,15.850969,16.870456,17.874413,18.817296,19.664849,20.395380,20.999491,21.479820,21.848788,22.126720,22.339515,22.515771,22.684835,22.874737
1.409045,49.418155,49.418155,49.418155,49.418155,49.418155,49.418155,49.418155,49.418155,49.418155,49.418155,49.418155,49.418155,49.418155,49.418155,49.418155,49.418155,49.418155,49.418155,49.418155,49.418155,49.418155,49.418155,49.418155,49.418155,49.418155,49.418155,49.418155,49.418155,49.418155,49.418155,49.418155,49.418155,49.418155,49.418155,49.418155,49.418155,49.418155,49.418155,49.418155,49.418155,49.418155,49.418155,49.418155,49.418155,49.418155,49.418155,49.418155,49.418155,49.418155,49.418155,49.418155,49.418155,49.418155,49.418155,49.418155,49.418155,49.418155,49.418155,49.418155,49.418155,49.418155,49.418155,49.418155,49.418155,49.418155,49.418155,49.418155,49.418155,49.418155,49.418155,49.418155,49.418155,49.418155,49.418155,49.418155,49.418155,49.418155,49.418155,49.418155,49.418155,49.418155,49.418155,49.418155,49.418155,49.418155,49.418155,49.418155,49.418155,49.418155,49.418155,49.418155,49.418155,49.418155,49.418155,49.418155,49.418155,49.418155,49.418155,49.418155,49.418155,49.418155,49.418155,49.418155,49.418155,49.418155,49.418155,49.418155,49.418155,49.418155,49.418155,49.418155,49.418155,49.418155,49.418155,49.418155,49.418155,49.418155,49.418155,49.418155,49.418155,49.418155,49.418155,49.418155,49.418155,49.418155,49.418155,49.418155,49.418155,49.418155,49.418155,49.418155,49.418142,49.418078,49.417962,49.417794,49.417548,49.417100,49.416389,49.415550,49.414273,49.412540,49.410706,49.408152,49.405322,49.402270,49.398565,49.394189,49.389942,49.383662,49.370989,49.349049,49.312970,49.256634,49.171784,49.049905,48.881972,48.655586,48.353925,47.962681,47.459823,46.827754,46.042873,45.088144,43.943591,42.595487,41.036473,39.264924,37.289001,35.127081,32.810684,30.378046,27.884500,25.384568,22.949121,20.639085,18.527484,16.667311,15.116446,13.907225,13.061533,12.587159,12.466712,12.671069,13.158015,13.870585,14.748855,15.728385,16.748362,17.753580,18.697914,19.547098,20.278893,20.884072,21.364729,21.733437,22.010553,22.221782,22.395922,22.562437,22.749208
1.419598,49.418155,49.418155,49.418155,49.418155,49.418155,49.418155,49.418155,49.418155,49.418155,49.418155,49.418155,49.418155,49.418155,49.418155,49.418155,49.418155,49.418155,49.418155,49.418155,49.418155,49.418155,49.418155,49.418155,49.418155,49.418155,49.418155,49.418155,49.418155,49.418155,49.418155,49.418155,49.418155,49.418155,49.418155,49.418155,49.418155,49.418155,49.418155,49.418155,49.418155,49.418155,49.418155,49.418155,49.418155,49.418155,49.418155,49.418155,49.418155,49.418155,49.418155,49.418155,49.418155,49.418155,49.418155,49.418155,49.418155,49.418155,49.418155,49.418155,49.418155,49.418155,49.418155,49.418155,49.418155,49.418155,49.418155,49.418155,49.418155,49.418155,49.418155,49.418155,49.418155,49.418155,49.418155,49.418155,49.418155,49.418155,49.418155,49.418155,49.418155,49.418155,49.418155,49.418155,49.418155,49.418155,49.418155,49.418155,49.418155,49.418155,49.418155,49.418155,49.418155,49.418155,49.418155,49.418155,49.418155,49.418155,49.418155,49.418155,49.418155,49.418155,49.418155,49.418155,49.418155,49.418155,49.418155,49.418155,49.418155,49.418155,49.418155,49.418155,49.418155,49.418155,49.418155,49.418155,49.418155,49.418155,49.418155,49.418155,49.418155,49.418155,49.418155,49.418155,49.418155,49.418155,49.418155,49.418155,49.418155,49.418155,49.418155,49.418155,49.418155,49.418141,49.418045,49.417930,49.417733,49.417423,49.416981,49.416261,49.415330,49.414211,49.412706,49.410874,49.408527,49.406160,49.403041,49.399988,49.396180,49.391095,49.380892,49.360310,49.326538,49.271739,49.188453,49.070150,48.904963,48.680346,48.383303,47.994134,47.496321,46.866590,46.087072,45.135314,43.993449,42.648924,41.091345,39.319929,37.342758,35.178716,32.856185,30.418308,27.913069,25.404750,22.952981,20.631923,18.501136,16.628791,15.058635,13.834607,12.976614,12.490078,12.359291,12.556088,13.035654,13.744617,14.619975,15.598818,16.618994,17.625158,18.570958,19.421494,20.154507,20.760455,21.241500,21.610016,21.886270,22.096018,22.268021,22.431700,22.615415
1.430151,49.418155,49.418155,49.418155,49.418155,49.418155,49.418155,49.418155,49.418155,49.418155,49.418155,49.418155,49.418155,49.418155,49.418155,49.418155,49.418155,49.418155,49.418155,49.418155,49.418155,49.418155,49.418155,49.418155,49.418155,49.418155,49.418155,49.418155,49.418155,49.418155,49.418155,49.418155,49.418155,49.418155,49.418155,49.418155,49.418155,49.418155,49.418155,49.418155,49.418155,49.418155,49.418155,49.418155,49.418155,49.418155,49.418155,49.418155,49.418155,49.418155,49.418155,49.418155,49.418155,49.418155,49.418155,49.418155,49.418155,49.418155,49.418155,49.418155,49.418155,49.418155,49.418155,49.418155,49.418155,49.418155,49.418155,49.418155,49.418155,49.418155,49.418155,49.418155,49.418155,49.418155,49.418155,49.418155,49.418155,49.418155,49.418155,49.418155,49.418155,49.418155,49.418155,49.418155,49.418155,49.418155,49.418155,49.418155,49.418155,49.418155,49.418155,49.418155,49.418155,49.418155,49.418155,49.418155,49.418155,49.418155,49.418155,49.418155,49.418155,49.418155,49.418155,49.418155,49.418155,49.418155,49.418155,49.418155,49.418155,49.418155,49.418155,49.418155,49.418155,49.418155,49.418155,49.418155,49.418155,49.418155,49.418155,49.418155,49.418155,49.418155,49.418155,49.418155,49.418155,49.418155,49.418155,49.418155,49.418155,49.418155,49.418155,49.418155,49.418155,49.418149,49.418119,49.418017,49.417899,49.417679,49.417351,49.416898,49.416187,49.415391,49.414154,49.412738,49.411198,49.409103,49.407025,49.404310,49.401702,49.397794,49.388336,49.370110,49.337550,49.284188,49.203694,49.086613,48.924019,48.703530,48.408385,48.023926,47.528207,46.903784,46.127556,45.178921,44.041111,42.699458,41.143854,39.373057,37.395249,35.228053,32.902066,30.455522,27.943564,25.421087,22.957787,20.622034,18.475463,16.586970,15.000712,13.762627,12.889873,12.387828,12.246396,12.434355,12.908346,13.611718,14.484754,15.462184,16.482484,17.489521,18.436541,19.288294,20.022578,20.629373,21.110888,21.479264,21.754726,21.962953,22.132792,22.293887,22.474503
1.440704,49.418155,49.418155,49.418155,49.418155,49.418155,49.418155,49.418155,49.418155,49.418155,49.418155,49.418155,49.418155,49.418155,49.418155,49.418155,49.418155,49.418155,49.418155,49.418155,49.418155,49.418155,49.418155,49.418155,49.418155,49.418155,49.418155,49.418155,49.418155,49.418155,49.418155,49.418155,49.418155,49.418155,49.418155,49.418155,49.418155,49.418155,49.418155,49.418155,49.418155,49.418155,49.418155,49.418155,49.418155,49.418155,49.418155,49.418155,49.418155,49.418155,49.418155,49.418155,49.418155,49.418155,49.418155,49.418155,49.418155,49.418155,49.418155,49.418155,49.418155,49.418155,49.418155,49.418155,49.418155,49.418155,49.418155,49.418155,49.418155,49.418155,49.418155,49.418155,49.418155,49.418155,49.418155,49.418155,49.418155,49.418155,49.418155,49.418155,49.418155,49.418155,49.418155,49.418155,49.418155,49.418155,49.418155,49.418155,49.418155,49.418155,49.418155,49.418155,49.418155,49.418155,49.418155,49.418155,49.418155,49.418155,49.418155,49.418155,49.418155,49.418155,49.418155,49.418155,49.418155,49.418155,49.418155,49.418155,49.418155,49.418155,49.418155,49.418155,49.418155,49.418155,49.418155,49.418155,49.418155,49.418155,49.418155,49.418155,49.418155,49.418155,49.418155,49.418155,49.418155,49.418155,49.418155,49.418155,49.418155,49.418155,49.418155,49.418155,49.418155,49.418155,49.418155,49.418101,49.417996,49.417879,49.417643,49.417350,49.416858,49.416173,49.415426,49.414295,49.413122,49.411533,49.409963,49.407893,49.405907,49.402661,49.395119,49.377569,49.346478,49.295527,49.216057,49.101870,48.941865,48.722958,48.432201,48.049642,47.558982,46.937726,46.165447,45.220753,44.086604,42.748052,41.194268,39.424981,37.446442,35.276922,32.946388,30.494243,27.971049,25.440307,22.964132,20.610043,18.451216,16.542264,14.943077,13.685273,12.798933,12.283164,12.129925,12.309017,12.774807,13.473389,14.342626,15.318695,16.338769,17.346484,18.294600,19.148008,19.883634,20.491608,20.973673,21.341923,21.616592,21.823374,21.991289,22.149847,22.327302
1.451256,49.418155,49.418155,49.418155,49.418155,49.418155,49.418155,49.418155,49.418155,49.418155,49.418155,49.418155,49.418155,49.418155,49.418155,49.418155,49.418155,49.418155,49.418155,49.418155,49.418155,49.418155,49.418155,49.418155,49.418155,49.418155,49.418155,49.418155,49.418155,49.418155,49.418155,49.418155,49.418155,49.418155,49.418155,49.418155,49.418155,49.418155,49.418155,49.418155,49.418155,49.418155,49.418155,49.418155,49.418155,49.418155,49.418155,49.418155,49.418155,49.418155,49.418155,49.418155,49.418155,49.418155,49.418155,49.418155,49.418155,49.418155,49.418155,49.418155,49.418155,49.418155,49.418155,49.418155,49.418155,49.418155,49.418155,49.418155,49.418155,49.418155,49.418155,49.418155,49.418155,49.418155,49.418155,49.418155,49.418155,49.418155,49.418155,49.418155,49.418155,49.418155,49.418155,49.418155,49.418155,49.418155,49.418155,49.418155,49.418155,49.418155,49.418155,49.418155,49.418155,49.418155,49.418155,49.418155,49.418155,49.418155,49.418155,49.418155,49.418155,49.418155,49.418155,49.418155,49.418155,49.418155,49.418155,49.418155,49.418155,49.418155,49.418155,49.418155,49.418155,49.418155,49.418155,49.418155,49.418155,49.418155,49.418155,49.418155,49.418155,49.418155,49.418155,49.418155,49.418155,49.418155,49.418155,49.418155,49.418155,49.418155,49.418155,49.418155,49.418155,49.418155,49.418155,49.418139,49.418089,49.417985,49.417866,49.417619,49.417276,49.416865,49.416218,49.415522,49.414523,49.413510,49.412220,49.410660,49.409045,49.406916,49.400314,49.384033,49.354643,49.304461,49.227479,49.114851,48.956553,48.741572,48.452450,48.074569,47.586194,46.969665,46.200620,45.261475,44.131164,42.795310,41.243911,39.475666,37.496973,35.325656,32.989742,30.530952,28.001268,25.456760,22.969001,20.601854,18.422818,16.500606,14.880308,13.607443,12.705274,12.174879,12.009106,12.178001,12.635720,13.327986,14.194199,15.168205,16.187882,17.196090,18.145712,19.000738,19.738217,20.347508,20.830325,21.198706,21.472767,21.678376,21.844307,22.000163,22.174441
1.461809,49.418155,49.418155,49.418155,49.418155,49.418155,49.418155,49.418155,49.418155,49.418155,49.418155,49.418155,49.418155,49.418155,49.418155,49.418155,49.418155,49.418155,49.418155,49.418155,49.418155,49.418155,49.418155,49.418155,49.418155,49.418155,49.418155,49.418155,49.418155,49.418155,49.418155,49.418155,49.418155,49.418155,49.418155,49.418155,49.418155,49.418155,49.418155,49.418155,49.418155,49.418155,49.418155,49.418155,49.418155,49.418155,49.418155,49.418155,49.418155,49.418155,49.418155,49.418155,49.418155,49.418155,49.418155,49.418155,49.418155,49.418155,49.418155,49.418155,49.418155,49.418155,49.418155,49.418155,49.418155,49.418155,49.418155,49.418155,49.418155,49.418155,49.418155,49.418155,49.418155,49.418155,49.418155,49.418155,49.418155,49.418155,49.418155,49.418155,49.418155,49.418155,49.418155,49.418155,49.418155,49.418155,49.418155,49.418155,49.418155,49.418155,49.418155,49.418155,49.418155,49.418155,49.418155,49.418155,49.418155,49.418155,49.418155,49.418155,49.418155,49.418155,49.418155,49.418155,49.418155,49.418155,49.418155,49.418155,49.418155,49.418155,49.418155,49.418155,49.418155,49.418155,49.418155,49.418155,49.418155,49.418155,49.418155,49.418155,49.418155,49.418155,49.418155,49.418155,49.418155,49.418155,49.418155,49.418155,49.418155,49.418155,49.418155,49.418155,49.418155,49.418155,49.418155,49.418155,49.418135,49.418084,49.417982,49.417859,49.417613,49.417317,49.416907,49.416315,49.415687,49.414817,49.413873,49.412891,49.411588,49.409989,49.404162,49.389622,49.360867,49.312401,49.237010,49.125854,48.970668,48.757162,48.472152,48.096338,47.613233,46.999921,46.235038,45.299385,44.173814,42.840910,41.293306,39.526354,37.547338,35.373723,33.034952,30.569344,28.031015,25.475573,22.974492,20.590171,18.396288,16.456430,14.818256,13.527780,12.607232,12.063149,11.885282,12.041036,12.490985,13.177375,14.038723,15.010792,16.029978,17.038971,17.989974,18.847058,19.586302,20.197258,20.681265,21.050168,21.323947,21.528395,21.692379,21.845741,22.017211
1.472362,49.418155,49.418155,49.418155,49.418155,49.418155,49.418155,49.418155,49.418155,49.418155,49.418155,49.418155,49.418155,49.418155,49.418155,49.418155,49.418155,49.418155,49.418155,49.418155,49.418155,49.418155,49.418155,49.418155,49.418155,49.418155,49.418155,49.418155,49.418155,49.418155,49.418155,49.418155,49.418155,49.418155,49.418155,49.418155,49.418155,49.418155,49.418155,49.418155,49.418155,49.418155,49.418155,49.418155,49.418155,49.418155,49.418155,49.418155,49.418155,49.418155,49.418155,49.418155,49.418155,49.418155,49.418155,49.418155,49.418155,49.418155,49.418155,49.418155,49.418155,49.418155,49.418155,49.418155,49.418155,49.418155,49.418155,49.418155,49.418155,49.418155,49.418155,49.418155,49.418155,49.418155,49.418155,49.418155,49.418155,49.418155,49.418155,49.418155,49.418155,49.418155,49.418155,49.418155,49.418155,49.418155,49.418155,49.418155,49.418155,49.418155,49.418155,49.418155,49.418155,49.418155,49.418155,49.418155,49.418155,49.418155,49.418155,49.418155,49.418155,49.418155,49.418155,49.418155,49.418155,49.418155,49.418155,49.418155,49.418155,49.418155,49.418155,49.418155,49.418155,49.418155,49.418155,49.418155,49.418155,49.418155,49.418155,49.418155,49.418155,49.418155,49.418155,49.418155,49.418155,49.418155,49.418155,49.418155,49.418155,49.418155,49.418155,49.418155,49.418155,49.418155,49.418155,49.418155,49.418155,49.418135,49.418086,49.417987,49.417867,49.417658,49.417325,49.416975,49.416455,49.415917,49.415172,49.414376,49.413573,49.412223,49.407692,49.393684,49.366518,49.319433,49.244959,49.136360,48.982436,48.772278,48.489177,48.118128,47.637318,47.028100,46.269233,45.337934,44.214987,42.886481,41.341767,39.576396,37.598125,35.423370,33.080084,30.610023,28.060998,25.497279,22.979392,20.583352,18.372406,16.410130,14.755345,13.446530,12.510160,11.949778,11.754995,11.901114,12.340151,13.020502,13.877224,14.846935,15.865416,16.875098,17.828017,18.687039,19.428510,20.041431,20.526925,20.896698,21.170508,21.374155,21.536526,21.687821,21.856939
1.482915,49.418155,49.418155,49.418155,49.418155,49.418155,49.418155,49.418155,49.418155,49.418155,49.418155,49.418155,49.418155,49.418155,49.418155,49.418155,49.418155,49.418155,49.418155,49.418155,49.418155,49.418155,49.418155,49.418155,49.418155,49.418155,49.418155,49.418155,49.418155,49.418155,49.418155,49.418155,49.418155,49.418155,49.418155,49.418155,49.418155,49.418155,49.418155,49.418155,49.418155,49.418155,49.418155,49.418155,49.418155,49.418155,49.418155,49.418155,49.418155,49.418155,49.418155,49.418155,49.418155,49.418155,49.418155,49.418155,49.418155,49.418155,49.418155,49.418155,49.418155,49.418155,49.418155,49.418155,49.418155,49.418155,49.418155,49.418155,49.418155,49.418155,49.418155,49.418155,49.418155,49.418155,49.418155,49.418155,49.418155,49.418155,49.418155,49.418155,49.418155,49.418155,49.418155,49.418155,49.418155,49.418155,49.418155,49.418155,49.418155,49.418155,49.418155,49.418155,49.418155,49.418155,49.418155,49.418155,49.418155,49.418155,49.418155,49.418155,49.418155,49.418155,49.418155,49.418155,49.418155,49.418155,49.418155,49.418155,49.418155,49.418155,49.418155,49.418155,49.418155,49.418155,49.418155,49.418155,49.418155,49.418155,49.418155,49.418155,49.418155,49.418155,49.418155,49.418155,49.418155,49.418155,49.418155,49.418155,49.418155,49.418155,49.418155,49.418155,49.418155,49.418155,49.418155,49.418155,49.418155,49.418155,49.418137,49.418095,49.418003,49.417870,49.417694,49.417391,49.417077,49.416631,49.416129,49.415606,49.414908,49.414067,49.409952,49.397472,49.370756,49.324799,49.252619,49.145394,48.993504,48.785219,48.506225,48.137331,47.661792,47.056083,46.301720,45.374926,44.256369,42.932506,41.389921,39.627558,37.649659,35.473788,33.127965,30.651591,28.095476,25.517894,22.989676,20.573930,18.347552,16.368641,14.694396,13.366255,12.407838,11.832340,11.622450,11.754945,12.184917,12.857945,13.709807,14.677086,15.694616,16.705076,17.659642,18.521361,19.265339,19.880594,20.367988,20.738952,21.013222,21.216501,21.377888,21.527550,21.694401
1.493467,49.418155,49.418155,49.418155,49.418155,49.418155,49.418155,49.418155,49.418155,49.418155,49.418155,49.418155,49.418155,49.418155,49.418155,49.418155,49.418155,49.418155,49.418155,49.418155,49.418155,49.418155,49.418155,49.418155,49.418155,49.418155,49.418155,49.418155,49.418155,49.418155,49.418155,49.418155,49.418155,49.418155,49.418155,49.418155,49.418155,49.418155,49.418155,49.418155,49.418155,49.418155,49.418155,49.418155,49.418155,49.418155,49.418155,49.418155,49.418155,49.418155,49.418155,49.418155,49.418155,49.418155,49.418155,49.418155,49.418155,49.418155,49.418155,49.418155,49.418155,49.418155,49.418155,49.418155,49.418155,49.418155,49.418155,49.418155,49.418155,49.418155,49.418155,49.418155,49.418155,49.418155,49.418155,49.418155,49.418155,49.418155,49.418155,49.418155,49.418155,49.418155,49.418155,49.418155,49.418155,49.418155,49.418155,49.418155,49.418155,49.418155,49.418155,49.418155,49.418155,49.418155,49.418155,49.418155,49.418155,49.418155,49.418155,49.418155,49.418155,49.418155,49.418155,49.418155,49.418155,49.418155,49.418155,49.418155,49.418155,49.418155,49.418155,49.418155,49.418155,49.418155,49.418155,49.418155,49.418155,49.418155,49.418155,49.418155,49.418155,49.418155,49.418155,49.418155,49.418155,49.418155,49.418155,49.418155,49.418155,49.418155,49.418155,49.418155,49.418155,49.418155,49.418155,49.418155,49.418155,49.418155,49.418155,49.418141,49.418103,49.418042,49.417910,49.417753,49.417484,49.417211,49.416835,49.416453,49.415944,49.415282,49.412070,49.400372,49.374584,49.329670,49.258979,49.153572,49.003581,48.798306,48.521053,48.156280,47.684834,47.084262,46.332795,45.410757,44.298590,42.977548,41.439338,39.679188,37.702838,35.526235,33.176667,30.694395,28.130985,25.542359,23.000356,20.568739,18.324538,16.324207,14.629892,13.283879,12.308051,11.711288,11.487249,11.607321,12.025340,12.689812,13.537246,14.501079,15.518012,16.529138,17.485835,18.350061,19.097245,19.715350,20.205265,20.577855,20.853001,21.056415,21.217382,21.365879,21.530825
1.504020,49.418155,49.418155,49.418155,49.418155,49.418155,49.418155,49.418155,49.418155,49.418155,49.418155,49.418155,49.418155,49.418155,49.418155,49.418155,49.418155,49.418155,49.418155,49.418155,49.418155,49.418155,49.418155,49.418155,49.418155,49.418155,49.418155,49.418155,49.418155,49.418155,49.418155,49.418155,49.418155,49.418155,49.418155,49.418155,49.418155,49.418155,49.418155,49.418155,49.418155,49.418155,49.418155,49.418155,49.418155,49.418155,49.418155,49.418155,49.418155,49.418155,49.418155,49.418155,49.418155,49.418155,49.418155,49.418155,49.418155,49.418155,49.418155,49.418155,49.418155,49.418155,49.418155,49.418155,49.418155,49.418155,49.418155,49.418155,49.418155,49.418155,49.418155,49.418155,49.418155,49.418155,49.418155,49.418155,49.418155,49.418155,49.418155,49.418155,49.418155,49.418155,49.418155,49.418155,49.418155,49.418155,49.418155,49.418155,49.418155,49.418155,49.418155,49.418155,49.418155,49.418155,49.418155,49.418155,49.418155,49.418155,49.418155,49.418155,49.418155,49.418155,49.418155,49.418155,49.418155,49.418155,49.418155,49.418155,49.418155,49.418155,49.418155,49.418155,49.418155,49.418155,49.418155,49.418155,49.418155,49.418155,49.418155,49.418155,49.418155,49.418155,49.418155,49.418155,49.418155,49.418155,49.418155,49.418155,49.418155,49.418155,49.418155,49.418155,49.418155,49.418155,49.418155,49.418155,49.418155,49.418155,49.418155,49.418155,49.418155,49.418120,49.418074,49.417962,49.417831,49.417615,49.417367,49.417055,49.416750,49.416292,49.413424,49.402789,49.377923,49.334174,49.264271,49.160629,49.013449,48.809652,48.536552,48.174613,47.707384,47.110425,46.365553,45.447569,44.340407,43.024869,41.489874,39.733188,37.757621,35.580517,33.228791,30.741463,28.167934,25.569582,23.013915,20.568254,18.301700,16.283730,14.571075,13.199780,12.204009,11.590534,11.351264,11.454435,11.862872,12.518278,13.358807,14.319889,15.335618,16.347973,17.306796,18.174318,18.924770,19.546459,20.039065,20.414023,20.690705,20.895006,21.055887,21.203530,21.367118
1.514573,49.418155,49.418155,49.418155,49.418155,49.418155,49.418155,49.418155,49.418155,49.418155,49.418155,49.418155,49.418155,49.418155,49.418155,49.418155,49.418155,49.418155,49.418155,49.418155,49.418155,49.418155,49.418155,49.418155,49.418155,49.418155,49.418155,49.418155,49.418155,49.418155,49.418155,49.418155,49.418155,49.418155,49.418155,49.418155,49.418155,49.418155,49.418155,49.418155,49.418155,49.418155,49.418155,49.418155,49.418155,49.418155,49.418155,49.418155,49.418155,49.418155,49.418155,49.418155,49.418155,49.418155,49.418155,49.418155,49.418155,49.418155,49.418155,49.418155,49.418155,49.418155,49.418155,49.418155,49.418155,49.418155,49.418155,49.418155,49.418155,49.418155,49.418155,49.418155,49.418155,49.418155,49.418155,49.418155,49.418155,49.418155,49.418155,49.418155,49.418155,49.418155,49.418155,49.418155,49.418155,49.418155,49.418155,49.418155,49.418155,49.418155,49.418155,49.418155,49.418155,49.418155,49.418155,49.418155,49.418155,49.418155,49.418155,49.418155,49.418155,49.418155,49.418155,49.418155,49.418155,49.418155,49.418155,49.418155,49.418155,49.418155,49.418155,49.418155,49.418155,49.418155,49.418155,49.418155,49.418155,49.418155,49.418155,49.418155,49.418155,49.418155,49.418155,49.418155,49.418155,49.418155,49.418155,49.418155,49.418155,49.418155,49.418155,49.418155,49.418155,49.418155,49.418155,49.418155,49.418155,49.418155,49.418155,49.418155,49.418155,49.418155,49.418138,49.418110,49.418023,49.417923,49.417727,49.417536,49.417309,49.416971,49.414782,49.404633,49.381121,49.337903,49.269734,49.167537,49.022570,48.821767,48.550447,48.193527,47.728728,47.138293,46.397526,45.485777,44.383004,43.071562,41.542499,39.787916,37.814830,35.637471,33.282903,30.790180,28.209476,25.601762,23.029155,20.569007,18.283933,16.248065,14.509402,13.118974,12.104354,11.470992,11.210642,11.301383,11.695163,12.341478,13.176675,14.133787,15.148513,16.161907,17.123502,17.994372,18.748642,19.374144,19.870276,20.248149,20.527187,20.732720,20.893976,21.041203,21.203772
1.525126,49.418155,49.418155,49.418155,49.418155,49.418155,49.418155,49.418155,49.418155,49.418155,49.418155,49.418155,49.418155,49.418155,49.418155,49.418155,49.418155,49.418155,49.418155,49.418155,49.418155,49.418155,49.418155,49.418155,49.418155,49.418155,49.418155,49.418155,49.418155,49.418155,49.418155,49.418155,49.418155,49.418155,49.418155,49.418155,49.418155,49.418155,49.418155,49.418155,49.418155,49.418155,49.418155,49.418155,49.418155,49.418155,49.418155,49.418155,49.418155,49.418155,49.418155,49.418155,49.418155,49.418155,49.418155,49.418155,49.418155,49.418155,49.418155,49.418155,49.418155,49.418155,49.418155,49.418155,49.418155,49.418155,49.418155,49.418155,49.418155,49.418155,49.418155,49.418155,49.418155,49.418155,49.418155,49.418155,49.418155,49.418155,49.418155,49.418155,49.418155,49.418155,49.418155,49.418155,49.418155,49.418155,49.418155,49.418155,49.418155,49.418155,49.418155,49.418155,49.418155,49.418155,49.418155,49.418155,49.418155,49.418155,49.418155,49.418155,49.418155,49.418155,49.418155,49.418155,49.418155,49.418155,49.418155,49.418155,49.418155,49.418155,49.418155,49.418155,49.418155,49.418155,49.418155,49.418155,49.418155,49.418155,49.418155,49.418155,49.418155,49.418155,49.418155,49.418155,49.418155,49.418155,49.418155,49.418155,49.418155,49.418155,49.418155,49.418155,49.418155,49.418155,49.418155,49.418155,49.418155,49.418155,49.418155,49.418155,49.418155,49.418155,49.418155,49.418147,49.418146,49.418086,49.418015,49.417861,49.417697,49.417506,49.415594,49.406591,49.383857,49.341832,49.274588,49.174065,49.031374,48.832574,48.565593,48.210832,47.751741,47.164234,46.429835,45.522564,44.426492,43.120400,41.595978,39.844969,37.874196,35.697088,33.341047,30.844079,28.256107,25.635102,23.050489,20.573924,18.272265,16.211123,14.452744,13.042337,12.001503,11.347908,11.072411,11.143950,11.526846,12.162762,12.990078,13.943927,14.957666,15.971970,16.936186,17.810568,18.569445,19.199142,19.699704,20.081175,20.362809,20.570204,20.732474,20.879842,21.041763
1.535678,49.418155,49.418155,49.418155,49.418155,49.418155,49.418155,49.418155,49.418155,49.418155,49.418155,49.418155,49.418155,49.418155,49.418155,49.418155,49.418155,49.418155,49.418155,49.418155,49.418155,49.418155,49.418155,49.418155,49.418155,49.418155,49.418155,49.418155,49.418155,49.418155,49.418155,49.418155,49.418155,49.418155,49.418155,49.418155,49.418155,49.418155,49.418155,49.418155,49.418155,49.418155,49.418155,49.418155,49.418155,49.418155,49.418155,49.418155,49.418155,49.418155,49.418155,49.418155,49.418155,49.418155,49.418155,49.418155,49.418155,49.418155,49.418155,49.418155,49.418155,49.418155,49.418155,49.418155,49.418155,49.418155,49.418155,49.418155,49.418155,49.418155,49.418155,49.418155,49.418155,49.418155,49.418155,49.418155,49.418155,49.418155,49.418155,49.418155,49.418155,49.418155,49.418155,49.418155,49.418155,49.418155,49.418155,49.418155,49.418155,49.418155,49.418155,49.418155,49.418155,49.418155,49.418155,49.418155,49.418155,49.418155,49.418155,49.418155,49.418155,49.418155,49.418155,49.418155,49.418155,49.418155,49.418155,49.418155,49.418155,49.418155,49.418155,49.418155,49.418155,49.418155,49.418155,49.418155,49.418155,49.418155,49.418155,49.418155,49.418155,49.418155,49.418155,49.418155,49.418155,49.418155,49.418155,49.418155,49.418155,49.418155,49.418155,49.418155,49.418155,49.418155,49.418155,49.418155,49.418155,49.418155,49.418155,49.418155,49.418155,49.418155,49.418155,49.418155,49.418155,49.418155,49.418146,49.418082,49.418010,49.417853,49.416421,49.407883,49.386111,49.345104,49.279244,49.180682,49.039852,48.843809,48.580016,48.228896,47.774133,47.191416,46.462368,45.561018,44.469917,43.171448,41.650338,39.904861,37.935793,35.759925,33.402412,30.900688,28.305106,25.676206,23.078374,20.581464,18.262864,16.180639,14.402238,12.963972,11.902800,11.229702,10.930904,10.987073,11.356064,11.980583,12.801938,13.750824,14.763476,15.778832,16.745562,17.624233,18.387372,19.022151,19.527526,19.913103,20.198319,20.408226,20.571968,20.719961,20.881585
1.546231,49.418155,49.418155,49.418155,49.418155,49.418155,49.418155,49.418155,49.418155,49.418155,49.418155,49.418155,49.418155,49.418155,49.418155,49.418155,49.418155,49.418155,49.418155,49.418155,49.418155,49.418155,49.418155,49.418155,49.418155,49.418155,49.418155,49.418155,49.418155,49.418155,49.418155,49.418155,49.418155,49.418155,49.418155,49.418155,49.418155,49.418155,49.418155,49.418155,49.418155,49.418155,49.418155,49.418155,49.418155,49.418155,49.418155,49.418155,49.418155,49.418155,49.418155,49.418155,49.418155,49.418155,49.418155,49.418155,49.418155,49.418155,49.418155,49.418155,49.418155,49.418155,49.418155,49.418155,49.418155,49.418155,49.418155,49.418155,49.418155,49.418155,49.418155,49.418155,49.418155,49.418155,49.418155,49.418155,49.418155,49.418155,49.418155,49.418155,49.418155,49.418155,49.418155,49.418155,49.418155,49.418155,49.418155,49.418155,49.418155,49.418155,49.418155,49.418155,49.418155,49.418155,49.418155,49.418155,49.418155,49.418155,49.418155,49.418155,49.418155,49.418155,49.418155,49.418155,49.418155,49.418155,49.418155,49.418155,49.418155,49.418155,49.418155,49.418155,49.418155,49.418155,49.418155,49.418155,49.418155,49.418155,49.418155,49.418155,49.418155,49.418155,49.418155,49.418155,49.418155,49.418155,49.418155,49.418155,49.418155,49.418155,49.418155,49.418155,49.418155,49.418155,49.418155,49.418155,49.418155,49.418155,49.418155,49.418155,49.418155,49.418155,49.418155,49.418155,49.418155,49.418155,49.418155,49.418155,49.418130,49.418112,49.416891,49.409371,49.388610,49.348415,49.283715,49.186395,49.047616,48.855612,48.593733,48.247874,47.795869,47.220017,46.495566,45.600198,44.516338,43.222912,41.707271,39.966471,38.000663,35.826103,33.467591,30.963009,28.361061,25.719612,23.108003,20.598506,18.256258,16.157353,14.351087,12.891541,11.809109,11.109091,10.793789,10.831762,11.183464,11.798601,12.610841,13.555929,14.566559,15.582911,16.552465,17.435260,18.203971,18.843912,19.354350,19.744741,20.033949,20.246868,20.412753,20.561696,20.723314
1.556784,49.418155,49.418155,49.418155,49.418155,49.418155,49.418155,49.418155,49.418155,49.418155,49.418155,49.418155,49.418155,49.418155,49.418155,49.418155,49.418155,49.418155,49.418155,49.418155,49.418155,49.418155,49.418155,49.418155,49.418155,49.418155,49.418155,49.418155,49.418155,49.418155,49.418155,49.418155,49.418155,49.418155,49.418155,49.418155,49.418155,49.418155,49.418155,49.418155,49.418155,49.418155,49.418155,49.418155,49.418155,49.418155,49.418155,49.418155,49.418155,49.418155,49.418155,49.418155,49.418155,49.418155,49.418155,49.418155,49.418155,49.418155,49.418155,49.418155,49.418155,49.418155,49.418155,49.418155,49.418155,49.418155,49.418155,49.418155,49.418155,49.418155,49.418155,49.418155,49.418155,49.418155,49.418155,49.418155,49.418155,49.418155,49.418155,49.418155,49.418155,49.418155,49.418155,49.418155,49.418155,49.418155,49.418155,49.418155,49.418155,49.418155,49.418155,49.418155,49.418155,49.418155,49.418155,49.418155,49.418155,49.418155,49.418155,49.418155,49.418155,49.418155,49.418155,49.418155,49.418155,49.418155,49.418155,49.418155,49.418155,49.418155,49.418155,49.418155,49.418155,49.418155,49.418155,49.418155,49.418155,49.418155,49.418155,49.418155,49.418155,49.418155,49.418155,49.418155,49.418155,49.418155,49.418155,49.418155,49.418155,49.418155,49.418155,49.418155,49.418155,49.418155,49.418155,49.418155,49.418155,49.418155,49.418155,49.418155,49.418155,49.418155,49.418155,49.418155,49.418155,49.418155,49.418155,49.418155,49.418155,49.418151,49.417237,49.410473,49.390519,49.351820,49.287834,49.192700,49.055796,48.866592,48.608098,48.265376,47.819643,47.247098,46.528320,45.641207,44.561449,43.274562,41.767042,40.029669,38.069190,35.896068,33.537321,31.029497,28.421105,25.769973,23.146878,20.617044,18.257473,16.134339,14.309755,12.825822,11.714069,10.993153,10.656631,10.676028,11.012094,11.615263,12.418895,13.358660,14.367764,15.384866,16.357490,17.244843,18.018962,18.665258,19.181047,19.576692,19.870082,20.086545,20.254746,20.405131,20.567353
1.567337,49.418155,49.418155,49.418155,49.418155,49.418155,49.418155,49.418155,49.418155,49.418155,49.418155,49.418155,49.418155,49.418155,49.418155,49.418155,49.418155,49.418155,49.418155,49.418155,49.418155,49.418155,49.418155,49.418155,49.418155,49.418155,49.418155,49.418155,49.418155,49.418155,49.418155,49.418155,49.418155,49.418155,49.418155,49.418155,49.418155,49.418155,49.418155,49.418155,49.418155,49.418155,49.418155,49.418155,49.418155,49.418155,49.418155,49.418155,49.418155,49.418155,49.418155,49.418155,49.418155,49.418155,49.418155,49.418155,49.418155,49.418155,49.418155,49.418155,49.418155,49.418155,49.418155,49.418155,49.418155,49.418155,49.418155,49.418155,49.418155,49.418155,49.418155,49.418155,49.418155,49.418155,49.418155,49.418155,49.418155,49.418155,49.418155,49.418155,49.418155,49.418155,49.418155,49.418155,49.418155,49.418155,49.418155,49.418155,49.418155,49.418155,49.418155,49.418155,49.418155,49.418155,49.418155,49.418155,49.418155,49.418155,49.418155,49.418155,49.418155,49.418155,49.418155,49.418155,49.418155,49.418155,49.418155,49.418155,49.418155,49.418155,49.418155,49.418155,49.418155,49.418155,49.418155,49.418155,49.418155,49.418155,49.418155,49.418155,49.418155,49.418155,49.418155,49.418155,49.418155,49.418155,49.418155,49.418155,49.418155,49.418155,49.418155,49.418155,49.418155,49.418155,49.418155,49.418155,49.418155,49.418155,49.418155,49.418155,49.418155,49.418155,49.418155,49.418155,49.418155,49.418155,49.418155,49.418155,49.418155,49.418153,49.417462,49.411212,49.392424,49.354609,49.292427,49.198249,49.064387,48.876816,48.623158,48.283798,47.842800,47.275616,46.562716,45.682014,44.610091,43.329921,41.826674,40.097168,38.140272,35.969754,33.611303,31.100341,28.486536,25.826218,23.190073,20.643858,18.267193,16.122203,14.268626,12.759794,11.625690,10.882958,10.519997,10.521816,10.842815,11.431173,12.226566,13.161111,14.167662,15.185579,16.161558,17.053598,17.833697,18.485677,19.008054,19.409119,19.707372,19.927539,20.098531,20.250749,20.413748
1.577889,49.418155,49.418155,49.418155,49.418155,49.418155,49.418155,49.418155,49.418155,49.418155,49.418155,49.418155,49.418155,49.418155,49.418155,49.418155,49.418155,49.418155,49.418155,49.418155,49.418155,49.418155,49.418155,49.418155,49.418155,49.418155,49.418155,49.418155,49.418155,49.418155,49.418155,49.418155,49.418155,49.418155,49.418155,49.418155,49.418155,49.418155,49.418155,49.418155,49.418155,49.418155,49.418155,49.418155,49.418155,49.418155,49.418155,49.418155,49.418155,49.418155,49.418155,49.418155,49.418155,49.418155,49.418155,49.418155,49.418155,49.418155,49.418155,49.418155,49.418155,49.418155,49.418155,49.418155,49.418155,49.418155,49.418155,49.418155,49.418155,49.418155,49.418155,49.418155,49.418155,49.418155,49.418155,49.418155,49.418155,49.418155,49.418155,49.418155,49.418155,49.418155,49.418155,49.418155,49.418155,49.418155,49.418155,49.418155,49.418155,49.418155,49.418155,49.418155,49.418155,49.418155,49.418155,49.418155,49.418155,49.418155,49.418155,49.418155,49.418155,49.418155,49.418155,49.418155,49.418155,49.418155,49.418155,49.418155,49.418155,49.418155,49.418155,49.418155,49.418155,49.418155,49.418155,49.418155,49.418155,49.418155,49.418155,49.418155,49.418155,49.418155,49.418155,49.418155,49.418155,49.418155,49.418155,49.418155,49.418155,49.418155,49.418155,49.418155,49.418155,49.418155,49.418155,49.418155,49.418155,49.418155,49.418155,49.418155,49.418155,49.418155,49.418155,49.418155,49.418155,49.418155,49.418155,49.418155,49.418155,49.418154,49.417681,49.412058,49.394389,49.357527,49.296376,49.204544,49.072383,48.887630,48.636762,48.303197,47.865262,47.305539,46.598830,45.723717,44.657533,43.384533,41.890600,40.165164,38.213616,36.047625,33.689544,31.176646,28.557504,25.889629,23.237971,20.679310,18.278718,16.113726,14.235778,12.701647,11.544594,10.772265,10.388394,10.369911,10.673924,11.248702,12.035063,12.962815,13.967425,14.985863,15.964746,16.862101,17.647663,18.306560,18.835308,19.242353,19.545967,19.770353,19.944400,20.098525,20.262558
1.588442,49.418155,49.418155,49.418155,49.418155,49.418155,49.418155,49.418155,49.418155,49.418155,49.418155,49.418155,49.418155,49.418155,49.418155,49.418155,49.418155,49.418155,49.418155,49.418155,49.418155,49.418155,49.418155,49.418155,49.418155,49.418155,49.418155,49.418155,49.418155,49.418155,49.418155,49.418155,49.418155,49.418155,49.418155,49.418155,49.418155,49.418155,49.418155,49.418155,49.418155,49.418155,49.418155,49.418155,49.418155,49.418155,49.418155,49.418155,49.418155,49.418155,49.418155,49.418155,49.418155,49.418155,49.418155,49.418155,49.418155,49.418155,49.418155,49.418155,49.418155,49.418155,49.418155,49.418155,49.418155,49.418155,49.418155,49.418155,49.418155,49.418155,49.418155,49.418155,49.418155,49.418155,49.418155,49.418155,49.418155,49.418155,49.418155,49.418155,49.418155,49.418155,49.418155,49.418155,49.418155,49.418155,49.418155,49.418155,49.418155,49.418155,49.418155,49.418155,49.418155,49.418155,49.418155,49.418155,49.418155,49.418155,49.418155,49.418155,49.418155,49.418155,49.418155,49.418155,49.418155,49.418155,49.418155,49.418155,49.418155,49.418155,49.418155,49.418155,49.418155,49.418155,49.418155,49.418155,49.418155,49.418155,49.418155,49.418155,49.418155,49.418155,49.418155,49.418155,49.418155,49.418155,49.418155,49.418155,49.418155,49.418155,49.418155,49.418155,49.418155,49.418155,49.418155,49.418155,49.418155,49.418155,49.418155,49.418155,49.418155,49.418155,49.418155,49.418155,49.418155,49.418155,49.418155,49.418155,49.418155,49.418155,49.417771,49.412974,49.395887,49.360643,49.300876,49.210194,49.080434,48.898998,48.651088,48.320942,47.889777,47.334695,46.633072,45.766169,44.707393,43.441973,41.954240,40.237807,38.291627,36.128133,33.772286,31.258255,28.633489,25.957875,23.295645,20.717142,18.301420,16.108881,14.211608,12.651660,11.463320,10.668102,10.262597,10.219129,10.506971,11.067466,11.843518,12.764982,13.766852,14.785843,15.768037,16.669938,17.462117,18.127218,18.662706,19.076419,19.385547,19.614519,19.792109,19.948552,20.113614
1.598995,49.418155,49.418155,49.418155,49.418155,49.418155,49.418155,49.418155,49.418155,49.418155,49.418155,49.418155,49.418155,49.418155,49.418155,49.418155,49.418155,49.418155,49.418155,49.418155,49.418155,49.418155,49.418155,49.418155,49.418155,49.418155,49.418155,49.418155,49.418155,49.418155,49.418155,49.418155,49.418155,49.418155,49.418155,49.418155,49.418155,49.418155,49.418155,49.418155,49.418155,49.418155,49.418155,49.418155,49.418155,49.418155,49.418155,49.418155,49.418155,49.418155,49.418155,49.418155,49.418155,49.418155,49.418155,49.418155,49.418155,49.418155,49.418155,49.418155,49.418155,49.418155,49.418155,49.418155,49.418155,49.418155,49.418155,49.418155,49.418155,49.418155,49.418155,49.418155,49.418155,49.418155,49.418155,49.418155,49.418155,49.418155,49.418155,49.418155,49.418155,49.418155,49.418155,49.418155,49.418155,49.418155,49.418155,49.418155,49.418155,49.418155,49.418155,49.418155,49.418155,49.418155,49.418155,49.418155,49.418155,49.418155,49.418155,49.418155,49.418155,49.418155,49.418155,49.418155,49.418155,49.418155,49.418155,49.418155,49.418155,49.418155,49.418155,49.418155,49.418155,49.418155,49.418155,49.418155,49.418155,49.418155,49.418155,49.418155,49.418155,49.418155,49.418155,49.418155,49.418155,49.418155,49.418155,49.418155,49.418155,49.418155,49.418155,49.418155,49.418155,49.418155,49.418155,49.418155,49.418155,49.418155,49.418155,49.418155,49.418155,49.418155,49.418155,49.418155,49.418155,49.418155,49.418155,49.418155,49.418155,49.418155,49.417902,49.413549,49.397734,49.363237,49.305166,49.216244,49.088219,48.909359,48.666162,48.340445,47.912418,47.362989,46.670360,45.809440,44.758444,43.502451,42.021144,40.312022,38.371031,36.213519,33.858959,31.344205,28.716160,26.030808,23.357814,20.763380,18.328043,16.115634,14.188259,12.601945,11.392250,10.568467,10.138701,10.075043,10.340951,10.889081,11.652401,12.567697,13.566442,14.585815,15.571017,16.477996,17.275921,17.948639,18.490941,18.911114,19.226103,19.460011,19.641193,19.800030,19.966230
1.609548,49.418155,49.418155,49.418155,49.418155,49.418155,49.418155,49.418155,49.418155,49.418155,49.418155,49.418155,49.418155,49.418155,49.418155,49.418155,49.418155,49.418155,49.418155,49.418155,49.418155,49.418155,49.418155,49.418155,49.418155,49.418155,49.418155,49.418155,49.418155,49.418155,49.418155,49.418155,49.418155,49.418155,49.418155,49.418155,49.418155,49.418155,49.418155,49.418155,49.418155,49.418155,49.418155,49.418155,49.418155,49.418155,49.418155,49.418155,49.418155,49.418155,49.418155,49.418155,49.418155,49.418155,49.418155,49.418155,49.418155,49.418155,49.418155,49.418155,49.418155,49.418155,49.418155,49.418155,49.418155,49.418155,49.418155,49.418155,49.418155,49.418155,49.418155,49.418155,49.418155,49.418155,49.418155,49.418155,49.418155,49.418155,49.418155,49.418155,49.418155,49.418155,49.418155,49.418155,49.418155,49.418155,49.418155,49.418155,49.418155,49.418155,49.418155,49.418155,49.418155,49.418155,49.418155,49.418155,49.418155,49.418155,49.418155,49.418155,49.418155,49.418155,49.418155,49.418155,49.418155,49.418155,49.418155,49.418155,49.418155,49.418155,49.418155,49.418155,49.418155,49.418155,49.418155,49.418155,49.418155,49.418155,49.418155,49.418155,49.418155,49.418155,49.418155,49.418155,49.418155,49.418155,49.418155,49.418155,49.418155,49.418155,49.418155,49.418155,49.418155,49.418155,49.418155,49.418155,49.418155,49.418155,49.418155,49.418155,49.418155,49.418155,49.418155,49.418155,49.418155,49.418155,49.418155,49.418155,49.418155,49.418155,49.417961,49.414362,49.399178,49.366272,49.309230,49.222647,49.096494,48.920391,48.679926,48.358187,47.937090,47.392689,46.706862,45.852155,44.812015,43.563014,42.089999,40.387467,38.455513,36.301230,33.950309,31.435112,28.802667,26.110387,23.425748,20.817667,18.358477,16.123420,14.176392,12.563467,11.321055,10.475917,10.016436,9.930544,10.180494,10.710492,11.463458,12.371775,13.366782,14.385881,15.373725,16.285506,17.090557,17.770049,18.320078,18.746866,19.067907,19.306495,19.491399,19.652581,19.820042
1.620101,49.418155,49.418155,49.418155,49.418155,49.418155,49.418155,49.418155,49.418155,49.418155,49.418155,49.418155,49.418155,49.418155,49.418155,49.418155,49.418155,49.418155,49.418155,49.418155,49.418155,49.418155,49.418155,49.418155,49.418155,49.418155,49.418155,49.418155,49.418155,49.418155,49.418155,49.418155,49.418155,49.418155,49.418155,49.418155,49.418155,49.418155,49.418155,49.418155,49.418155,49.418155,49.418155,49.418155,49.418155,49.418155,49.418155,49.418155,49.418155,49.418155,49.418155,49.418155,49.418155,49.418155,49.418155,49.418155,49.418155,49.418155,49.418155,49.418155,49.418155,49.418155,49.418155,49.418155,49.418155,49.418155,49.418155,49.418155,49.418155,49.418155,49.418155,49.418155,49.418155,49.418155,49.418155,49.418155,49.418155,49.418155,49.418155,49.418155,49.418155,49.418155,49.418155,49.418155,49.418155,49.418155,49.418155,49.418155,49.418155,49.418155,49.418155,49.418155,49.418155,49.418155,49.418155,49.418155,49.418155,49.418155,49.418155,49.418155,49.418155,49.418155,49.418155,49.418155,49.418155,49.418155,49.418155,49.418155,49.418155,49.418155,49.418155,49.418155,49.418155,49.418155,49.418155,49.418155,49.418155,49.418155,49.418155,49.418155,49.418155,49.418155,49.418155,49.418155,49.418155,49.418155,49.418155,49.418155,49.418155,49.418155,49.418155,49.418155,49.418155,49.418155,49.418155,49.418155,49.418155,49.418155,49.418155,49.418155,49.418155,49.418155,49.418155,49.418155,49.418155,49.418155,49.418155,49.418155,49.418155,49.418155,49.418024,49.414831,49.400917,49.369018,49.313908,49.228474,49.105277,48.931545,48.695043,48.376784,47.960724,47.422509,46.743811,45.896846,44.863710,43.623415,42.162111,40.467809,38.540678,36.393736,34.045285,31.530281,28.895226,26.196382,23.497792,20.873771,18.397335,16.139680,14.167434,12.527653,11.257770,10.385423,9.900236,9.791237,10.021255,10.536290,11.276200,12.176811,13.167831,14.186799,15.177003,16.094019,16.905108,17.592352,18.149351,18.583589,18.910591,19.154149,19.342575,19.506081,19.674636
1.630653,49.418155,49.418155,49.418155,49.418155,49.418155,49.418155,49.418155,49.418155,49.418155,49.418155,49.418155,49.418155,49.418155,49.418155,49.418155,49.418155,49.418155,49.418155,49.418155,49.418155,49.418155,49.418155,49.418155,49.418155,49.418155,49.418155,49.418155,49.418155,49.418155,49.418155,49.418155,49.418155,49.418155,49.418155,49.418155,49.418155,49.418155,49.418155,49.418155,49.418155,49.418155,49.418155,49.418155,49.418155,49.418155,49.418155,49.418155,49.418155,49.418155,49.418155,49.418155,49.418155,49.418155,49.418155,49.418155,49.418155,49.418155,49.418155,49.418155,49.418155,49.418155,49.418155,49.418155,49.418155,49.418155,49.418155,49.418155,49.418155,49.418155,49.418155,49.418155,49.418155,49.418155,49.418155,49.418155,49.418155,49.418155,49.418155,49.418155,49.418155,49.418155,49.418155,49.418155,49.418155,49.418155,49.418155,49.418155,49.418155,49.418155,49.418155,49.418155,49.418155,49.418155,49.418155,49.418155,49.418155,49.418155,49.418155,49.418155,49.418155,49.418155,49.418155,49.418155,49.418155,49.418155,49.418155,49.418155,49.418155,49.418155,49.418155,49.418155,49.418155,49.418155,49.418155,49.418155,49.418155,49.418155,49.418155,49.418155,49.418155,49.418155,49.418155,49.418155,49.418155,49.418155,49.418155,49.418155,49.418155,49.418155,49.418155,49.418155,49.418155,49.418155,49.418155,49.418155,49.418155,49.418155,49.418155,49.418155,49.418155,49.418155,49.418155,49.418155,49.418155,49.418155,49.418155,49.418155,49.418155,49.418155,49.418082,49.415373,49.402215,49.371718,49.317835,49.234957,49.113673,48.942675,48.708827,48.396154,47.984471,47.453541,46.779624,45.943548,44.917695,43.688212,42.232947,40.548893,38.629320,36.487653,34.143868,31.629590,28.991333,26.286408,23.578407,20.937820,18.442398,16.164839,14.161913,12.498004,11.200360,10.300369,9.788947,9.658099,9.864085,10.362907,11.091721,11.983558,12.970906,13.988902,14.981610,15.903225,16.720618,17.414996,17.979309,18.420457,18.753476,19.002178,19.194327,19.360113,19.529711
1.641206,49.418155,49.418155,49.418155,49.418155,49.418155,49.418155,49.418155,49.418155,49.418155,49.418155,49.418155,49.418155,49.418155,49.418155,49.418155,49.418155,49.418155,49.418155,49.418155,49.418155,49.418155,49.418155,49.418155,49.418155,49.418155,49.418155,49.418155,49.418155,49.418155,49.418155,49.418155,49.418155,49.418155,49.418155,49.418155,49.418155,49.418155,49.418155,49.418155,49.418155,49.418155,49.418155,49.418155,49.418155,49.418155,49.418155,49.418155,49.418155,49.418155,49.418155,49.418155,49.418155,49.418155,49.418155,49.418155,49.418155,49.418155,49.418155,49.418155,49.418155,49.418155,49.418155,49.418155,49.418155,49.418155,49.418155,49.418155,49.418155,49.418155,49.418155,49.418155,49.418155,49.418155,49.418155,49.418155,49.418155,49.418155,49.418155,49.418155,49.418155,49.418155,49.418155,49.418155,49.418155,49.418155,49.418155,49.418155,49.418155,49.418155,49.418155,49.418155,49.418155,49.418155,49.418155,49.418155,49.418155,49.418155,49.418155,49.418155,49.418155,49.418155,49.418155,49.418155,49.418155,49.418155,49.418155,49.418155,49.418155,49.418155,49.418155,49.418155,49.418155,49.418155,49.418155,49.418155,49.418155,49.418155,49.418155,49.418155,49.418155,49.418155,49.418155,49.418155,49.418155,49.418155,49.418155,49.418155,49.418155,49.418155,49.418155,49.418155,49.418155,49.418155,49.418155,49.418155,49.418155,49.418155,49.418155,49.418155,49.418155,49.418155,49.418155,49.418155,49.418155,49.418155,49.418155,49.418155,49.418155,49.418155,49.418106,49.415964,49.403666,49.374385,49.322230,49.241036,49.121679,48.954200,48.723203,48.414007,48.007386,47.482449,46.818204,45.987728,44.973974,43.752369,42.306681,40.630388,38.721493,36.585981,34.245049,31.732901,29.092697,26.380293,23.661539,21.009730,18.496021,16.191164,14.165690,12.474671,11.151719,10.218375,9.682803,9.527660,9.712621,10.195650,10.911297,11.794060,12.775979,13.793231,14.787878,15.713759,16.537432,17.238142,17.809997,18.257510,18.596764,18.850298,19.046280,19.214548,19.385369
1.651759,49.418155,49.418155,49.418155,49.418155,49.418155,49.418155,49.418155,49.418155,49.418155,49.418155,49.418155,49.418155,49.418155,49.418155,49.418155,49.418155,49.418155,49.418155,49.418155,49.418155,49.418155,49.418155,49.418155,49.418155,49.418155,49.418155,49.418155,49.418155,49.418155,49.418155,49.418155,49.418155,49.418155,49.418155,49.418155,49.418155,49.418155,49.418155,49.418155,49.418155,49.418155,49.418155,49.418155,49.418155,49.418155,49.418155,49.418155,49.418155,49.418155,49.418155,49.418155,49.418155,49.418155,49.418155,49.418155,49.418155,49.418155,49.418155,49.418155,49.418155,49.418155,49.418155,49.418155,49.418155,49.418155,49.418155,49.418155,49.418155,49.418155,49.418155,49.418155,49.418155,49.418155,49.418155,49.418155,49.418155,49.418155,49.418155,49.418155,49.418155,49.418155,49.418155,49.418155,49.418155,49.418155,49.418155,49.418155,49.418155,49.418155,49.418155,49.418155,49.418155,49.418155,49.418155,49.418155,49.418155,49.418155,49.418155,49.418155,49.418155,49.418155,49.418155,49.418155,49.418155,49.418155,49.418155,49.418155,49.418155,49.418155,49.418155,49.418155,49.418155,49.418155,49.418155,49.418155,49.418155,49.418155,49.418155,49.418155,49.418155,49.418155,49.418155,49.418155,49.418155,49.418155,49.418155,49.418155,49.418155,49.418155,49.418155,49.418155,49.418155,49.418155,49.418155,49.418155,49.418155,49.418155,49.418155,49.418155,49.418155,49.418155,49.418155,49.418155,49.418155,49.418155,49.418155,49.418155,49.418155,49.418155,49.418133,49.416301,49.405242,49.377037,49.326065,49.247025,49.129969,48.964689,48.738118,48.432604,48.032141,47.512641,46.855761,46.033709,45.029164,43.815709,42.383205,40.714792,38.813189,36.684972,34.350398,31.839379,29.197844,26.479977,23.752856,21.083738,18.553457,16.226608,14.178925,12.455069,11.106675,10.145103,9.582588,9.402849,9.567959,10.030244,10.733713,11.607005,12.584710,13.600252,14.596599,15.526451,16.355721,17.062921,17.641398,18.095799,18.440638,18.699177,18.898740,19.069562,19.241585
1.662312,49.418155,49.418155,49.418155,49.418155,49.418155,49.418155,49.418155,49.418155,49.418155,49.418155,49.418155,49.418155,49.418155,49.418155,49.418155,49.418155,49.418155,49.418155,49.418155,49.418155,49.418155,49.418155,49.418155,49.418155,49.418155,49.418155,49.418155,49.418155,49.418155,49.418155,49.418155,49.418155,49.418155,49.418155,49.418155,49.418155,49.418155,49.418155,49.418155,49.418155,49.418155,49.418155,49.418155,49.418155,49.418155,49.418155,49.418155,49.418155,49.418155,49.418155,49.418155,49.418155,49.418155,49.418155,49.418155,49.418155,49.418155,49.418155,49.418155,49.418155,49.418155,49.418155,49.418155,49.418155,49.418155,49.418155,49.418155,49.418155,49.418155,49.418155,49.418155,49.418155,49.418155,49.418155,49.418155,49.418155,49.418155,49.418155,49.418155,49.418155,49.418155,49.418155,49.418155,49.418155,49.418155,49.418155,49.418155,49.418155,49.418155,49.418155,49.418155,49.418155,49.418155,49.418155,49.418155,49.418155,49.418155,49.418155,49.418155,49.418155,49.418155,49.418155,49.418155,49.418155,49.418155,49.418155,49.418155,49.418155,49.418155,49.418155,49.418155,49.418155,49.418155,49.418155,49.418155,49.418155,49.418155,49.418155,49.418155,49.418155,49.418155,49.418155,49.418155,49.418155,49.418155,49.418155,49.418155,49.418155,49.418155,49.418155,49.418155,49.418155,49.418155,49.418155,49.418155,49.418155,49.418155,49.418155,49.418155,49.418155,49.418155,49.418155,49.418155,49.418155,49.418155,49.418155,49.418155,49.418155,49.418155,49.418142,49.416753,49.406394,49.379390,49.330316,49.252566,49.138433,48.975502,48.752418,48.451184,48.055088,47.544040,46.892380,46.081440,45.083246,43.881317,42.458947,40.800463,38.909320,36.787255,34.457470,31.950050,29.306998,26.584333,23.848043,21.167180,18.614984,16.271303,14.193486,12.448172,11.065712,10.081205,9.491307,9.282269,9.427521,9.871501,10.559940,11.425177,12.396576,13.410517,14.408140,15.341883,16.176162,16.890202,17.475070,17.935768,18.286222,18.549428,18.752485,18.925629,19.098775
1.672864,49.418155,49.418155,49.418155,49.418155,49.418155,49.418155,49.418155,49.418155,49.418155,49.418155,49.418155,49.418155,49.418155,49.418155,49.418155,49.418155,49.418155,49.418155,49.418155,49.418155,49.418155,49.418155,49.418155,49.418155,49.418155,49.418155,49.418155,49.418155,49.418155,49.418155,49.418155,49.418155,49.418155,49.418155,49.418155,49.418155,49.418155,49.418155,49.418155,49.418155,49.418155,49.418155,49.418155,49.418155,49.418155,49.418155,49.418155,49.418155,49.418155,49.418155,49.418155,49.418155,49.418155,49.418155,49.418155,49.418155,49.418155,49.418155,49.418155,49.418155,49.418155,49.418155,49.418155,49.418155,49.418155,49.418155,49.418155,49.418155,49.418155,49.418155,49.418155,49.418155,49.418155,49.418155,49.418155,49.418155,49.418155,49.418155,49.418155,49.418155,49.418155,49.418155,49.418155,49.418155,49.418155,49.418155,49.418155,49.418155,49.418155,49.418155,49.418155,49.418155,49.418155,49.418155,49.418155,49.418155,49.418155,49.418155,49.418155,49.418155,49.418155,49.418155,49.418155,49.418155,49.418155,49.418155,49.418155,49.418155,49.418155,49.418155,49.418155,49.418155,49.418155,49.418155,49.418155,49.418155,49.418155,49.418155,49.418155,49.418155,49.418155,49.418155,49.418155,49.418155,49.418155,49.418155,49.418155,49.418155,49.418155,49.418155,49.418155,49.418155,49.418155,49.418155,49.418155,49.418155,49.418155,49.418155,49.418155,49.418155,49.418155,49.418155,49.418155,49.418155,49.418155,49.418155,49.418155,49.418155,49.418155,49.418150,49.417006,49.407825,49.381892,49.333992,49.258537,49.145941,48.986640,48.766074,48.470415,48.079014,47.573395,46.931632,46.126726,45.140855,43.949040,42.535568,40.887280,39.004305,36.893102,34.568885,32.063491,29.420639,26.693655,23.948631,21.254850,18.687480,16.317913,14.220828,12.443082,11.038132,10.019835,9.405307,9.171072,9.294081,9.719478,10.394335,11.248155,12.213396,13.225232,14.223932,15.160965,16.000747,16.720570,17.311862,17.778303,18.134435,18.401933,18.608346,18.783595,18.957924
1.683417,49.418155,49.418155,49.418155,49.418155,49.418155,49.418155,49.418155,49.418155,49.418155,49.418155,49.418155,49.418155,49.418155,49.418155,49.418155,49.418155,49.418155,49.418155,49.418155,49.418155,49.418155,49.418155,49.418155,49.418155,49.418155,49.418155,49.418155,49.418155,49.418155,49.418155,49.418155,49.418155,49.418155,49.418155,49.418155,49.418155,49.418155,49.418155,49.418155,49.418155,49.418155,49.418155,49.418155,49.418155,49.418155,49.418155,49.418155,49.418155,49.418155,49.418155,49.418155,49.418155,49.418155,49.418155,49.418155,49.418155,49.418155,49.418155,49.418155,49.418155,49.418155,49.418155,49.418155,49.418155,49.418155,49.418155,49.418155,49.418155,49.418155,49.418155,49.418155,49.418155,49.418155,49.418155,49.418155,49.418155,49.418155,49.418155,49.418155,49.418155,49.418155,49.418155,49.418155,49.418155,49.418155,49.418155,49.418155,49.418155,49.418155,49.418155,49.418155,49.418155,49.418155,49.418155,49.418155,49.418155,49.418155,49.418155,49.418155,49.418155,49.418155,49.418155,49.418155,49.418155,49.418155,49.418155,49.418155,49.418155,49.418155,49.418155,49.418155,49.418155,49.418155,49.418155,49.418155,49.418155,49.418155,49.418155,49.418155,49.418155,49.418155,49.418155,49.418155,49.418155,49.418155,49.418155,49.418155,49.418155,49.418155,49.418155,49.418155,49.418155,49.418155,49.418155,49.418155,49.418155,49.418155,49.418155,49.418155,49.418155,49.418155,49.418155,49.418155,49.418155,49.418155,49.418155,49.418155,49.418155,49.418155,49.418153,49.417318,49.408841,49.384513,49.338086,49.263742,49.153865,48.996682,48.780684,48.488286,48.103886,47.603934,46.968597,46.174946,45.197340,44.015833,42.611451,40.977072,39.102467,36.998714,34.681507,32.181224,29.538404,26.808429,24.053874,21.347486,18.765245,16.375122,14.254034,12.449966,11.014275,9.970673,9.328850,9.071278,9.167868,9.577543,10.234935,11.078884,12.037359,13.046338,14.045489,14.985652,15.829936,16.555279,17.152594,17.625100,17.986305,18.258066,18.467701,18.645057,18.820511
1.693970,49.418155,49.418155,49.418155,49.418155,49.418155,49.418155,49.418155,49.418155,49.418155,49.418155,49.418155,49.418155,49.418155,49.418155,49.418155,49.418155,49.418155,49.418155,49.418155,49.418155,49.418155,49.418155,49.418155,49.418155,49.418155,49.418155,49.418155,49.418155,49.418155,49.418155,49.418155,49.418155,49.418155,49.418155,49.418155,49.418155,49.418155,49.418155,49.418155,49.418155,49.418155,49.418155,49.418155,49.418155,49.418155,49.418155,49.418155,49.418155,49.418155,49.418155,49.418155,49.418155,49.418155,49.418155,49.418155,49.418155,49.418155,49.418155,49.418155,49.418155,49.418155,49.418155,49.418155,49.418155,49.418155,49.418155,49.418155,49.418155,49.418155,49.418155,49.418155,49.418155,49.418155,49.418155,49.418155,49.418155,49.418155,49.418155,49.418155,49.418155,49.418155,49.418155,49.418155,49.418155,49.418155,49.418155,49.418155,49.418155,49.418155,49.418155,49.418155,49.418155,49.418155,49.418155,49.418155,49.418155,49.418155,49.418155,49.418155,49.418155,49.418155,49.418155,49.418155,49.418155,49.418155,49.418155,49.418155,49.418155,49.418155,49.418155,49.418155,49.418155,49.418155,49.418155,49.418155,49.418155,49.418155,49.418155,49.418155,49.418155,49.418155,49.418155,49.418155,49.418155,49.418155,49.418155,49.418155,49.418155,49.418155,49.418155,49.418155,49.418155,49.418155,49.418155,49.418155,49.418155,49.418155,49.418155,49.418155,49.418155,49.418155,49.418155,49.418155,49.418155,49.418155,49.418155,49.418155,49.418155,49.418155,49.418154,49.417481,49.410098,49.386834,49.341652,49.269063,49.161194,49.006976,48.794615,48.506814,48.128001,47.634581,47.006925,46.220727,45.254170,44.081752,42.691669,41.065097,39.204039,37.109268,34.798987,32.302330,29.660685,26.927753,24.167788,21.449151,18.849448,16.443907,14.294686,12.470211,11.007174,9.935642,9.261685,8.981058,9.056726,9.443841,10.088286,10.919195,11.871517,12.876810,13.875467,14.817676,15.665907,16.396713,16.999830,17.477762,17.843906,18.119866,18.332572,18.512009,18.688617
1.704523,49.418155,49.418155,49.418155,49.418155,49.418155,49.418155,49.418155,49.418155,49.418155,49.418155,49.418155,49.418155,49.418155,49.418155,49.418155,49.418155,49.418155,49.418155,49.418155,49.418155,49.418155,49.418155,49.418155,49.418155,49.418155,49.418155,49.418155,49.418155,49.418155,49.418155,49.418155,49.418155,49.418155,49.418155,49.418155,49.418155,49.418155,49.418155,49.418155,49.418155,49.418155,49.418155,49.418155,49.418155,49.418155,49.418155,49.418155,49.418155,49.418155,49.418155,49.418155,49.418155,49.418155,49.418155,49.418155,49.418155,49.418155,49.418155,49.418155,49.418155,49.418155,49.418155,49.418155,49.418155,49.418155,49.418155,49.418155,49.418155,49.418155,49.418155,49.418155,49.418155,49.418155,49.418155,49.418155,49.418155,49.418155,49.418155,49.418155,49.418155,49.418155,49.418155,49.418155,49.418155,49.418155,49.418155,49.418155,49.418155,49.418155,49.418155,49.418155,49.418155,49.418155,49.418155,49.418155,49.418155,49.418155,49.418155,49.418155,49.418155,49.418155,49.418155,49.418155,49.418155,49.418155,49.418155,49.418155,49.418155,49.418155,49.418155,49.418155,49.418155,49.418155,49.418155,49.418155,49.418155,49.418155,49.418155,49.418155,49.418155,49.418155,49.418155,49.418155,49.418155,49.418155,49.418155,49.418155,49.418155,49.418155,49.418155,49.418155,49.418155,49.418155,49.418155,49.418155,49.418155,49.418155,49.418155,49.418155,49.418155,49.418155,49.418155,49.418155,49.418155,49.418155,49.418155,49.418155,49.418155,49.418155,49.418155,49.417650,49.411062,49.388875,49.345551,49.274457,49.168117,49.017378,48.808466,48.525963,48.151252,47.666364,47.046562,46.268104,45.310139,44.151574,42.771323,41.156317,39.304617,37.221156,34.919050,32.427153,29.788548,27.054212,24.287367,21.560938,18.947317,16.519300,14.352588,12.497947,11.010896,9.909470,9.213666,8.903185,8.958125,9.325614,9.954296,10.774221,11.717507,12.718936,13.716484,14.660216,15.512040,16.247222,16.855475,17.338780,17.709737,17.989580,18.205163,18.386717,18.564428
1.715075,49.418155,49.418155,49.418155,49.418155,49.418155,49.418155,49.418155,49.418155,49.418155,49.418155,49.418155,49.418155,49.418155,49.418155,49.418155,49.418155,49.418155,49.418155,49.418155,49.418155,49.418155,49.418155,49.418155,49.418155,49.418155,49.418155,49.418155,49.418155,49.418155,49.418155,49.418155,49.418155,49.418155,49.418155,49.418155,49.418155,49.418155,49.418155,49.418155,49.418155,49.418155,49.418155,49.418155,49.418155,49.418155,49.418155,49.418155,49.418155,49.418155,49.418155,49.418155,49.418155,49.418155,49.418155,49.418155,49.418155,49.418155,49.418155,49.418155,49.418155,49.418155,49.418155,49.418155,49.418155,49.418155,49.418155,49.418155,49.418155,49.418155,49.418155,49.418155,49.418155,49.418155,49.418155,49.418155,49.418155,49.418155,49.418155,49.418155,49.418155,49.418155,49.418155,49.418155,49.418155,49.418155,49.418155,49.418155,49.418155,49.418155,49.418155,49.418155,49.418155,49.418155,49.418155,49.418155,49.418155,49.418155,49.418155,49.418155,49.418155,49.418155,49.418155,49.418155,49.418155,49.418155,49.418155,49.418155,49.418155,49.418155,49.418155,49.418155,49.418155,49.418155,49.418155,49.418155,49.418155,49.418155,49.418155,49.418155,49.418155,49.418155,49.418155,49.418155,49.418155,49.418155,49.418155,49.418155,49.418155,49.418155,49.418155,49.418155,49.418155,49.418155,49.418155,49.418155,49.418155,49.418155,49.418155,49.418155,49.418155,49.418155,49.418155,49.418155,49.418155,49.418155,49.418155,49.418155,49.418155,49.418155,49.418155,49.417791,49.411801,49.391116,49.348828,49.279547,49.175272,49.026857,48.821512,48.543699,48.176163,47.697209,47.085340,46.315954,45.369544,44.219209,42.852223,41.249078,39.410546,37.334800,35.043059,32.557617,29.922585,27.187869,24.417468,21.681561,19.053365,16.610031,14.420007,12.546433,11.028342,9.905430,9.178112,8.844917,8.877141,9.226238,9.836106,10.643911,11.579477,12.575827,13.571948,14.516547,15.371000,16.110453,16.723337,17.211247,17.586412,17.869966,18.088672,18.272185,18.451269
1.725628,49.418155,49.418155,49.418155,49.418155,49.418155,49.418155,49.418155,49.418155,49.418155,49.418155,49.418155,49.418155,49.418155,49.418155,49.418155,49.418155,49.418155,49.418155,49.418155,49.418155,49.418155,49.418155,49.418155,49.418155,49.418155,49.418155,49.418155,49.418155,49.418155,49.418155,49.418155,49.418155,49.418155,49.418155,49.418155,49.418155,49.418155,49.418155,49.418155,49.418155,49.418155,49.418155,49.418155,49.418155,49.418155,49.418155,49.418155,49.418155,49.418155,49.418155,49.418155,49.418155,49.418155,49.418155,49.418155,49.418155,49.418155,49.418155,49.418155,49.418155,49.418155,49.418155,49.418155,49.418155,49.418155,49.418155,49.418155,49.418155,49.418155,49.418155,49.418155,49.418155,49.418155,49.418155,49.418155,49.418155,49.418155,49.418155,49.418155,49.418155,49.418155,49.418155,49.418155,49.418155,49.418155,49.418155,49.418155,49.418155,49.418155,49.418155,49.418155,49.418155,49.418155,49.418155,49.418155,49.418155,49.418155,49.418155,49.418155,49.418155,49.418155,49.418155,49.418155,49.418155,49.418155,49.418155,49.418155,49.418155,49.418155,49.418155,49.418155,49.418155,49.418155,49.418155,49.418155,49.418155,49.418155,49.418155,49.418155,49.418155,49.418155,49.418155,49.418155,49.418155,49.418155,49.418155,49.418155,49.418155,49.418155,49.418155,49.418155,49.418155,49.418155,49.418155,49.418155,49.418155,49.418155,49.418155,49.418155,49.418155,49.418155,49.418155,49.418155,49.418155,49.418155,49.418155,49.418155,49.418155,49.418155,49.418155,49.417882,49.412602,49.392906,49.352356,49.284298,49.182586,49.037104,48.835016,48.562617,48.199461,47.727219,47.123304,46.365586,45.426960,44.290857,42.932841,41.345434,39.517663,37.453332,35.171759,32.694016,30.063988,27.330554,24.556921,21.814366,19.174930,16.717881,14.508828,12.608098,11.070298,9.916503,9.165731,8.809832,8.815409,9.146396,9.739592,10.535340,11.460984,12.451964,13.445376,14.390142,15.246723,15.989600,16.606542,17.098487,17.477835,17.764873,17.986216,18.171986,18.352403
1.736181,49.418155,49.418155,49.418155,49.418155,49.418155,49.418155,49.418155,49.418155,49.418155,49.418155,49.418155,49.418155,49.418155,49.418155,49.418155,49.418155,49.418155,49.418155,49.418155,49.418155,49.418155,49.418155,49.418155,49.418155,49.418155,49.418155,49.418155,49.418155,49.418155,49.418155,49.418155,49.418155,49.418155,49.418155,49.418155,49.418155,49.418155,49.418155,49.418155,49.418155,49.418155,49.418155,49.418155,49.418155,49.418155,49.418155,49.418155,49.418155,49.418155,49.418155,49.418155,49.418155,49.418155,49.418155,49.418155,49.418155,49.418155,49.418155,49.418155,49.418155,49.418155,49.418155,49.418155,49.418155,49.418155,49.418155,49.418155,49.418155,49.418155,49.418155,49.418155,49.418155,49.418155,49.418155,49.418155,49.418155,49.418155,49.418155,49.418155,49.418155,49.418155,49.418155,49.418155,49.418155,49.418155,49.418155,49.418155,49.418155,49.418155,49.418155,49.418155,49.418155,49.418155,49.418155,49.418155,49.418155,49.418155,49.418155,49.418155,49.418155,49.418155,49.418155,49.418155,49.418155,49.418155,49.418155,49.418155,49.418155,49.418155,49.418155,49.418155,49.418155,49.418155,49.418155,49.418155,49.418155,49.418155,49.418155,49.418155,49.418155,49.418155,49.418155,49.418155,49.418155,49.418155,49.418155,49.418155,49.418155,49.418155,49.418155,49.418155,49.418155,49.418155,49.418155,49.418155,49.418155,49.418155,49.418155,49.418155,49.418155,49.418155,49.418155,49.418155,49.418155,49.418155,49.418155,49.418155,49.418155,49.418155,49.418155,49.417954,49.413342,49.394908,49.355467,49.289149,49.189327,49.046553,48.848964,48.580071,48.224214,47.759233,47.162634,46.413236,45.487948,44.360687,43.018392,41.442421,39.626162,37.577660,35.304524,32.838453,30.213252,27.483721,24.709043,21.960994,19.313465,16.839632,14.614748,12.693409,11.132075,9.953709,9.180091,8.795538,8.782274,9.089793,9.668763,10.449228,11.366575,12.350290,13.340546,14.284876,15.142914,15.888434,16.508736,17.004437,17.387250,17.677357,17.901560,18.089285,18.271396
1.746734,49.418155,49.418155,49.418155,49.418155,49.418155,49.418155,49.418155,49.418155,49.418155,49.418155,49.418155,49.418155,49.418155,49.418155,49.418155,49.418155,49.418155,49.418155,49.418155,49.418155,49.418155,49.418155,49.418155,49.418155,49.418155,49.418155,49.418155,49.418155,49.418155,49.418155,49.418155,49.418155,49.418155,49.418155,49.418155,49.418155,49.418155,49.418155,49.418155,49.418155,49.418155,49.418155,49.418155,49.418155,49.418155,49.418155,49.418155,49.418155,49.418155,49.418155,49.418155,49.418155,49.418155,49.418155,49.418155,49.418155,49.418155,49.418155,49.418155,49.418155,49.418155,49.418155,49.418155,49.418155,49.418155,49.418155,49.418155,49.418155,49.418155,49.418155,49.418155,49.418155,49.418155,49.418155,49.418155,49.418155,49.418155,49.418155,49.418155,49.418155,49.418155,49.418155,49.418155,49.418155,49.418155,49.418155,49.418155,49.418155,49.418155,49.418155,49.418155,49.418155,49.418155,49.418155,49.418155,49.418155,49.418155,49.418155,49.418155,49.418155,49.418155,49.418155,49.418155,49.418155,49.418155,49.418155,49.418155,49.418155,49.418155,49.418155,49.418155,49.418155,49.418155,49.418155,49.418155,49.418155,49.418155,49.418155,49.418155,49.418155,49.418155,49.418155,49.418155,49.418155,49.418155,49.418155,49.418155,49.418155,49.418155,49.418155,49.418155,49.418155,49.418155,49.418155,49.418155,49.418155,49.418155,49.418155,49.418155,49.418155,49.418155,49.418155,49.418155,49.418155,49.418155,49.418155,49.418155,49.418155,49.418155,49.418155,49.418002,49.414076,49.396493,49.358254,49.294090,49.196600,49.056405,48.862492,48.598215,48.248075,47.789449,47.203369,46.463775,45.546990,44.433397,43.104203,41.540500,39.741728,37.705292,35.444701,32.988354,30.373612,27.647768,24.874837,22.123143,19.467677,16.984721,14.741130,12.804635,11.217291,10.020056,9.217934,8.813819,8.774487,9.063765,9.625608,10.393067,11.298557,12.276124,13.262132,14.204743,15.063367,15.810767,16.433943,16.932895,17.318798,17.611937,17.838507,18.028354,18.212005
1.757286,49.418155,49.418155,49.418155,49.418155,49.418155,49.418155,49.418155,49.418155,49.418155,49.418155,49.418155,49.418155,49.418155,49.418155,49.418155,49.418155,49.418155,49.418155,49.418155,49.418155,49.418155,49.418155,49.418155,49.418155,49.418155,49.418155,49.418155,49.418155,49.418155,49.418155,49.418155,49.418155,49.418155,49.418155,49.418155,49.418155,49.418155,49.418155,49.418155,49.418155,49.418155,49.418155,49.418155,49.418155,49.418155,49.418155,49.418155,49.418155,49.418155,49.418155,49.418155,49.418155,49.418155,49.418155,49.418155,49.418155,49.418155,49.418155,49.418155,49.418155,49.418155,49.418155,49.418155,49.418155,49.418155,49.418155,49.418155,49.418155,49.418155,49.418155,49.418155,49.418155,49.418155,49.418155,49.418155,49.418155,49.418155,49.418155,49.418155,49.418155,49.418155,49.418155,49.418155,49.418155,49.418155,49.418155,49.418155,49.418155,49.418155,49.418155,49.418155,49.418155,49.418155,49.418155,49.418155,49.418155,49.418155,49.418155,49.418155,49.418155,49.418155,49.418155,49.418155,49.418155,49.418155,49.418155,49.418155,49.418155,49.418155,49.418155,49.418155,49.418155,49.418155,49.418155,49.418155,49.418155,49.418155,49.418155,49.418155,49.418155,49.418155,49.418155,49.418155,49.418155,49.418155,49.418155,49.418155,49.418155,49.418155,49.418155,49.418155,49.418155,49.418155,49.418155,49.418155,49.418155,49.418155,49.418155,49.418155,49.418155,49.418155,49.418155,49.418155,49.418155,49.418155,49.418155,49.418155,49.418155,49.418155,49.418155,49.418054,49.414658,49.398099,49.361055,49.298646,49.203291,49.066622,48.875573,48.616420,48.272120,47.820654,47.242158,46.512498,45.609656,44.508966,43.192269,41.643308,39.859804,37.836704,35.591821,33.149430,30.543589,27.824721,25.055888,22.303703,19.643736,17.149471,14.895461,12.938544,11.335333,10.112043,9.291257,8.860162,8.802733,9.071987,9.613827,10.367112,11.262980,12.231770,13.213147,14.153503,15.011896,15.760593,16.386027,16.887522,17.276283,17.571945,17.800860,17.992714,18.178247
1.767839,49.418155,49.418155,49.418155,49.418155,49.418155,49.418155,49.418155,49.418155,49.418155,49.418155,49.418155,49.418155,49.418155,49.418155,49.418155,49.418155,49.418155,49.418155,49.418155,49.418155,49.418155,49.418155,49.418155,49.418155,49.418155,49.418155,49.418155,49.418155,49.418155,49.418155,49.418155,49.418155,49.418155,49.418155,49.418155,49.418155,49.418155,49.418155,49.418155,49.418155,49.418155,49.418155,49.418155,49.418155,49.418155,49.418155,49.418155,49.418155,49.418155,49.418155,49.418155,49.418155,49.418155,49.418155,49.418155,49.418155,49.418155,49.418155,49.418155,49.418155,49.418155,49.418155,49.418155,49.418155,49.418155,49.418155,49.418155,49.418155,49.418155,49.418155,49.418155,49.418155,49.418155,49.418155,49.418155,49.418155,49.418155,49.418155,49.418155,49.418155,49.418155,49.418155,49.418155,49.418155,49.418155,49.418155,49.418155,49.418155,49.418155,49.418155,49.418155,49.418155,49.418155,49.418155,49.418155,49.418155,49.418155,49.418155,49.418155,49.418155,49.418155,49.418155,49.418155,49.418155,49.418155,49.418155,49.418155,49.418155,49.418155,49.418155,49.418155,49.418155,49.418155,49.418155,49.418155,49.418155,49.418155,49.418155,49.418155,49.418155,49.418155,49.418155,49.418155,49.418155,49.418155,49.418155,49.418155,49.418155,49.418155,49.418155,49.418155,49.418155,49.418155,49.418155,49.418155,49.418155,49.418155,49.418155,49.418155,49.418155,49.418155,49.418155,49.418155,49.418155,49.418155,49.418155,49.418155,49.418155,49.418155,49.418155,49.418107,49.415118,49.399735,49.363933,49.302871,49.210444,49.076161,48.889605,48.635291,48.295626,47.852871,47.283169,46.562859,45.670612,44.584629,43.280973,41.751168,39.980492,37.977346,35.746424,33.318617,30.723740,28.016550,25.252445,22.502984,19.840409,17.339779,15.073290,13.103426,11.482203,10.240884,9.394626,8.945615,8.863457,9.114619,9.639093,10.378531,11.261750,12.221922,13.197635,14.134788,14.992018,15.741127,16.368120,16.871995,17.263052,17.561130,17.792177,17.986125,18.173381
1.778392,49.418155,49.418155,49.418155,49.418155,49.418155,49.418155,49.418155,49.418155,49.418155,49.418155,49.418155,49.418155,49.418155,49.418155,49.418155,49.418155,49.418155,49.418155,49.418155,49.418155,49.418155,49.418155,49.418155,49.418155,49.418155,49.418155,49.418155,49.418155,49.418155,49.418155,49.418155,49.418155,49.418155,49.418155,49.418155,49.418155,49.418155,49.418155,49.418155,49.418155,49.418155,49.418155,49.418155,49.418155,49.418155,49.418155,49.418155,49.418155,49.418155,49.418155,49.418155,49.418155,49.418155,49.418155,49.418155,49.418155,49.418155,49.418155,49.418155,49.418155,49.418155,49.418155,49.418155,49.418155,49.418155,49.418155,49.418155,49.418155,49.418155,49.418155,49.418155,49.418155,49.418155,49.418155,49.418155,49.418155,49.418155,49.418155,49.418155,49.418155,49.418155,49.418155,49.418155,49.418155,49.418155,49.418155,49.418155,49.418155,49.418155,49.418155,49.418155,49.418155,49.418155,49.418155,49.418155,49.418155,49.418155,49.418155,49.418155,49.418155,49.418155,49.418155,49.418155,49.418155,49.418155,49.418155,49.418155,49.418155,49.418155,49.418155,49.418155,49.418155,49.418155,49.418155,49.418155,49.418155,49.418155,49.418155,49.418155,49.418155,49.418155,49.418155,49.418155,49.418155,49.418155,49.418155,49.418155,49.418155,49.418155,49.418155,49.418155,49.418155,49.418155,49.418155,49.418155,49.418155,49.418155,49.418155,49.418155,49.418155,49.418155,49.418155,49.418155,49.418155,49.418155,49.418155,49.418155,49.418155,49.418155,49.418155,49.418132,49.415602,49.401139,49.366466,49.307413,49.216936,49.086035,48.903238,48.653700,48.319992,47.884460,47.322578,46.614902,45.733851,44.661972,43.375431,41.858920,40.107512,38.120419,35.910641,33.495761,30.917007,28.222093,25.466596,22.722350,20.060106,17.555786,15.281850,13.300009,11.660305,10.400579,9.536399,9.066663,8.965707,9.194456,9.704104,10.426428,11.298440,12.249325,13.218757,14.151525,15.006573,15.755572,16.383607,16.889143,17.282273,17.582373,17.815625,18.011367,18.200464
1.788945,49.418155,49.418155,49.418155,49.418155,49.418155,49.418155,49.418155,49.418155,49.418155,49.418155,49.418155,49.418155,49.418155,49.418155,49.418155,49.418155,49.418155,49.418155,49.418155,49.418155,49.418155,49.418155,49.418155,49.418155,49.418155,49.418155,49.418155,49.418155,49.418155,49.418155,49.418155,49.418155,49.418155,49.418155,49.418155,49.418155,49.418155,49.418155,49.418155,49.418155,49.418155,49.418155,49.418155,49.418155,49.418155,49.418155,49.418155,49.418155,49.418155,49.418155,49.418155,49.418155,49.418155,49.418155,49.418155,49.418155,49.418155,49.418155,49.418155,49.418155,49.418155,49.418155,49.418155,49.418155,49.418155,49.418155,49.418155,49.418155,49.418155,49.418155,49.418155,49.418155,49.418155,49.418155,49.418155,49.418155,49.418155,49.418155,49.418155,49.418155,49.418155,49.418155,49.418155,49.418155,49.418155,49.418155,49.418155,49.418155,49.418155,49.418155,49.418155,49.418155,49.418155,49.418155,49.418155,49.418155,49.418155,49.418155,49.418155,49.418155,49.418155,49.418155,49.418155,49.418155,49.418155,49.418155,49.418155,49.418155,49.418155,49.418155,49.418155,49.418155,49.418155,49.418155,49.418155,49.418155,49.418155,49.418155,49.418155,49.418155,49.418155,49.418155,49.418155,49.418155,49.418155,49.418155,49.418155,49.418155,49.418155,49.418155,49.418155,49.418155,49.418155,49.418155,49.418155,49.418155,49.418155,49.418155,49.418155,49.418155,49.418155,49.418155,49.418155,49.418155,49.418155,49.418155,49.418155,49.418155,49.418155,49.418155,49.418142,49.416102,49.402391,49.369181,49.311540,49.223809,49.096091,48.916520,48.671662,48.345102,47.915505,47.364336,46.665333,45.799463,44.739296,43.470614,41.971778,40.239119,38.271339,36.080874,33.684299,31.124165,28.440824,25.699189,22.961267,20.303529,17.798436,15.517944,13.526084,11.875636,10.598582,9.716305,9.227078,9.104946,9.316537,9.808905,10.515857,11.375025,12.315645,13.277732,14.205589,15.058223,15.806152,16.434422,16.941156,17.336151,17.638433,17.873538,18.071272,18.262283
1.799497,49.418155,49.418155,49.418155,49.418155,49.418155,49.418155,49.418155,49.418155,49.418155,49.418155,49.418155,49.418155,49.418155,49.418155,49.418155,49.418155,49.418155,49.418155,49.418155,49.418155,49.418155,49.418155,49.418155,49.418155,49.418155,49.418155,49.418155,49.418155,49.418155,49.418155,49.418155,49.418155,49.418155,49.418155,49.418155,49.418155,49.418155,49.418155,49.418155,49.418155,49.418155,49.418155,49.418155,49.418155,49.418155,49.418155,49.418155,49.418155,49.418155,49.418155,49.418155,49.418155,49.418155,49.418155,49.418155,49.418155,49.418155,49.418155,49.418155,49.418155,49.418155,49.418155,49.418155,49.418155,49.418155,49.418155,49.418155,49.418155,49.418155,49.418155,49.418155,49.418155,49.418155,49.418155,49.418155,49.418155,49.418155,49.418155,49.418155,49.418155,49.418155,49.418155,49.418155,49.418155,49.418155,49.418155,49.418155,49.418155,49.418155,49.418155,49.418155,49.418155,49.418155,49.418155,49.418155,49.418155,49.418155,49.418155,49.418155,49.418155,49.418155,49.418155,49.418155,49.418155,49.418155,49.418155,49.418155,49.418155,49.418155,49.418155,49.418155,49.418155,49.418155,49.418155,49.418155,49.418155,49.418155,49.418155,49.418155,49.418155,49.418155,49.418155,49.418155,49.418155,49.418155,49.418155,49.418155,49.418155,49.418155,49.418155,49.418155,49.418155,49.418155,49.418155,49.418155,49.418155,49.418155,49.418155,49.418155,49.418155,49.418155,49.418155,49.418155,49.418155,49.418155,49.418155,49.418155,49.418155,49.418155,49.418155,49.418149,49.416435,49.403826,49.371609,49.316037,49.230099,49.105670,48.930102,48.690177,48.369537,47.947507,47.404628,46.718787,45.863497,44.819678,43.567902,42.089553,40.375089,38.428058,36.258636,33.884393,31.341633,28.675250,25.946703,23.221770,20.569423,18.067081,15.784285,13.786215,12.123049,10.834587,9.936105,9.425932,9.288355,9.479988,9.955113,10.646809,11.492748,12.422563,13.376477,14.298664,15.147754,15.894196,16.522230,17.029913,17.426315,17.730436,17.967670,18.167410,18.360456
1.810050,49.418155,49.418155,49.418155,49.418155,49.418155,49.418155,49.418155,49.418155,49.418155,49.418155,49.418155,49.418155,49.418155,49.418155,49.418155,49.418155,49.418155,49.418155,49.418155,49.418155,49.418155,49.418155,49.418155,49.418155,49.418155,49.418155,49.418155,49.418155,49.418155,49.418155,49.418155,49.418155,49.418155,49.418155,49.418155,49.418155,49.418155,49.418155,49.418155,49.418155,49.418155,49.418155,49.418155,49.418155,49.418155,49.418155,49.418155,49.418155,49.418155,49.418155,49.418155,49.418155,49.418155,49.418155,49.418155,49.418155,49.418155,49.418155,49.418155,49.418155,49.418155,49.418155,49.418155,49.418155,49.418155,49.418155,49.418155,49.418155,49.418155,49.418155,49.418155,49.418155,49.418155,49.418155,49.418155,49.418155,49.418155,49.418155,49.418155,49.418155,49.418155,49.418155,49.418155,49.418155,49.418155,49.418155,49.418155,49.418155,49.418155,49.418155,49.418155,49.418155,49.418155,49.418155,49.418155,49.418155,49.418155,49.418155,49.418155,49.418155,49.418155,49.418155,49.418155,49.418155,49.418155,49.418155,49.418155,49.418155,49.418155,49.418155,49.418155,49.418155,49.418155,49.418155,49.418155,49.418155,49.418155,49.418155,49.418155,49.418155,49.418155,49.418155,49.418155,49.418155,49.418155,49.418155,49.418155,49.418155,49.418155,49.418155,49.418155,49.418155,49.418155,49.418155,49.418155,49.418155,49.418155,49.418155,49.418155,49.418155,49.418155,49.418155,49.418155,49.418155,49.418155,49.418155,49.418155,49.418155,49.418155,49.418155,49.418152,49.416819,49.405002,49.374093,49.320287,49.236615,49.115071,48.943826,48.708541,48.394027,47.979587,47.447113,46.770653,45.931116,44.901517,43.667199,42.206526,40.516835,38.590021,36.443257,34.089465,31.570303,28.923445,26.211826,23.499470,20.858738,18.361107,16.078886,14.076206,12.406318,11.104048,10.192166,9.666997,9.509065,9.685830,10.141447,10.819864,11.650476,12.570443,13.514650,14.431229,15.276141,16.020090,16.647563,17.155556,17.553281,17.859117,18.098341,18.300208,18.495420
1.820603,49.418155,49.418155,49.418155,49.418155,49.418155,49.418155,49.418155,49.418155,49.418155,49.418155,49.418155,49.418155,49.418155,49.418155,49.418155,49.418155,49.418155,49.418155,49.418155,49.418155,49.418155,49.418155,49.418155,49.418155,49.418155,49.418155,49.418155,49.418155,49.418155,49.418155,49.418155,49.418155,49.418155,49.418155,49.418155,49.418155,49.418155,49.418155,49.418155,49.418155,49.418155,49.418155,49.418155,49.418155,49.418155,49.418155,49.418155,49.418155,49.418155,49.418155,49.418155,49.418155,49.418155,49.418155,49.418155,49.418155,49.418155,49.418155,49.418155,49.418155,49.418155,49.418155,49.418155,49.418155,49.418155,49.418155,49.418155,49.418155,49.418155,49.418155,49.418155,49.418155,49.418155,49.418155,49.418155,49.418155,49.418155,49.418155,49.418155,49.418155,49.418155,49.418155,49.418155,49.418155,49.418155,49.418155,49.418155,49.418155,49.418155,49.418155,49.418155,49.418155,49.418155,49.418155,49.418155,49.418155,49.418155,49.418155,49.418155,49.418155,49.418155,49.418155,49.418155,49.418155,49.418155,49.418155,49.418155,49.418155,49.418155,49.418155,49.418155,49.418155,49.418155,49.418155,49.418155,49.418155,49.418155,49.418155,49.418155,49.418155,49.418155,49.418155,49.418155,49.418155,49.418155,49.418155,49.418155,49.418155,49.418155,49.418155,49.418155,49.418155,49.418155,49.418155,49.418155,49.418155,49.418155,49.418155,49.418155,49.418155,49.418155,49.418155,49.418155,49.418155,49.418155,49.418155,49.418155,49.418155,49.418155,49.418155,49.418154,49.417136,49.406248,49.376688,49.324272,49.243073,49.124375,48.956584,48.726972,48.417834,48.012529,47.487966,46.824025,45.996963,44.985934,43.766672,42.327690,40.658041,38.758480,36.631857,34.306401,31.806875,29.185814,26.491953,23.797293,21.168077,18.678129,16.400137,14.396434,12.720100,11.410024,10.483358,9.943044,9.771322,9.928733,10.369216,11.032072,11.849657,12.756499,13.692614,14.601744,15.442307,16.183571,16.809736,17.317877,17.716631,18.024035,18.265209,18.469150,18.666430
1.831156,49.418155,49.418155,49.418155,49.418155,49.418155,49.418155,49.418155,49.418155,49.418155,49.418155,49.418155,49.418155,49.418155,49.418155,49.418155,49.418155,49.418155,49.418155,49.418155,49.418155,49.418155,49.418155,49.418155,49.418155,49.418155,49.418155,49.418155,49.418155,49.418155,49.418155,49.418155,49.418155,49.418155,49.418155,49.418155,49.418155,49.418155,49.418155,49.418155,49.418155,49.418155,49.418155,49.418155,49.418155,49.418155,49.418155,49.418155,49.418155,49.418155,49.418155,49.418155,49.418155,49.418155,49.418155,49.418155,49.418155,49.418155,49.418155,49.418155,49.418155,49.418155,49.418155,49.418155,49.418155,49.418155,49.418155,49.418155,49.418155,49.418155,49.418155,49.418155,49.418155,49.418155,49.418155,49.418155,49.418155,49.418155,49.418155,49.418155,49.418155,49.418155,49.418155,49.418155,49.418155,49.418155,49.418155,49.418155,49.418155,49.418155,49.418155,49.418155,49.418155,49.418155,49.418155,49.418155,49.418155,49.418155,49.418155,49.418155,49.418155,49.418155,49.418155,49.418155,49.418155,49.418155,49.418155,49.418155,49.418155,49.418155,49.418155,49.418155,49.418155,49.418155,49.418155,49.418155,49.418155,49.418155,49.418155,49.418155,49.418155,49.418155,49.418155,49.418155,49.418155,49.418155,49.418155,49.418155,49.418155,49.418155,49.418155,49.418155,49.418155,49.418155,49.418155,49.418155,49.418155,49.418155,49.418155,49.418155,49.418155,49.418155,49.418155,49.418155,49.418155,49.418155,49.418155,49.418155,49.418155,49.418155,49.418155,49.418154,49.417363,49.407485,49.379175,49.328310,49.249362,49.133340,48.969707,48.744246,48.442419,48.043954,47.530616,46.877516,46.064384,45.068231,43.870407,42.450694,40.803860,38.928569,36.827392,34.527809,32.053727,29.456988,26.786855,24.108038,21.495537,19.016404,16.744899,14.742582,13.063695,11.746001,10.808714,10.254976,10.067960,10.209446,10.634975,11.280580,12.084798,12.981418,13.907297,14.809027,15.644451,16.382488,17.007386,17.515340,17.914846,18.223689,18.466712,18.672669,18.871888
1.841709,49.418155,49.418155,49.418155,49.418155,49.418155,49.418155,49.418155,49.418155,49.418155,49.418155,49.418155,49.418155,49.418155,49.418155,49.418155,49.418155,49.418155,49.418155,49.418155,49.418155,49.418155,49.418155,49.418155,49.418155,49.418155,49.418155,49.418155,49.418155,49.418155,49.418155,49.418155,49.418155,49.418155,49.418155,49.418155,49.418155,49.418155,49.418155,49.418155,49.418155,49.418155,49.418155,49.418155,49.418155,49.418155,49.418155,49.418155,49.418155,49.418155,49.418155,49.418155,49.418155,49.418155,49.418155,49.418155,49.418155,49.418155,49.418155,49.418155,49.418155,49.418155,49.418155,49.418155,49.418155,49.418155,49.418155,49.418155,49.418155,49.418155,49.418155,49.418155,49.418155,49.418155,49.418155,49.418155,49.418155,49.418155,49.418155,49.418155,49.418155,49.418155,49.418155,49.418155,49.418155,49.418155,49.418155,49.418155,49.418155,49.418155,49.418155,49.418155,49.418155,49.418155,49.418155,49.418155,49.418155,49.418155,49.418155,49.418155,49.418155,49.418155,49.418155,49.418155,49.418155,49.418155,49.418155,49.418155,49.418155,49.418155,49.418155,49.418155,49.418155,49.418155,49.418155,49.418155,49.418155,49.418155,49.418155,49.418155,49.418155,49.418155,49.418155,49.418155,49.418155,49.418155,49.418155,49.418155,49.418155,49.418155,49.418155,49.418155,49.418155,49.418155,49.418155,49.418155,49.418155,49.418155,49.418155,49.418155,49.418155,49.418155,49.418155,49.418155,49.418155,49.418155,49.418155,49.418155,49.418155,49.418155,49.418155,49.418155,49.417588,49.408579,49.381509,49.332389,49.255480,49.142530,48.981987,48.761574,48.466062,48.075641,47.571392,46.931847,46.132840,45.151931,43.971538,42.576332,40.953191,39.101286,37.026622,34.752099,32.309049,29.736432,27.088470,24.434145,21.836614,19.372938,17.108884,15.111423,13.431723,12.108608,11.163739,10.598528,10.395588,10.523117,10.933194,11.563915,12.355369,13.238847,14.155328,15.050385,15.879954,16.614876,17.237724,17.745288,18.145324,18.455468,18.700063,18.907902,19.109241
1.852261,49.418155,49.418155,49.418155,49.418155,49.418155,49.418155,49.418155,49.418155,49.418155,49.418155,49.418155,49.418155,49.418155,49.418155,49.418155,49.418155,49.418155,49.418155,49.418155,49.418155,49.418155,49.418155,49.418155,49.418155,49.418155,49.418155,49.418155,49.418155,49.418155,49.418155,49.418155,49.418155,49.418155,49.418155,49.418155,49.418155,49.418155,49.418155,49.418155,49.418155,49.418155,49.418155,49.418155,49.418155,49.418155,49.418155,49.418155,49.418155,49.418155,49.418155,49.418155,49.418155,49.418155,49.418155,49.418155,49.418155,49.418155,49.418155,49.418155,49.418155,49.418155,49.418155,49.418155,49.418155,49.418155,49.418155,49.418155,49.418155,49.418155,49.418155,49.418155,49.418155,49.418155,49.418155,49.418155,49.418155,49.418155,49.418155,49.418155,49.418155,49.418155,49.418155,49.418155,49.418155,49.418155,49.418155,49.418155,49.418155,49.418155,49.418155,49.418155,49.418155,49.418155,49.418155,49.418155,49.418155,49.418155,49.418155,49.418155,49.418155,49.418155,49.418155,49.418155,49.418155,49.418155,49.418155,49.418155,49.418155,49.418155,49.418155,49.418155,49.418155,49.418155,49.418155,49.418155,49.418155,49.418155,49.418155,49.418155,49.418155,49.418155,49.418155,49.418155,49.418155,49.418155,49.418155,49.418155,49.418155,49.418155,49.418155,49.418155,49.418155,49.418155,49.418155,49.418155,49.418155,49.418155,49.418155,49.418155,49.418155,49.418155,49.418155,49.418155,49.418155,49.418155,49.418155,49.418155,49.418155,49.418155,49.418155,49.418155,49.417724,49.409555,49.383995,49.336152,49.261470,49.150939,48.994520,48.778977,48.488772,48.107281,47.612272,46.984630,46.198624,45.236469,44.075304,42.698712,41.099377,39.273320,37.229863,34.983509,32.566507,30.019382,27.400824,24.766340,22.191356,19.740897,17.489663,15.498133,13.819893,12.494231,11.541747,10.966917,10.751651,10.865034,11.260227,11.877561,12.653931,13.527333,14.433557,15.320939,16.144925,16.876327,17.497372,18.004243,18.404518,18.715527,18.961646,19.171316,19.374606
1.862814,49.418155,49.418155,49.418155,49.418155,49.418155,49.418155,49.418155,49.418155,49.418155,49.418155,49.418155,49.418155,49.418155,49.418155,49.418155,49.418155,49.418155,49.418155,49.418155,49.418155,49.418155,49.418155,49.418155,49.418155,49.418155,49.418155,49.418155,49.418155,49.418155,49.418155,49.418155,49.418155,49.418155,49.418155,49.418155,49.418155,49.418155,49.418155,49.418155,49.418155,49.418155,49.418155,49.418155,49.418155,49.418155,49.418155,49.418155,49.418155,49.418155,49.418155,49.418155,49.418155,49.418155,49.418155,49.418155,49.418155,49.418155,49.418155,49.418155,49.418155,49.418155,49.418155,49.418155,49.418155,49.418155,49.418155,49.418155,49.418155,49.418155,49.418155,49.418155,49.418155,49.418155,49.418155,49.418155,49.418155,49.418155,49.418155,49.418155,49.418155,49.418155,49.418155,49.418155,49.418155,49.418155,49.418155,49.418155,49.418155,49.418155,49.418155,49.418155,49.418155,49.418155,49.418155,49.418155,49.418155,49.418155,49.418155,49.418155,49.418155,49.418155,49.418155,49.418155,49.418155,49.418155,49.418155,49.418155,49.418155,49.418155,49.418155,49.418155,49.418155,49.418155,49.418155,49.418155,49.418155,49.418155,49.418155,49.418155,49.418155,49.418155,49.418155,49.418155,49.418155,49.418155,49.418155,49.418155,49.418155,49.418155,49.418155,49.418155,49.418155,49.418155,49.418155,49.418155,49.418155,49.418155,49.418155,49.418155,49.418155,49.418155,49.418155,49.418155,49.418155,49.418155,49.418155,49.418155,49.418155,49.418155,49.418155,49.418155,49.417811,49.410520,49.386263,49.339906,49.267076,49.159362,49.006364,48.795263,48.511880,48.137041,47.652805,47.035353,46.264399,45.317609,44.175391,42.823271,41.248174,39.446711,37.429035,35.213372,32.823695,30.308955,27.713771,25.107352,22.550669,20.120120,17.880078,15.897297,14.223277,12.896222,11.939301,11.355034,11.129935,11.230505,11.610048,12.213766,12.978988,13.839455,14.736795,15.615557,16.434551,17.161974,17.781123,18.287363,18.687938,18.999951,19.247380,19.458762,19.664109
1.873367,49.418155,49.418155,49.418155,49.418155,49.418155,49.418155,49.418155,49.418155,49.418155,49.418155,49.418155,49.418155,49.418155,49.418155,49.418155,49.418155,49.418155,49.418155,49.418155,49.418155,49.418155,49.418155,49.418155,49.418155,49.418155,49.418155,49.418155,49.418155,49.418155,49.418155,49.418155,49.418155,49.418155,49.418155,49.418155,49.418155,49.418155,49.418155,49.418155,49.418155,49.418155,49.418155,49.418155,49.418155,49.418155,49.418155,49.418155,49.418155,49.418155,49.418155,49.418155,49.418155,49.418155,49.418155,49.418155,49.418155,49.418155,49.418155,49.418155,49.418155,49.418155,49.418155,49.418155,49.418155,49.418155,49.418155,49.418155,49.418155,49.418155,49.418155,49.418155,49.418155,49.418155,49.418155,49.418155,49.418155,49.418155,49.418155,49.418155,49.418155,49.418155,49.418155,49.418155,49.418155,49.418155,49.418155,49.418155,49.418155,49.418155,49.418155,49.418155,49.418155,49.418155,49.418155,49.418155,49.418155,49.418155,49.418155,49.418155,49.418155,49.418155,49.418155,49.418155,49.418155,49.418155,49.418155,49.418155,49.418155,49.418155,49.418155,49.418155,49.418155,49.418155,49.418155,49.418155,49.418155,49.418155,49.418155,49.418155,49.418155,49.418155,49.418155,49.418155,49.418155,49.418155,49.418155,49.418155,49.418155,49.418155,49.418155,49.418155,49.418155,49.418155,49.418155,49.418155,49.418155,49.418155,49.418155,49.418155,49.418155,49.418155,49.418155,49.418155,49.418155,49.418155,49.418155,49.418155,49.418155,49.418155,49.418155,49.418155,49.417859,49.411448,49.388374,49.343525,49.272415,49.167030,49.017531,48.811623,48.533502,48.166940,47.690829,47.086199,46.328392,45.398168,44.275043,42.944350,41.391670,39.617914,37.629868,35.441468,33.081519,30.594251,28.030627,25.448167,22.914282,20.502774,18.277400,16.305074,14.635600,13.309651,12.349010,11.758514,11.522258,11.611503,11.978302,12.569728,13.320872,14.171461,15.058347,15.930465,16.743215,17.467024,18.083865,18.589422,18.990578,19.303796,19.552728,19.765825,19.973009
1.883920,49.418155,49.418155,49.418155,49.418155,49.418155,49.418155,49.418155,49.418155,49.418155,49.418155,49.418155,49.418155,49.418155,49.418155,49.418155,49.418155,49.418155,49.418155,49.418155,49.418155,49.418155,49.418155,49.418155,49.418155,49.418155,49.418155,49.418155,49.418155,49.418155,49.418155,49.418155,49.418155,49.418155,49.418155,49.418155,49.418155,49.418155,49.418155,49.418155,49.418155,49.418155,49.418155,49.418155,49.418155,49.418155,49.418155,49.418155,49.418155,49.418155,49.418155,49.418155,49.418155,49.418155,49.418155,49.418155,49.418155,49.418155,49.418155,49.418155,49.418155,49.418155,49.418155,49.418155,49.418155,49.418155,49.418155,49.418155,49.418155,49.418155,49.418155,49.418155,49.418155,49.418155,49.418155,49.418155,49.418155,49.418155,49.418155,49.418155,49.418155,49.418155,49.418155,49.418155,49.418155,49.418155,49.418155,49.418155,49.418155,49.418155,49.418155,49.418155,49.418155,49.418155,49.418155,49.418155,49.418155,49.418155,49.418155,49.418155,49.418155,49.418155,49.418155,49.418155,49.418155,49.418155,49.418155,49.418155,49.418155,49.418155,49.418155,49.418155,49.418155,49.418155,49.418155,49.418155,49.418155,49.418155,49.418155,49.418155,49.418155,49.418155,49.418155,49.418155,49.418155,49.418155,49.418155,49.418155,49.418155,49.418155,49.418155,49.418155,49.418155,49.418155,49.418155,49.418155,49.418155,49.418155,49.418155,49.418155,49.418155,49.418155,49.418155,49.418155,49.418155,49.418155,49.418155,49.418155,49.418155,49.418155,49.418155,49.418155,49.417896,49.412207,49.390261,49.347005,49.277402,49.174635,49.028380,48.827028,48.554626,48.194829,47.728662,47.133884,46.391099,45.477079,44.371783,43.062140,41.533227,39.785428,37.825043,35.664160,33.337295,30.877758,28.342418,25.786228,23.276073,20.884612,18.675210,16.713667,15.051834,13.727971,12.765627,12.168846,11.924708,12.001948,12.357606,12.936771,13.677008,14.515453,15.394096,16.258176,17.065964,17.786247,18.400965,18.905703,19.307106,19.621493,19.872379,20.087330,20.296296
1.894472,49.418155,49.418155,49.418155,49.418155,49.418155,49.418155,49.418155,49.418155,49.418155,49.418155,49.418155,49.418155,49.418155,49.418155,49.418155,49.418155,49.418155,49.418155,49.418155,49.418155,49.418155,49.418155,49.418155,49.418155,49.418155,49.418155,49.418155,49.418155,49.418155,49.418155,49.418155,49.418155,49.418155,49.418155,49.418155,49.418155,49.418155,49.418155,49.418155,49.418155,49.418155,49.418155,49.418155,49.418155,49.418155,49.418155,49.418155,49.418155,49.418155,49.418155,49.418155,49.418155,49.418155,49.418155,49.418155,49.418155,49.418155,49.418155,49.418155,49.418155,49.418155,49.418155,49.418155,49.418155,49.418155,49.418155,49.418155,49.418155,49.418155,49.418155,49.418155,49.418155,49.418155,49.418155,49.418155,49.418155,49.418155,49.418155,49.418155,49.418155,49.418155,49.418155,49.418155,49.418155,49.418155,49.418155,49.418155,49.418155,49.418155,49.418155,49.418155,49.418155,49.418155,49.418155,49.418155,49.418155,49.418155,49.418155,49.418155,49.418155,49.418155,49.418155,49.418155,49.418155,49.418155,49.418155,49.418155,49.418155,49.418155,49.418155,49.418155,49.418155,49.418155,49.418155,49.418155,49.418155,49.418155,49.418155,49.418155,49.418155,49.418155,49.418155,49.418155,49.418155,49.418155,49.418155,49.418155,49.418155,49.418155,49.418155,49.418155,49.418155,49.418155,49.418155,49.418155,49.418155,49.418155,49.418155,49.418155,49.418155,49.418155,49.418155,49.418155,49.418155,49.418155,49.418155,49.418155,49.418155,49.418155,49.418155,49.418155,49.417917,49.412770,49.392035,49.350031,49.282249,49.181725,49.038697,48.841329,48.574966,48.221804,47.764362,47.180372,46.450521,45.551116,44.465522,43.174426,41.671109,39.949000,38.013204,35.884067,33.584931,31.154687,28.647606,26.116872,23.633346,21.260228,19.069481,17.119600,15.465696,14.145307,13.182269,12.581324,12.328983,12.397580,12.742345,13.308928,14.038255,14.867958,15.737071,16.594844,17.397223,18.113651,18.726683,19.230857,19.632614,19.948077,20.200460,20.417496,20.628582
1.905025,49.418155,49.418155,49.418155,49.418155,49.418155,49.418155,49.418155,49.418155,49.418155,49.418155,49.418155,49.418155,49.418155,49.418155,49.418155,49.418155,49.418155,49.418155,49.418155,49.418155,49.418155,49.418155,49.418155,49.418155,49.418155,49.418155,49.418155,49.418155,49.418155,49.418155,49.418155,49.418155,49.418155,49.418155,49.418155,49.418155,49.418155,49.418155,49.418155,49.418155,49.418155,49.418155,49.418155,49.418155,49.418155,49.418155,49.418155,49.418155,49.418155,49.418155,49.418155,49.418155,49.418155,49.418155,49.418155,49.418155,49.418155,49.418155,49.418155,49.418155,49.418155,49.418155,49.418155,49.418155,49.418155,49.418155,49.418155,49.418155,49.418155,49.418155,49.418155,49.418155,49.418155,49.418155,49.418155,49.418155,49.418155,49.418155,49.418155,49.418155,49.418155,49.418155,49.418155,49.418155,49.418155,49.418155,49.418155,49.418155,49.418155,49.418155,49.418155,49.418155,49.418155,49.418155,49.418155,49.418155,49.418155,49.418155,49.418155,49.418155,49.418155,49.418155,49.418155,49.418155,49.418155,49.418155,49.418155,49.418155,49.418155,49.418155,49.418155,49.418155,49.418155,49.418155,49.418155,49.418155,49.418155,49.418155,49.418155,49.418155,49.418155,49.418155,49.418155,49.418155,49.418155,49.418155,49.418155,49.418155,49.418155,49.418155,49.418155,49.418155,49.418155,49.418155,49.418155,49.418155,49.418155,49.418155,49.418155,49.418155,49.418155,49.418155,49.418155,49.418155,49.418155,49.418155,49.418155,49.418155,49.418155,49.418155,49.418155,49.417930,49.413288,49.393500,49.352908,49.286716,49.188317,49.048590,48.855012,48.593505,48.247356,47.798200,47.224696,46.506521,45.623104,44.553205,43.283676,41.800607,40.103234,38.196746,36.093017,33.823844,31.422436,28.941987,26.440338,23.978579,21.628447,19.453910,17.517264,15.871812,14.556057,13.593342,12.988844,12.730742,12.790170,13.125604,13.682116,14.401726,15.221087,16.083083,16.933570,17.731206,18.444617,19.055748,19.559425,19.961730,20.278441,20.532334,20.751163,20.964395
1.915578,49.418155,49.418155,49.418155,49.418155,49.418155,49.418155,49.418155,49.418155,49.418155,49.418155,49.418155,49.418155,49.418155,49.418155,49.418155,49.418155,49.418155,49.418155,49.418155,49.418155,49.418155,49.418155,49.418155,49.418155,49.418155,49.418155,49.418155,49.418155,49.418155,49.418155,49.418155,49.418155,49.418155,49.418155,49.418155,49.418155,49.418155,49.418155,49.418155,49.418155,49.418155,49.418155,49.418155,49.418155,49.418155,49.418155,49.418155,49.418155,49.418155,49.418155,49.418155,49.418155,49.418155,49.418155,49.418155,49.418155,49.418155,49.418155,49.418155,49.418155,49.418155,49.418155,49.418155,49.418155,49.418155,49.418155,49.418155,49.418155,49.418155,49.418155,49.418155,49.418155,49.418155,49.418155,49.418155,49.418155,49.418155,49.418155,49.418155,49.418155,49.418155,49.418155,49.418155,49.418155,49.418155,49.418155,49.418155,49.418155,49.418155,49.418155,49.418155,49.418155,49.418155,49.418155,49.418155,49.418155,49.418155,49.418155,49.418155,49.418155,49.418155,49.418155,49.418155,49.418155,49.418155,49.418155,49.418155,49.418155,49.418155,49.418155,49.418155,49.418155,49.418155,49.418155,49.418155,49.418155,49.418155,49.418155,49.418155,49.418155,49.418155,49.418155,49.418155,49.418155,49.418155,49.418155,49.418155,49.418155,49.418155,49.418155,49.418155,49.418155,49.418155,49.418155,49.418155,49.418155,49.418155,49.418155,49.418155,49.418155,49.418155,49.418155,49.418155,49.418155,49.418155,49.418155,49.418155,49.418155,49.418155,49.418155,49.418155,49.417941,49.413575,49.394834,49.355417,49.290798,49.194748,49.057592,48.867870,48.611326,48.271528,47.829816,47.266726,46.559943,45.690472,44.636998,43.386306,41.924756,40.251911,38.368773,36.294445,34.050784,31.679857,29.226696,26.748780,24.311818,21.982624,19.824802,17.902737,16.266533,14.955819,13.993856,13.386938,13.123506,13.176153,13.502740,14.050232,14.760237,15.571920,16.425685,17.270777,18.063639,18.774020,19.383615,19.886985,20.289897,20.607759,20.863488,21.084247,21.299350
1.926131,49.418155,49.418155,49.418155,49.418155,49.418155,49.418155,49.418155,49.418155,49.418155,49.418155,49.418155,49.418155,49.418155,49.418155,49.418155,49.418155,49.418155,49.418155,49.418155,49.418155,49.418155,49.418155,49.418155,49.418155,49.418155,49.418155,49.418155,49.418155,49.418155,49.418155,49.418155,49.418155,49.418155,49.418155,49.418155,49.418155,49.418155,49.418155,49.418155,49.418155,49.418155,49.418155,49.418155,49.418155,49.418155,49.418155,49.418155,49.418155,49.418155,49.418155,49.418155,49.418155,49.418155,49.418155,49.418155,49.418155,49.418155,49.418155,49.418155,49.418155,49.418155,49.418155,49.418155,49.418155,49.418155,49.418155,49.418155,49.418155,49.418155,49.418155,49.418155,49.418155,49.418155,49.418155,49.418155,49.418155,49.418155,49.418155,49.418155,49.418155,49.418155,49.418155,49.418155,49.418155,49.418155,49.418155,49.418155,49.418155,49.418155,49.418155,49.418155,49.418155,49.418155,49.418155,49.418155,49.418155,49.418155,49.418155,49.418155,49.418155,49.418155,49.418155,49.418155,49.418155,49.418155,49.418155,49.418155,49.418155,49.418155,49.418155,49.418155,49.418155,49.418155,49.418155,49.418155,49.418155,49.418155,49.418155,49.418155,49.418155,49.418155,49.418155,49.418155,49.418155,49.418155,49.418155,49.418155,49.418155,49.418155,49.418155,49.418155,49.418155,49.418155,49.418155,49.418155,49.418155,49.418155,49.418155,49.418155,49.418155,49.418155,49.418155,49.418155,49.418155,49.418155,49.418155,49.418155,49.418155,49.418155,49.418155,49.418154,49.417949,49.413723,49.395792,49.357539,49.294592,49.200458,49.066089,48.879709,48.627620,48.293777,47.859479,47.305562,46.610263,45.753068,44.716369,43.482953,42.041739,40.390984,38.532303,36.483499,34.266598,31.922402,29.494755,27.043926,24.629978,22.319827,20.180752,18.271614,16.644681,15.339808,14.379584,13.771158,13.503799,13.549977,13.869076,14.408642,15.110589,15.914195,16.761949,17.601055,18.389989,19.097765,19.706210,20.209303,20.612840,20.932158,21.189562,21.412280,21.629462
1.936683,49.418155,49.418155,49.418155,49.418155,49.418155,49.418155,49.418155,49.418155,49.418155,49.418155,49.418155,49.418155,49.418155,49.418155,49.418155,49.418155,49.418155,49.418155,49.418155,49.418155,49.418155,49.418155,49.418155,49.418155,49.418155,49.418155,49.418155,49.418155,49.418155,49.418155,49.418155,49.418155,49.418155,49.418155,49.418155,49.418155,49.418155,49.418155,49.418155,49.418155,49.418155,49.418155,49.418155,49.418155,49.418155,49.418155,49.418155,49.418155,49.418155,49.418155,49.418155,49.418155,49.418155,49.418155,49.418155,49.418155,49.418155,49.418155,49.418155,49.418155,49.418155,49.418155,49.418155,49.418155,49.418155,49.418155,49.418155,49.418155,49.418155,49.418155,49.418155,49.418155,49.418155,49.418155,49.418155,49.418155,49.418155,49.418155,49.418155,49.418155,49.418155,49.418155,49.418155,49.418155,49.418155,49.418155,49.418155,49.418155,49.418155,49.418155,49.418155,49.418155,49.418155,49.418155,49.418155,49.418155,49.418155,49.418155,49.418155,49.418155,49.418155,49.418155,49.418155,49.418155,49.418155,49.418155,49.418155,49.418155,49.418155,49.418155,49.418155,49.418155,49.418155,49.418155,49.418155,49.418155,49.418155,49.418155,49.418155,49.418155,49.418155,49.418155,49.418155,49.418155,49.418155,49.418155,49.418155,49.418155,49.418155,49.418155,49.418155,49.418155,49.418155,49.418155,49.418155,49.418155,49.418155,49.418155,49.418155,49.418155,49.418155,49.418155,49.418155,49.418155,49.418155,49.418155,49.418155,49.418155,49.418155,49.418155,49.418154,49.417953,49.413779,49.396531,49.359400,49.297951,49.205758,49.073708,48.890620,48.642631,48.314153,47.887074,47.341103,46.656249,45.812268,44.789734,43.572668,42.151672,40.520584,38.686217,36.660065,34.469311,32.150435,29.748939,27.320401,24.928832,22.639856,20.517080,18.621586,17.004208,15.704942,14.747312,14.138215,13.867460,13.908563,14.221113,14.753568,15.448363,16.245471,17.087237,17.921931,18.707395,19.412988,20.020350,20.523439,20.927748,21.248299,21.507423,21.731990,21.950869
1.947236,49.418155,49.418155,49.418155,49.418155,49.418155,49.418155,49.418155,49.418155,49.418155,49.418155,49.418155,49.418155,49.418155,49.418155,49.418155,49.418155,49.418155,49.418155,49.418155,49.418155,49.418155,49.418155,49.418155,49.418155,49.418155,49.418155,49.418155,49.418155,49.418155,49.418155,49.418155,49.418155,49.418155,49.418155,49.418155,49.418155,49.418155,49.418155,49.418155,49.418155,49.418155,49.418155,49.418155,49.418155,49.418155,49.418155,49.418155,49.418155,49.418155,49.418155,49.418155,49.418155,49.418155,49.418155,49.418155,49.418155,49.418155,49.418155,49.418155,49.418155,49.418155,49.418155,49.418155,49.418155,49.418155,49.418155,49.418155,49.418155,49.418155,49.418155,49.418155,49.418155,49.418155,49.418155,49.418155,49.418155,49.418155,49.418155,49.418155,49.418155,49.418155,49.418155,49.418155,49.418155,49.418155,49.418155,49.418155,49.418155,49.418155,49.418155,49.418155,49.418155,49.418155,49.418155,49.418155,49.418155,49.418155,49.418155,49.418155,49.418155,49.418155,49.418155,49.418155,49.418155,49.418155,49.418155,49.418155,49.418155,49.418155,49.418155,49.418155,49.418155,49.418155,49.418155,49.418155,49.418155,49.418155,49.418155,49.418155,49.418155,49.418155,49.418155,49.418155,49.418155,49.418155,49.418155,49.418155,49.418155,49.418155,49.418155,49.418155,49.418155,49.418155,49.418155,49.418155,49.418155,49.418155,49.418155,49.418155,49.418155,49.418155,49.418155,49.418155,49.418155,49.418155,49.418155,49.418155,49.418155,49.418155,49.418155,49.418155,49.417957,49.413766,49.397030,49.360965,49.300929,49.210455,49.080723,48.900596,48.656757,48.333121,47.912025,47.374310,46.699219,45.866686,44.857748,43.656437,42.253146,40.641847,38.828716,36.826062,34.658507,32.363614,29.985297,27.580792,25.209782,22.939549,20.832732,18.950692,17.343008,16.049922,15.095094,14.486067,14.212889,14.249638,14.556315,15.082841,15.771401,16.562991,17.399679,18.230253,19.012836,19.716700,20.323304,20.826723,21.232030,21.553930,21.814619,22.040782,22.261531
1.957789,49.418155,49.418155,49.418155,49.418155,49.418155,49.418155,49.418155,49.418155,49.418155,49.418155,49.418155,49.418155,49.418155,49.418155,49.418155,49.418155,49.418155,49.418155,49.418155,49.418155,49.418155,49.418155,49.418155,49.418155,49.418155,49.418155,49.418155,49.418155,49.418155,49.418155,49.418155,49.418155,49.418155,49.418155,49.418155,49.418155,49.418155,49.418155,49.418155,49.418155,49.418155,49.418155,49.418155,49.418155,49.418155,49.418155,49.418155,49.418155,49.418155,49.418155,49.418155,49.418155,49.418155,49.418155,49.418155,49.418155,49.418155,49.418155,49.418155,49.418155,49.418155,49.418155,49.418155,49.418155,49.418155,49.418155,49.418155,49.418155,49.418155,49.418155,49.418155,49.418155,49.418155,49.418155,49.418155,49.418155,49.418155,49.418155,49.418155,49.418155,49.418155,49.418155,49.418155,49.418155,49.418155,49.418155,49.418155,49.418155,49.418155,49.418155,49.418155,49.418155,49.418155,49.418155,49.418155,49.418155,49.418155,49.418155,49.418155,49.418155,49.418155,49.418155,49.418155,49.418155,49.418155,49.418155,49.418155,49.418155,49.418155,49.418155,49.418155,49.418155,49.418155,49.418155,49.418155,49.418155,49.418155,49.418155,49.418155,49.418155,49.418155,49.418155,49.418155,49.418155,49.418155,49.418155,49.418155,49.418155,49.418155,49.418155,49.418155,49.418155,49.418155,49.418155,49.418155,49.418155,49.418155,49.418155,49.418155,49.418155,49.418155,49.418155,49.418155,49.418155,49.418155,49.418155,49.418155,49.418155,49.418155,49.418155,49.418155,49.417956,49.413758,49.397338,49.362190,49.303496,49.214603,49.086908,48.909785,48.669357,48.350275,47.935148,47.404488,46.738477,45.916359,44.920159,43.734160,42.346569,40.754058,38.960806,36.979010,34.834563,32.561286,30.206250,27.822231,25.472297,23.219648,21.128451,19.258627,17.660995,16.373960,15.422651,14.813975,14.539003,14.572302,14.874376,15.395224,16.078521,16.864581,17.696865,18.524345,19.304810,20.007305,20.613628,21.117407,21.523770,21.847194,22.109393,22.337356,22.560037
1.968342,49.418155,49.418155,49.418155,49.418155,49.418155,49.418155,49.418155,49.418155,49.418155,49.418155,49.418155,49.418155,49.418155,49.418155,49.418155,49.418155,49.418155,49.418155,49.418155,49.418155,49.418155,49.418155,49.418155,49.418155,49.418155,49.418155,49.418155,49.418155,49.418155,49.418155,49.418155,49.418155,49.418155,49.418155,49.418155,49.418155,49.418155,49.418155,49.418155,49.418155,49.418155,49.418155,49.418155,49.418155,49.418155,49.418155,49.418155,49.418155,49.418155,49.418155,49.418155,49.418155,49.418155,49.418155,49.418155,49.418155,49.418155,49.418155,49.418155,49.418155,49.418155,49.418155,49.418155,49.418155,49.418155,49.418155,49.418155,49.418155,49.418155,49.418155,49.418155,49.418155,49.418155,49.418155,49.418155,49.418155,49.418155,49.418155,49.418155,49.418155,49.418155,49.418155,49.418155,49.418155,49.418155,49.418155,49.418155,49.418155,49.418155,49.418155,49.418155,49.418155,49.418155,49.418155,49.418155,49.418155,49.418155,49.418155,49.418155,49.418155,49.418155,49.418155,49.418155,49.418155,49.418155,49.418155,49.418155,49.418155,49.418155,49.418155,49.418155,49.418155,49.418155,49.418155,49.418155,49.418155,49.418155,49.418155,49.418155,49.418155,49.418155,49.418155,49.418155,49.418155,49.418155,49.418155,49.418155,49.418155,49.418155,49.418155,49.418155,49.418155,49.418155,49.418155,49.418155,49.418155,49.418155,49.418155,49.418155,49.418155,49.418155,49.418155,49.418155,49.418155,49.418155,49.418155,49.418155,49.418155,49.418155,49.418155,49.418155,49.417952,49.413735,49.397472,49.363163,49.305589,49.218242,49.092624,48.917847,48.680893,48.366054,47.956187,47.432373,46.774384,45.962465,44.977706,43.804998,42.433422,40.857815,39.082847,37.121108,34.996591,32.745176,30.410427,28.047163,25.716095,23.480360,21.404189,19.546559,17.958040,16.677687,15.729655,15.122052,14.845934,14.876342,15.174599,15.690796,16.369037,17.150614,17.979178,18.803591,19.582127,20.283897,20.890213,21.394645,21.801972,22.126759,22.390861,22.620794,22.845332
1.978894,49.418155,49.418155,49.418155,49.418155,49.418155,49.418155,49.418155,49.418155,49.418155,49.418155,49.418155,49.418155,49.418155,49.418155,49.418155,49.418155,49.418155,49.418155,49.418155,49.418155,49.418155,49.418155,49.418155,49.418155,49.418155,49.418155,49.418155,49.418155,49.418155,49.418155,49.418155,49.418155,49.418155,49.418155,49.418155,49.418155,49.418155,49.418155,49.418155,49.418155,49.418155,49.418155,49.418155,49.418155,49.418155,49.418155,49.418155,49.418155,49.418155,49.418155,49.418155,49.418155,49.418155,49.418155,49.418155,49.418155,49.418155,49.418155,49.418155,49.418155,49.418155,49.418155,49.418155,49.418155,49.418155,49.418155,49.418155,49.418155,49.418155,49.418155,49.418155,49.418155,49.418155,49.418155,49.418155,49.418155,49.418155,49.418155,49.418155,49.418155,49.418155,49.418155,49.418155,49.418155,49.418155,49.418155,49.418155,49.418155,49.418155,49.418155,49.418155,49.418155,49.418155,49.418155,49.418155,49.418155,49.418155,49.418155,49.418155,49.418155,49.418155,49.418155,49.418155,49.418155,49.418155,49.418155,49.418155,49.418155,49.418155,49.418155,49.418155,49.418155,49.418155,49.418155,49.418155,49.418155,49.418155,49.418155,49.418155,49.418155,49.418155,49.418155,49.418155,49.418155,49.418155,49.418155,49.418155,49.418155,49.418155,49.418155,49.418155,49.418155,49.418155,49.418155,49.418155,49.418155,49.418155,49.418155,49.418155,49.418155,49.418155,49.418155,49.418155,49.418155,49.418155,49.418155,49.418155,49.418155,49.418155,49.418155,49.418155,49.417937,49.413707,49.397476,49.363857,49.307299,49.221377,49.097617,48.925155,48.691155,48.380441,47.975752,47.457984,46.807532,46.004618,45.030746,43.870580,42.512898,40.953488,39.195227,37.251946,35.147329,32.915165,30.600610,28.256174,25.942731,23.723361,21.661113,19.815245,18.235635,16.961431,16.017202,15.411067,15.134286,15.162577,15.457395,15.969738,16.643711,17.421490,18.246560,19.068478,19.845442,20.546588,21.152934,21.657948,22.066620,22.392961,22.658771,22.890616,23.117039
1.989447,49.418155,49.418155,49.418155,49.418155,49.418155,49.418155,49.418155,49.418155,49.418155,49.418155,49.418155,49.418155,49.418155,49.418155,49.418155,49.418155,49.418155,49.418155,49.418155,49.418155,49.418155,49.418155,49.418155,49.418155,49.418155,49.418155,49.418155,49.418155,49.418155,49.418155,49.418155,49.418155,49.418155,49.418155,49.418155,49.418155,49.418155,49.418155,49.418155,49.418155,49.418155,49.418155,49.418155,49.418155,49.418155,49.418155,49.418155,49.418155,49.418155,49.418155,49.418155,49.418155,49.418155,49.418155,49.418155,49.418155,49.418155,49.418155,49.418155,49.418155,49.418155,49.418155,49.418155,49.418155,49.418155,49.418155,49.418155,49.418155,49.418155,49.418155,49.418155,49.418155,49.418155,49.418155,49.418155,49.418155,49.418155,49.418155,49.418155,49.418155,49.418155,49.418155,49.418155,49.418155,49.418155,49.418155,49.418155,49.418155,49.418155,49.418155,49.418155,49.418155,49.418155,49.418155,49.418155,49.418155,49.418155,49.418155,49.418155,49.418155,49.418155,49.418155,49.418155,49.418155,49.418155,49.418155,49.418155,49.418155,49.418155,49.418155,49.418155,49.418155,49.418155,49.418155,49.418155,49.418155,49.418155,49.418155,49.418155,49.418155,49.418155,49.418155,49.418155,49.418155,49.418155,49.418155,49.418155,49.418155,49.418155,49.418155,49.418155,49.418155,49.418155,49.418155,49.418155,49.418155,49.418155,49.418155,49.418155,49.418155,49.418155,49.418155,49.418155,49.418155,49.418155,49.418155,49.418155,49.418155,49.418155,49.418155,49.418155,49.417926,49.413700,49.397498,49.364330,49.308689,49.224097,49.101983,48.931615,48.700487,48.393514,47.993538,47.481638,46.838140,46.043459,45.079675,43.930926,42.586433,41.041427,39.299499,37.373763,35.286950,33.073435,30.777120,28.450811,26.154059,23.949799,21.901306,20.066444,18.495667,17.227823,16.287482,15.682982,15.406002,15.432374,15.724246,16.233111,16.903668,17.677959,18.500326,19.320126,20.095702,20.796059,21.402508,21.908515,22.318408,22.646515,22.914170,23.147667,23.375901
2.000000,49.418155,49.418155,49.418155,49.418155,49.418155,49.418155,49.418155,49.418155,49.418155,49.418155,49.418155,49.418155,49.418155,49.418155,49.418155,49.418155,49.418155,49.418155,49.418155,49.418155,49.418155,49.418155,49.418155,49.418155,49.418155,49.418155,49.418155,49.418155,49.418155,49.418155,49.418155,49.418155,49.418155,49.418155,49.418155,49.418155,49.418155,49.418155,49.418155,49.418155,49.418155,49.418155,49.418155,49.418155,49.418155,49.418155,49.418155,49.418155,49.418155,49.418155,49.418155,49.418155,49.418155,49.418155,49.418155,49.418155,49.418155,49.418155,49.418155,49.418155,49.418155,49.418155,49.418155,49.418155,49.418155,49.418155,49.418155,49.418155,49.418155,49.418155,49.418155,49.418155,49.418155,49.418155,49.418155,49.418155,49.418155,49.418155,49.418155,49.418155,49.418155,49.418155,49.418155,49.418155,49.418155,49.418155,49.418155,49.418155,49.418155,49.418155,49.418155,49.418155,49.418155,49.418155,49.418155,49.418155,49.418155,49.418155,49.418155,49.418155,49.418155,49.418155,49.418155,49.418155,49.418155,49.418155,49.418155,49.418155,49.418155,49.418155,49.418155,49.418155,49.418155,49.418155,49.418155,49.418155,49.418155,49.418155,49.418155,49.418155,49.418155,49.418155,49.418155,49.418155,49.418155,49.418155,49.418155,49.418155,49.418155,49.418155,49.418155,49.418155,49.418155,49.418155,49.418155,49.418155,49.418155,49.418155,49.418155,49.418155,49.418155,49.418155,49.418155,49.418155,49.418155,49.418155,49.418155,49.418155,49.418155,49.418155,49.418155,49.417922,49.413738,49.397557,49.364620,49.309776,49.226361,49.105741,48.937479,48.709017,48.405535,48.009921,47.503366,46.866483,46.079737,45.125035,43.987007,42.654721,41.123492,39.396648,37.487004,35.417337,33.221197,30.942385,28.633080,26.352328,24.162723,22.126974,20.302938,18.740692,17.479071,16.542773,15.940198,15.663142,15.688074,15.977545,16.483439,17.150850,17.922152,18.741886,19.559745,20.334084,21.034093,21.640981,22.147718,22.558875,22.888459,23.157911,23.393452,23.623670
