,1.900000,1.906030,1.912060,1.918090,1.924121,1.930151,1.936181,1.942211,1.948241,1.954271,1.960302,1.966332,1.972362,1.978392,1.984422,1.990452,1.996482,2.002513,2.008543,2.014573,2.020603,2.026633,2.032663,2.038693,2.044724,2.050754,2.056784,2.062814,2.068844,2.074874,2.080905,2.086935,2.092965,2.098995,2.105025,2.111055,2.117085,2.123116,2.129146,2.135176,2.141206,2.147236,2.153266,2.159296,2.165327,2.171357,2.177387,2.183417,2.189447,2.195477,2.201508,2.207538,2.213568,2.219598,2.225628,2.231658,2.237688,2.243719,2.249749,2.255779,2.261809,2.267839,2.273869,2.279899,2.285930,2.291960,2.297990,2.304020,2.310050,2.316080,2.322111,2.328141,2.334171,2.340201,2.346231,2.352261,2.358291,2.364322,2.370352,2.376382,2.382412,2.388442,2.394472,2.400503,2.406533,2.412563,2.418593,2.424623,2.430653,2.436683,2.442714,2.448744,2.454774,2.460804,2.466834,2.472864,2.478894,2.484925,2.490955,2.496985,2.503015,2.509045,2.515075,2.521106,2.527136,2.533166,2.539196,2.545226,2.551256,2.557286,2.563317,2.569347,2.575377,2.581407,2.587437,2.593467,2.599497,2.605528,2.611558,2.617588,2.623618,2.629648,2.635678,2.641709,2.647739,2.653769,2.659799,2.665829,2.671859,2.677889,2.683920,2.689950,2.695980,2.702010,2.708040,2.714070,2.720101,2.726131,2.732161,2.738191,2.744221,2.750251,2.756281,2.762312,2.768342,2.774372,2.780402,2.786432,2.792462,2.798492,2.804523,2.810553,2.816583,2.822613,2.828643,2.834673,2.840704,2.846734,2.852764,2.858794,2.864824,2.870854,2.876884,2.882915,2.888945,2.894975,2.901005,2.907035,2.913065,2.919095,2.925126,2.931156,2.937186,2.943216,2.949246,2.955276,2.961307,2.967337,2.973367,2.979397,2.985427,2.991457,2.997487,3.003518,3.009548,3.015578,3.021608,3.027638,3.033668,3.039698,3.045729,3.051759,3.057789,3.063819,3.069849,3.075879,3.081910,3.087940,3.093970,3.100000
-0.100000,44.526170,43.842438,43.024603,42.063593,40.954624,39.698458,38.302006,36.780401,35.156021,33.458710,31.724663,29.995183,28.314434,26.726593,25.274246,23.994509,22.917110,22.062069,21.438515,21.043898,20.864880,20.878868,21.055346,21.358933,21.751516,22.195696,22.657021,23.106415,23.521217,23.885964,24.192188,24.438586,24.629218,24.772494,24.878899,24.960084,25.027421,25.090891,25.158233,25.234796,25.323504,25.424584,25.536464,25.656239,25.780174,25.901354,26.010300,26.111646,26.207813,26.298141,26.382280,26.460179,26.532709,26.600719,26.665488,26.728942,26.792463,26.856867,26.922657,26.990068,27.059044,27.129091,27.199584,27.270051,27.340204,27.409602,27.477666,27.544306,27.609748,27.673852,27.737026,27.799607,27.861938,27.924227,27.986533,28.049035,28.111884,28.175486,28.239673,28.304022,28.368134,28.432069,28.495780,28.559137,28.622037,28.684271,28.745915,28.807322,28.868907,28.930658,28.992569,29.054654,29.117036,29.179853,29.243213,29.307300,29.372256,29.438014,29.504574,29.571991,29.640314,29.709441,29.779138,29.849354,29.920010,29.991272,30.063282,30.136058,30.209449,30.283313,30.358165,30.434270,30.511660,30.590499,30.670880,30.753171,30.837688,30.924375,31.013026,31.103847,31.196897,31.292052,31.389174,31.488168,31.589481,31.693314,31.799715,31.909122,32.022240,32.139608,32.261962,32.390021,32.524525,32.666201,32.815012,32.970915,33.134787,33.307253,33.488587,33.679031,33.878727,34.088030,34.307361,34.537446,34.778676,35.031469,35.296293,35.573709,35.864287,36.168507,36.486710,36.818905,37.165070,37.524734,37.896487,38.277536,38.665769,39.059133,39.455254,39.851161,40.242973,40.627049,40.998991,41.354132,41.687787,41.995995,42.274800,42.520737,42.731613,42.906357,43.045453,43.151020,43.226455,43.276701,43.308174,43.328017,43.343706,43.363033,43.393341,43.441043,43.511138,43.607157,43.730865,43.881887,44.058058,44.255880,44.470650,44.696654,44.928119,45.159785,45.386472,45.602459,45.803449,45.987600,46.153445,46.299861,46.426631,46.534301,46.624002,46.697422
-0.089447,44.260595,43.502053,42.594152,41.528523,40.297673,38.904625,37.354682,35.667499,33.864676,31.981790,30.059018,28.140344,26.274663,24.513579,22.901086,21.481137,20.284232,19.334738,18.641095,18.201596,18.000885,18.014276,18.208026,18.542344,18.975713,19.465895,19.975624,20.471746,20.929873,21.332126,21.670102,21.941792,22.151834,22.309181,22.425825,22.514786,22.588298,22.657519,22.731030,22.814702,22.911693,23.022400,23.145194,23.276692,23.413196,23.548361,23.671768,23.784663,23.891121,23.990824,24.083558,24.169494,24.249409,24.324177,24.395719,24.465566,24.535458,24.606251,24.678745,24.753091,24.829320,24.906721,24.984512,25.062266,25.139797,25.216368,25.291446,25.364940,25.436982,25.507542,25.577071,25.645868,25.714257,25.782375,25.850513,25.918910,25.987653,26.057133,26.127034,26.197020,26.266772,26.336248,26.405460,26.474161,26.542200,26.609503,26.676167,26.742497,26.808832,26.875230,26.941892,27.008797,27.075943,27.143662,27.212039,27.281177,27.351194,27.422059,27.493709,27.566179,27.639416,27.713365,27.787840,27.862944,27.938591,28.014871,28.091830,28.169540,28.247781,28.326408,28.406032,28.487018,28.569365,28.653174,28.738604,28.826034,28.915770,29.007629,29.101611,29.197792,29.296257,29.396851,29.499288,29.603580,29.710047,29.819014,29.930699,30.045447,30.164144,30.287393,30.415882,30.550369,30.691655,30.840405,30.996647,31.160802,31.333447,31.515220,31.706459,31.907612,32.118709,32.340091,32.572312,32.816386,33.072651,33.341714,33.624363,33.921195,34.232881,34.560350,34.903834,35.263870,35.640658,36.033353,36.440422,36.859186,37.287661,37.723704,38.164660,38.607287,39.046974,39.480061,39.900392,40.303632,40.683599,41.035392,41.355036,41.637416,41.880448,42.082567,42.244188,42.367277,42.455816,42.515658,42.554153,42.579584,42.600754,42.626652,42.666000,42.726190,42.813251,42.931014,43.081814,43.265474,43.479001,43.717808,43.976964,44.249863,44.528479,44.807050,45.078835,45.338803,45.580253,45.801062,45.999219,46.174351,46.326119,46.454772,46.562173,46.650123
-0.078894,43.998171,43.165139,42.168776,40.998576,39.648262,38.119948,36.419804,34.565675,32.589827,30.523414,28.410218,26.306136,24.258880,22.322869,20.554405,18.992832,17.679548,16.634599,15.872227,15.387023,15.164723,15.176917,15.387209,15.751444,16.224296,16.760412,17.316694,17.859471,18.359661,18.798940,19.168003,19.463943,19.692605,19.863996,19.990878,20.087059,20.166672,20.241442,20.320938,20.411373,20.516382,20.636525,20.769718,20.912659,21.061410,21.209323,21.347237,21.471475,21.588080,21.697197,21.798635,21.892333,21.979323,22.060763,22.138720,22.214979,22.291222,22.368494,22.447446,22.528624,22.611603,22.696126,22.781099,22.866102,22.950654,23.034089,23.116033,23.196084,23.274603,23.351538,23.427104,23.501769,23.576085,23.649994,23.723771,23.797786,23.872168,23.947036,24.022308,24.097450,24.172549,24.247353,24.321626,24.395321,24.468030,24.539870,24.611055,24.681823,24.752307,24.822855,24.893694,24.964839,25.036272,25.108408,25.181286,25.255046,25.329601,25.405089,25.481282,25.558134,25.635797,25.713988,25.792732,25.872033,25.952081,26.032633,26.113851,26.195596,26.277831,26.360600,26.444295,26.529329,26.615657,26.703476,26.793070,26.884811,26.978751,27.074924,27.173247,27.273713,27.376388,27.481135,27.587605,27.695853,27.806076,27.918677,28.033995,28.152580,28.275159,28.402560,28.535278,28.674224,28.820371,28.973976,29.135542,29.305522,29.484648,29.673332,29.871927,30.080792,30.300272,30.530469,30.772413,31.026938,31.294740,31.576538,31.872993,32.185407,32.514446,32.861266,33.226797,33.611192,34.014789,34.437718,34.876908,35.330163,35.796652,36.274040,36.758028,37.246593,37.733671,38.215109,38.685313,39.137073,39.564546,39.961230,40.322633,40.643762,40.920458,41.151267,41.336078,41.477958,41.581082,41.651399,41.697866,41.729801,41.757595,41.791678,41.841670,41.916876,42.023430,42.166847,42.348377,42.568673,42.824892,43.110402,43.419889,43.745641,44.077593,44.409085,44.732733,45.041301,45.329111,45.590797,45.826197,46.033519,46.212760,46.365589,46.492755,46.596898
-0.068342,43.744718,42.840732,41.758572,40.489014,39.022940,37.359936,35.515977,33.502109,31.354663,29.113145,26.817600,24.532886,22.306673,20.207472,18.282288,16.588404,15.157972,14.023184,13.191437,12.662834,12.418519,12.429149,12.654481,13.047022,13.558139,14.137018,14.738246,15.325234,15.865621,16.341217,16.739089,17.058925,17.305485,17.489808,17.626145,17.729341,17.814566,17.894495,17.979565,18.076370,18.189130,18.317843,18.460983,18.614654,18.774724,18.935140,19.086059,19.221858,19.348201,19.466208,19.575819,19.677227,19.770918,19.858920,19.943010,20.025376,20.107516,20.190965,20.276395,20.363771,20.453460,20.544532,20.636349,20.728051,20.819144,20.909249,20.997560,21.083993,21.168589,21.251564,21.332610,21.412800,21.492441,21.571710,21.651034,21.730460,21.810031,21.889980,21.970001,22.049991,22.129782,22.209306,22.288221,22.366126,22.442977,22.518690,22.593661,22.668091,22.742319,22.816590,22.891010,22.965711,23.040754,23.116594,23.193371,23.270951,23.349527,23.428758,23.508714,23.589387,23.670596,23.752433,23.834738,23.917641,24.001120,24.085056,24.169543,24.254541,24.339963,24.425890,24.512704,24.600675,24.690053,24.780834,24.873443,24.968304,25.065374,25.164720,25.266268,25.369683,25.475163,25.582620,25.691646,25.802270,25.914694,26.029316,26.146668,26.267219,26.391796,26.521173,26.655905,26.797039,26.945470,27.101643,27.266127,27.439452,27.622167,27.814738,28.017528,28.230983,28.455141,28.690636,28.938196,29.199020,29.473935,29.763838,30.069707,30.392941,30.734474,31.095942,31.477997,31.881945,32.308468,32.755844,33.222400,33.707157,34.207879,34.721903,35.247318,35.778109,36.311793,36.840625,37.358011,37.858104,38.332873,38.775935,39.179826,39.538784,39.850375,40.110298,40.320308,40.481457,40.599655,40.681804,40.736856,40.776609,40.812180,40.855973,40.918984,41.011355,41.140653,41.312740,41.530507,41.791772,42.094867,42.434116,42.799955,43.183007,43.576351,43.966243,44.347647,44.709452,45.048156,45.357829,45.633195,45.876970,46.086946,46.266336,46.415511,46.537651
-0.057789,43.506473,42.534913,41.373546,40.007021,38.431036,36.646166,34.665160,32.503772,30.196320,27.781684,25.320567,22.859151,20.468688,18.212178,16.144042,14.317897,12.781936,11.557282,10.662597,10.090443,9.825176,9.833224,10.072325,10.490858,11.036263,11.655100,12.299583,12.926274,13.505682,14.013143,14.438965,14.780782,15.043783,15.240469,15.385028,15.494582,15.584773,15.669419,15.759334,15.862402,15.981814,16.118669,16.270615,16.434526,16.604952,16.776103,16.939339,17.085770,17.221320,17.348011,17.465153,17.573382,17.673579,17.767496,17.857541,17.945432,18.033429,18.122426,18.213612,18.307058,18.402733,18.500052,18.598002,18.695915,18.793307,18.889368,18.983562,19.075889,19.166077,19.254341,19.340662,19.425673,19.510123,19.594339,19.678511,19.762855,19.847151,19.931537,20.015893,20.100178,20.184095,20.267655,20.350217,20.431505,20.511696,20.590677,20.668683,20.746184,20.823236,20.900299,20.977757,21.055364,21.133458,21.212265,21.291969,21.372629,21.454124,21.536406,21.619424,21.702899,21.786976,21.871543,21.956592,22.042101,22.128106,22.214359,22.301064,22.388165,22.475593,22.563698,22.652561,22.742511,22.833766,22.926445,23.020972,23.117680,23.216584,23.317636,23.420822,23.525862,23.632746,23.741366,23.851322,23.962640,24.075500,24.190389,24.307812,24.428216,24.552604,24.681795,24.816326,24.957372,25.105600,25.261619,25.426235,25.600061,25.783166,25.976259,26.179870,26.393853,26.618818,26.855254,27.104115,27.366595,27.643512,27.936261,28.246032,28.574451,28.922741,29.292521,29.685583,30.103059,30.545502,31.012149,31.500119,32.010024,32.539063,33.086449,33.646760,34.218073,34.793231,35.365500,35.930118,36.475701,36.997214,37.483887,37.928656,38.327427,38.672116,38.962844,39.196835,39.378733,39.512583,39.606518,39.671771,39.720141,39.764984,39.820298,39.898375,40.010300,40.166524,40.371526,40.627661,40.937046,41.291950,41.688316,42.116115,42.566190,43.022983,43.480746,43.923147,44.347036,44.740077,45.101313,45.421963,45.704536,45.949828,46.157212,46.330661,46.472706
-0.047236,43.289292,42.256551,41.020583,39.569939,37.892982,35.997123,33.884795,31.589333,29.131967,26.570502,23.945937,21.334108,18.790382,16.382920,14.181698,12.241999,10.603495,9.299250,8.342118,7.731604,7.445285,7.450195,7.700377,8.142927,8.718762,9.374437,10.056105,10.720511,11.332516,11.870790,12.320809,12.682012,12.960498,13.167471,13.319782,13.434499,13.528895,13.617504,13.711852,13.819758,13.945530,14.089306,14.249673,14.422011,14.601739,14.782957,14.956689,15.112774,15.256582,15.390698,15.514679,15.629453,15.735476,15.834810,15.930169,16.023220,16.115988,16.210331,16.306702,16.405538,16.506568,16.609416,16.713110,16.816462,16.919347,17.020633,17.120248,17.217406,17.312653,17.405713,17.496486,17.585877,17.674742,17.762923,17.851239,17.939722,18.028119,18.116309,18.204458,18.292258,18.379768,18.466429,18.551841,18.635704,18.718249,18.799534,18.879886,18.959434,19.038462,19.117557,19.197048,19.276845,19.357112,19.438161,19.520171,19.602961,19.686492,19.770915,19.855961,19.941472,20.027423,20.113723,20.200511,20.287554,20.374830,20.462342,20.550139,20.638247,20.726692,20.815770,20.905476,20.996103,21.088024,21.181399,21.276596,21.373952,21.473247,21.574549,21.677837,21.783031,21.889775,21.997832,22.106816,22.217036,22.328535,22.441785,22.557136,22.675531,22.797469,22.924276,23.056230,23.194865,23.340310,23.493305,23.655321,23.826284,24.006691,24.196491,24.396945,24.607646,24.828870,25.061739,25.307333,25.566214,25.839678,26.129686,26.436996,26.764279,27.112562,27.484270,27.880864,28.304586,28.756011,29.233743,29.736494,30.263973,30.815514,31.387877,31.979230,32.582752,33.194626,33.807992,34.412317,35.002216,35.564774,36.093346,36.579677,37.014669,37.392526,37.712331,37.970659,38.172656,38.322129,38.429527,38.504913,38.563493,38.619085,38.687504,38.782933,38.918738,39.103168,39.345685,39.645644,40.006744,40.419236,40.880917,41.376565,41.893816,42.425422,42.952771,43.463739,43.951498,44.407857,44.821698,45.194398,45.518958,45.800341,46.039489,46.239120,46.402382
-0.036683,43.098369,42.011254,40.711589,39.182893,37.420901,35.420900,33.202976,30.780149,28.196521,25.499521,22.739390,19.981311,17.305289,14.768876,12.451707,10.401443,8.673510,7.298707,6.288143,5.639653,5.334693,5.335670,5.594625,6.056341,6.658896,7.345653,8.059301,8.755642,9.398565,9.961430,10.433970,10.812089,11.102660,11.319168,11.477596,11.596846,11.694284,11.785876,11.883516,11.995945,12.126802,12.277076,12.443941,12.624145,12.811651,13.000651,13.183139,13.348149,13.498871,13.639289,13.769575,13.889684,14.000954,14.105155,14.205137,14.302509,14.399878,14.498540,14.599366,14.702672,14.808701,14.916363,15.024600,15.132884,15.240275,15.346077,15.450055,15.551524,15.650829,15.747666,15.842266,15.935519,16.027765,16.119608,16.211338,16.302933,16.394546,16.486076,16.577150,16.667597,16.757413,16.846295,16.933743,17.019465,17.103434,17.186060,17.267631,17.348452,17.428660,17.508807,17.589335,17.670373,17.752046,17.834518,17.917808,18.001911,18.086807,18.172355,18.258499,18.345030,18.431815,18.518821,18.606080,18.693389,18.780868,18.868447,18.956249,19.044252,19.132480,19.221362,19.310741,19.400815,19.492082,19.584769,19.679341,19.775953,19.874259,19.974557,20.076495,20.180172,20.284988,20.390905,20.497349,20.604461,20.712714,20.822120,20.933905,21.047898,21.165631,21.287391,21.414772,21.547874,21.688024,21.835699,21.992067,22.156925,22.331163,22.514427,22.707311,22.910779,23.123978,23.349010,23.585318,23.835160,24.100182,24.380605,24.679891,24.998400,25.340126,25.705691,26.098455,26.520549,26.972127,27.452680,27.961280,28.498572,29.063645,29.654172,30.267427,30.897743,31.538876,32.185168,32.825099,33.452177,34.053596,34.619002,35.141834,35.610106,36.020685,36.366395,36.649435,36.870270,37.035555,37.155779,37.243323,37.312398,37.381135,37.464576,37.580629,37.740927,37.959965,38.240925,38.591935,39.006055,39.484854,40.013860,40.580368,41.175340,41.784282,42.385273,42.974245,43.529698,44.051278,44.523737,44.948463,45.321734,45.642043,45.913743,46.141151,46.327223
-0.026131,42.938441,41.806112,40.451088,38.858879,37.022512,34.940740,32.624430,30.101962,27.411953,24.593226,21.715137,18.845703,16.047490,13.407302,10.982916,8.844907,7.039676,5.602048,4.543892,3.863037,3.540225,3.536177,3.801799,4.277767,4.903190,5.613810,6.355674,7.078338,7.744302,8.329735,8.819121,9.211229,9.512648,9.736207,9.899594,10.021992,10.121684,10.215268,10.315563,10.431142,10.566423,10.721366,10.894180,11.079904,11.273714,11.469625,11.658904,11.830419,11.987148,12.132989,12.268244,12.392952,12.508516,12.617074,12.720691,12.821966,12.922771,13.025040,13.129552,13.236584,13.346295,13.457795,13.570098,13.682090,13.793080,13.902670,14.009953,14.114907,14.217220,14.317157,14.414872,14.510927,14.606151,14.700519,14.794690,14.888790,14.982772,15.076532,15.169617,15.261804,15.353200,15.443401,15.531834,15.618276,15.702845,15.785812,15.867687,15.948731,16.029135,16.109412,16.190129,16.271546,16.353724,16.436626,16.520326,16.604775,16.689923,16.775783,16.862115,16.948679,17.035269,17.121868,17.208325,17.294923,17.381496,17.468206,17.554787,17.641387,17.728252,17.815582,17.903195,17.991561,18.081177,18.172102,18.264712,18.358991,18.455164,18.552901,18.652218,18.752595,18.854146,18.955879,19.058378,19.160961,19.263696,19.367990,19.473474,19.581836,19.692923,19.807992,19.927705,20.053902,20.185760,20.325235,20.473210,20.628708,20.793473,20.966176,21.149001,21.339981,21.541807,21.753070,21.976089,22.211599,22.462060,22.727705,23.010446,23.315028,23.640907,23.993167,24.373763,24.785301,25.229018,25.702296,26.207774,26.745726,27.314843,27.914251,28.540080,29.187314,29.850524,30.520450,31.189766,31.845426,32.478363,33.077611,33.630081,34.130137,34.566785,34.938806,35.241973,35.481097,35.662747,35.796143,35.894994,35.976700,36.059676,36.160563,36.298494,36.489470,36.742495,37.070596,37.470856,37.949276,38.493905,39.093800,39.743369,40.419115,41.104124,41.790998,42.452680,43.087085,43.672567,44.211608,44.690334,45.112645,45.474174,45.781775,46.037799,46.247947
-0.015578,42.813109,41.644635,40.247115,38.604592,36.707670,34.558862,32.171940,29.568623,26.785498,23.880935,20.908489,17.938027,15.052717,12.320612,9.814308,7.602692,5.735720,4.243024,3.146304,2.438317,2.098594,2.088740,2.357558,2.844792,3.484848,4.215533,4.977068,5.719430,6.405486,7.006592,7.510509,7.912963,8.222199,8.450992,8.617843,8.742045,8.843147,8.937926,9.039662,9.157463,9.295457,9.454288,9.630882,9.821330,10.019693,10.220018,10.414173,10.591089,10.752265,10.902103,11.041230,11.169777,11.288616,11.400357,11.507228,11.611214,11.715015,11.819970,11.927346,12.037402,12.149832,12.264040,12.378932,12.493752,12.607488,12.719590,12.829392,12.936407,13.041024,13.143251,13.243069,13.341288,13.438306,13.534598,13.630384,13.725940,13.821506,13.916473,14.010596,14.103732,14.195637,14.286067,14.374509,14.460745,14.544925,14.627389,14.708559,14.788811,14.868474,14.948102,15.028154,15.109067,15.190826,15.273265,15.356358,15.440199,15.524712,15.609744,15.695410,15.780976,15.866433,15.951348,16.036262,16.120925,16.205649,16.290375,16.374632,16.458711,16.542974,16.627446,16.712533,16.798125,16.884639,16.972433,17.061721,17.152892,17.245229,17.339467,17.434478,17.530739,17.626976,17.723747,17.819937,17.916265,18.012873,18.109397,18.207966,18.307748,18.410867,18.517111,18.627907,18.743586,18.866125,18.994532,19.131402,19.274891,19.427283,19.586535,19.755176,19.931430,20.115623,20.310834,20.515418,20.731430,20.959803,21.204227,21.466998,21.748754,22.052249,22.384014,22.743943,23.136291,23.560367,24.019129,24.511326,25.038304,25.602374,26.199228,26.827911,27.482140,28.156171,28.841801,29.528702,30.207141,30.863361,31.486601,32.065051,32.588651,33.049839,33.441529,33.764775,34.020108,34.214936,34.361262,34.473583,34.568215,34.666421,34.788525,34.950742,35.173975,35.466300,35.840664,36.301401,36.839580,37.458622,38.135666,38.867884,39.624799,40.401605,41.166278,41.915533,42.621068,43.283543,43.885096,44.423234,44.894116,45.301181,45.644478,45.930850,46.165616
-0.005025,42.724674,41.530630,40.102116,38.422835,36.485015,34.288479,31.845173,29.182446,26.339761,23.363331,20.321555,17.285994,14.326974,11.528819,8.963216,6.697377,4.778622,3.248353,2.117904,1.387306,1.033430,1.017456,1.286523,1.778921,2.429214,3.171322,3.946836,4.703543,5.401839,6.015155,6.528174,6.938218,7.252622,7.484873,7.653437,7.778448,7.879922,7.975107,8.077372,8.196082,8.335675,8.496436,8.675735,8.868824,9.069977,9.273349,9.470499,9.650495,9.814588,9.967462,10.109131,10.240195,10.361634,10.475667,10.584779,10.691080,10.796845,10.903901,11.013158,11.125001,11.239250,11.355075,11.471662,11.587968,11.703308,11.816876,11.927967,12.036343,12.142249,12.245723,12.346758,12.446084,12.544279,12.641472,12.738115,12.834350,12.930354,13.025595,13.119907,13.212957,13.304352,13.394085,13.481513,13.566697,13.649526,13.730502,13.809958,13.888720,13.966766,14.045079,14.123734,14.203222,14.283593,14.364592,14.446428,14.528787,14.611599,14.695178,14.778807,14.862562,14.945566,15.028288,15.110390,15.192596,15.274423,15.355737,15.436942,15.517528,15.597942,15.679072,15.759960,15.841911,15.924449,16.008417,16.093401,16.179587,16.267677,16.356438,16.446326,16.537005,16.626941,16.717093,16.806123,16.895278,16.983095,17.071845,17.160514,17.251554,17.343792,17.439644,17.540098,17.644149,17.754753,17.871019,17.993415,18.124122,18.260156,18.404653,18.554386,18.711944,18.878013,19.049877,19.231503,19.424578,19.627102,19.846269,20.078788,20.331942,20.609034,20.908957,21.240120,21.606086,22.002466,22.436291,22.905189,23.411329,23.959132,24.542490,25.162148,25.812903,26.486345,27.176379,27.871440,28.560923,29.231762,29.871537,30.466989,31.008810,31.486117,31.894740,32.232809,32.501376,32.709738,32.867701,32.992209,33.102483,33.217434,33.361725,33.551608,33.808342,34.147018,34.570604,35.088788,35.700463,36.388343,37.153079,37.963394,38.815385,39.672940,40.531927,41.361479,42.146168,42.879567,43.548310,44.146430,44.672155,45.122461,45.504073,45.821120,46.081354
0.005528,42.674228,41.464981,40.018158,38.317578,36.353845,34.128095,31.652937,28.954705,26.070572,23.055031,19.968737,16.887744,13.885415,11.045219,8.437902,6.133957,4.183456,2.622765,1.470049,0.721511,0.355576,0.331925,0.597652,1.090870,1.744340,2.492333,3.274323,4.038271,4.744001,5.363347,5.881608,6.295779,6.612875,6.846735,7.015862,7.140862,7.241895,7.336426,7.438309,7.556694,7.696277,7.857630,8.037906,8.232277,8.434554,8.638755,8.837145,9.018447,9.184084,9.338451,9.481699,9.614303,9.737142,9.852667,9.963179,10.070957,10.177956,10.286139,10.396378,10.509177,10.624194,10.740567,10.857589,10.974497,11.090172,11.203963,11.315371,11.424132,11.530426,11.634209,11.735624,11.835257,11.933577,12.030738,12.127401,12.223482,12.319046,12.413819,12.507363,12.599249,12.689473,12.777381,12.863123,12.946144,13.026614,13.105417,13.182436,13.258842,13.334526,13.410702,13.487173,13.564693,13.642715,13.721721,13.801183,13.881571,13.962219,14.042977,14.124115,14.204627,14.285001,14.364295,14.443338,14.521471,14.599397,14.676785,14.753820,14.830136,14.906133,14.982818,15.059064,15.136034,15.214105,15.292620,15.372501,15.453840,15.535568,15.618465,15.702356,15.785571,15.868952,15.950727,16.031958,16.112543,16.191223,16.270363,16.348701,16.429134,16.510212,16.595139,16.682272,16.774708,16.870460,16.973308,17.080686,17.195717,17.315474,17.439806,17.571624,17.708026,17.849000,17.997169,18.153841,18.316106,18.490063,18.678101,18.877395,19.098312,19.336561,19.604111,19.899024,20.224999,20.589054,20.984328,21.420194,21.899096,22.416138,22.978188,23.577232,24.209379,24.872535,25.553560,26.246010,26.935435,27.609534,28.255647,28.859695,29.410724,29.899017,30.318127,30.665788,30.945331,31.163179,31.333130,31.469668,31.595207,31.729094,31.896338,32.119393,32.412271,32.797244,33.274930,33.855976,34.538897,35.304040,36.148379,37.054301,37.987444,38.943416,39.882279,40.797482,41.669403,42.476548,43.210212,43.869874,44.445822,44.943320,45.362155,45.710841,45.996367
0.016080,42.661479,41.447463,39.994807,38.286917,36.314738,34.078893,31.591994,28.879687,25.980729,22.947882,19.844230,16.743106,13.721881,10.860469,8.234024,5.910024,3.941114,2.364303,1.196965,0.435557,0.058151,0.026652,0.286468,0.774914,1.426101,2.173552,2.955352,3.720434,4.427120,5.047833,5.567075,5.982111,6.299575,6.533339,6.702145,6.826243,6.926097,7.019361,7.119617,7.236702,7.375104,7.535588,7.715163,7.909209,8.110940,8.314553,8.512134,8.693076,8.858476,9.013097,9.156899,9.290146,9.413696,9.529874,9.640982,9.749223,9.856711,9.965199,10.075550,10.188333,10.303008,10.419162,10.535585,10.651696,10.766731,10.879574,10.990166,11.098515,11.204205,11.307521,11.408354,11.507532,11.605200,11.701705,11.797397,11.892580,11.986998,12.080274,12.172101,12.262305,12.350383,12.435961,12.518676,12.598813,12.676642,12.752079,12.826371,12.899279,12.972098,13.045476,13.119034,13.193782,13.269135,13.345281,13.422006,13.499664,13.577382,13.655094,13.732423,13.809551,13.886264,13.961588,14.036521,14.110202,14.183794,14.256178,14.328404,14.399438,14.470930,14.541860,14.613309,14.684780,14.756741,14.829917,14.904380,14.978947,15.054793,15.130819,15.206691,15.283111,15.357710,15.431976,15.503893,15.575197,15.644560,15.712235,15.780765,15.848677,15.919114,15.990317,16.065113,16.143281,16.226258,16.312500,16.405507,16.501525,16.602973,16.709618,16.817866,16.932403,17.048220,17.170965,17.295468,17.429839,17.570782,17.719901,17.883862,18.066134,18.265937,18.487041,18.741704,19.026541,19.341822,19.695655,20.092089,20.525809,21.006645,21.534096,22.098822,22.706263,23.341747,24.005453,24.681146,25.357462,26.024957,26.665113,27.267584,27.819200,28.310120,28.732893,29.085756,29.371152,29.597194,29.775782,29.924922,30.065328,30.221591,30.413716,30.667844,31.005140,31.433902,31.974339,32.621143,33.373839,34.218215,35.152197,36.137525,37.170306,38.212100,39.239440,40.243380,41.188588,42.070451,42.875930,43.593469,44.221691,44.763677,45.221817,45.601102,45.911945
0.026633,42.684573,41.475660,40.029048,38.327654,36.363118,34.134227,31.655984,28.950713,26.060570,23.033334,19.937079,16.840517,13.821234,10.962323,8.334753,6.009070,4.036194,2.453490,1.278573,0.509356,0.123694,0.081880,0.333221,0.812627,1.455809,2.196448,2.972401,3.731640,4.434896,5.051728,5.568754,5.981335,6.297312,6.529613,6.696791,6.819663,6.917741,7.009112,7.107230,7.221944,7.358055,7.515923,7.693666,7.885389,8.085342,8.286831,8.482214,8.660646,8.824898,8.978540,9.121637,9.254627,9.378088,9.494197,9.605279,9.713316,9.820462,9.928367,10.038209,10.149820,10.263521,10.378128,10.493273,10.607636,10.720580,10.831906,10.941011,11.047655,11.151952,11.253956,11.353311,11.451138,11.547516,11.642503,11.736819,11.830157,11.922926,12.014032,12.103669,12.190841,12.276196,12.358763,12.438090,12.514884,12.588689,12.660686,12.731373,12.800660,12.870198,12.939633,13.010214,13.081249,13.153313,13.226465,13.300200,13.374133,13.448549,13.522574,13.596027,13.669371,13.741169,13.812167,13.882523,13.951608,14.019499,14.087289,14.153503,14.219674,14.284922,14.350841,14.415879,14.481529,14.548217,14.615309,14.682792,14.751490,14.819512,14.888113,14.957017,15.024353,15.091578,15.155990,15.219661,15.280251,15.339987,15.397563,15.453834,15.511534,15.568439,15.628346,15.689119,15.754249,15.821120,15.893678,15.969297,16.047587,16.130071,16.216358,16.302319,16.392911,16.484135,16.575409,16.670903,16.772444,16.878012,16.989073,17.115278,17.250283,17.405437,17.585585,17.786851,18.025671,18.290049,18.596392,18.939775,19.323570,19.756471,20.238913,20.759628,21.327830,21.925976,22.557909,23.202758,23.858280,24.502325,25.127069,25.718045,26.258908,26.743967,27.162446,27.514829,27.801737,28.031778,28.218567,28.379353,28.535109,28.712921,28.932660,29.223979,29.599353,30.084505,30.677654,31.395205,32.217702,33.151508,34.161390,35.245288,36.357900,37.494449,38.609205,39.693017,40.723671,41.675260,42.546629,43.322938,44.003317,44.588395,45.083570,45.494149,45.829367
0.037186,42.740465,41.545923,40.115708,38.434177,36.491082,34.285979,31.832910,29.157391,26.292942,23.297258,20.225473,17.157658,14.161541,11.322786,8.715545,6.400997,4.437103,2.859485,1.684557,0.911294,0.518402,0.466381,0.705092,1.173501,1.803605,2.529781,3.294090,4.044410,4.737376,5.347860,5.858351,6.266872,6.579572,6.809029,6.974300,7.095001,7.191156,7.279861,7.375151,7.486949,7.619730,7.774019,7.948271,8.136759,8.332833,8.531141,8.722724,8.897316,9.059204,9.210821,9.352694,9.484599,9.607130,9.722595,9.832816,9.940013,10.046142,10.153013,10.261181,10.371371,10.482764,10.595441,10.707834,10.819876,10.930108,11.039091,11.145666,11.250213,11.352157,11.451676,11.549188,11.644698,11.739094,11.832166,11.924491,12.015608,12.106018,12.194618,12.280952,12.365056,12.446897,12.525768,12.601144,12.673727,12.743709,12.811792,12.877918,12.943749,13.009029,13.074774,13.141184,13.209043,13.277514,13.346731,13.417118,13.487485,13.557487,13.627528,13.697079,13.766024,13.833142,13.899642,13.964408,14.028630,14.091058,14.153281,14.214253,14.274012,14.334128,14.393408,14.453212,14.512850,14.572569,14.633676,14.694498,14.755966,14.817768,14.878340,14.939347,14.998909,15.056368,15.112943,15.166211,15.218211,15.266604,15.313718,15.360454,15.405339,15.451816,15.497938,15.547312,15.597196,15.651508,15.707025,15.767364,15.828171,15.892952,15.956386,16.022868,16.086563,16.152977,16.217437,16.282108,16.345920,16.417343,16.491713,16.571004,16.664155,16.772397,16.903619,17.056684,17.235441,17.451592,17.694390,17.984804,18.311164,18.691955,19.111957,19.586427,20.096715,20.653492,21.237782,21.843959,22.457245,23.070616,23.666831,24.234484,24.756539,25.223158,25.631990,25.975035,26.258593,26.489864,26.681736,26.852281,27.024584,27.223282,27.475629,27.802007,28.221723,28.756362,29.413324,30.194843,31.101130,32.105638,33.210328,34.370912,35.582654,36.796901,38.005595,39.166440,40.273010,41.294883,42.229674,43.061253,43.791416,44.420305,44.951064,45.390953,45.749906
0.047739,42.825166,41.652652,40.249026,38.596825,36.687858,34.523169,32.110365,29.479861,26.661188,23.713519,20.687902,17.663147,14.714828,11.914155,9.335242,7.051066,5.105105,3.540886,2.371710,1.597867,1.198476,1.137458,1.362228,1.811875,2.424478,3.135799,3.883525,4.616766,5.298571,5.897089,6.400431,6.802465,7.109771,7.336229,7.498461,7.617052,7.710834,7.797009,7.889216,7.996836,8.125294,8.275324,8.445014,8.628291,8.820609,9.013801,9.200716,9.370358,9.528834,9.677870,9.817394,9.947711,10.069112,10.183040,10.292119,10.397763,10.502300,10.607437,10.713430,10.821379,10.930000,11.039755,11.148910,11.257502,11.364951,11.470300,11.574176,11.675198,11.774268,11.871147,11.965956,12.058870,12.150702,12.241255,12.330915,12.419691,12.506718,12.592437,12.675233,12.756005,12.833627,12.908726,12.979816,13.048347,13.113849,13.176929,13.239018,13.300460,13.361583,13.423502,13.485891,13.549889,13.614343,13.680010,13.746543,13.813024,13.879044,13.945184,14.010346,14.074035,14.136667,14.198302,14.257958,14.316597,14.374332,14.430157,14.485460,14.540294,14.593719,14.647798,14.700874,14.754817,14.808211,14.862816,14.917433,14.971662,15.026367,15.080012,15.132381,15.183844,15.233932,15.280684,15.326096,15.367471,15.407485,15.444782,15.479832,15.515276,15.549101,15.585169,15.621644,15.658716,15.699365,15.740524,15.784590,15.830932,15.876580,15.921712,15.964207,16.007662,16.045391,16.083737,16.115880,16.148650,16.184215,16.219758,16.260115,16.308735,16.366133,16.447179,16.547257,16.670085,16.828336,17.014928,17.235213,17.507602,17.816797,18.182787,18.591305,19.044762,19.534269,20.062748,20.616316,21.183850,21.752419,22.311727,22.838113,23.332692,23.773123,24.162633,24.490246,24.765421,24.992071,25.186704,25.366921,25.554214,25.775709,26.056373,26.420403,26.892141,27.481316,28.200283,29.050686,30.021837,31.115890,32.292573,33.549121,34.835775,36.143716,37.425547,38.668082,39.844074,40.937447,41.928333,42.816373,43.591971,44.260697,44.824844,45.293445,45.674755
0.058291,42.933779,41.790088,40.419740,38.808035,36.943165,34.827103,32.472275,29.896081,27.143733,24.253030,21.296325,18.328780,15.434663,12.686300,10.158981,7.907039,5.993942,4.446946,3.289969,2.518250,2.113737,2.041602,2.248810,2.682239,3.273980,3.960929,4.688484,5.404600,6.070830,6.656106,7.149330,7.543100,7.845502,8.067412,8.227098,8.342876,8.434142,8.517463,8.606592,8.710104,8.834158,8.978954,9.142194,9.320635,9.506825,9.695540,9.875528,10.040286,10.194245,10.340342,10.477144,10.605270,10.724768,10.836788,10.944193,11.048029,11.150871,11.253393,11.357121,11.461514,11.567125,11.673452,11.779158,11.883934,11.987128,12.089307,12.189169,12.286516,12.382442,12.476056,12.567340,12.657724,12.746625,12.834150,12.921201,13.006718,13.090312,13.172444,13.251499,13.328383,13.402168,13.472376,13.539831,13.603299,13.664553,13.723094,13.780785,13.838184,13.895089,13.952302,14.010931,14.071017,14.131642,14.193698,14.256060,14.318308,14.380572,14.442535,14.502946,14.562376,14.620651,14.676741,14.731683,14.785454,14.837143,14.888318,14.938076,14.986486,15.035033,15.082552,15.130664,15.177994,15.226279,15.273895,15.322133,15.370661,15.417628,15.464727,15.510241,15.553503,15.595653,15.634202,15.671107,15.703823,15.734918,15.763137,15.789529,15.813926,15.838900,15.862973,15.889164,15.914680,15.942986,15.971252,16.002342,16.031537,16.060601,16.087646,16.113091,16.133497,16.147536,16.159636,16.165163,16.166817,16.163627,16.161804,16.164600,16.166639,16.183823,16.208102,16.255091,16.329755,16.420358,16.549373,16.709956,16.906560,17.157936,17.445407,17.784900,18.175151,18.601662,19.058588,19.554048,20.055932,20.573131,21.072339,21.559645,22.006173,22.414219,22.775823,23.080812,23.341422,23.560497,23.753898,23.940761,24.144702,24.389719,24.702077,25.102851,25.621902,26.265790,27.041833,27.964869,29.009020,30.175074,31.443052,32.770322,34.148036,35.530806,36.889729,38.205028,39.451376,40.601985,41.652212,42.586898,43.407009,44.112555,44.707806,45.202288,45.604877
0.068844,43.060786,41.950556,40.620796,39.054123,37.244090,35.187416,32.895603,30.388378,27.708945,24.892312,22.010387,19.119042,16.289432,13.607521,11.131430,8.924735,7.045289,5.526581,4.382871,3.615855,3.207650,3.121592,3.314338,3.722834,4.291003,4.957821,5.660348,6.355632,7.004001,7.575496,8.055481,8.441853,8.737638,8.955410,9.112149,9.225593,9.314556,9.395227,9.481082,9.580361,9.699460,9.837980,9.996006,10.167277,10.348330,10.529885,10.704063,10.862075,11.012355,11.154337,11.288532,11.413742,11.530794,11.641089,11.746045,11.848153,11.948426,12.048826,12.149335,12.250292,12.352608,12.454475,12.556083,12.656643,12.756345,12.853707,12.949479,13.043498,13.135114,13.225476,13.313370,13.400225,13.486055,13.571093,13.654613,13.736810,13.817367,13.895037,13.970855,14.043065,14.112573,14.179119,14.241548,14.301340,14.357466,14.412161,14.465408,14.517897,14.571023,14.624230,14.679209,14.734827,14.792290,14.850061,14.908641,14.967222,15.025715,15.082975,15.139336,15.194577,15.247766,15.299943,15.350108,15.398265,15.445654,15.491014,15.535952,15.579050,15.622272,15.664926,15.706991,15.749706,15.791722,15.834520,15.876413,15.918886,15.960065,15.999803,16.038571,16.075801,16.109694,16.141878,16.169964,16.196012,16.218656,16.238766,16.256337,16.273451,16.288475,16.304758,16.320061,16.337023,16.353303,16.371834,16.388952,16.405896,16.420574,16.432909,16.438518,16.440897,16.435177,16.420348,16.401603,16.374811,16.340437,16.306885,16.266935,16.231182,16.204311,16.184791,16.177365,16.197744,16.230173,16.297636,16.388449,16.527817,16.698400,16.924743,17.190578,17.494299,17.852260,18.234135,18.658006,19.088872,19.534536,19.976282,20.407457,20.801778,21.169446,21.487145,21.768291,22.003843,22.212370,22.401503,22.593544,22.811380,23.079138,23.420316,23.866387,24.426107,25.124212,25.970484,26.950352,28.076248,29.316999,30.650761,32.065095,33.514120,34.967391,36.404631,37.786318,39.091811,40.299428,41.400229,42.379785,43.239585,43.977438,44.601531,45.119154,45.540951
0.079397,43.200501,42.127665,40.841701,39.325979,37.574232,35.582705,33.362190,30.931212,28.328712,25.597685,22.794087,19.982854,17.233309,14.621059,12.202084,10.053049,8.212723,6.720041,5.593095,4.831598,4.419781,4.322983,4.493862,4.881277,5.426555,6.063501,6.745471,7.416581,8.045966,8.600775,9.070348,9.447140,9.736542,9.950914,10.104818,10.216555,10.303395,10.381934,10.464132,10.560007,10.673255,10.806346,10.957845,11.122504,11.296623,11.472758,11.638101,11.791029,11.936153,12.075022,12.205481,12.328273,12.442895,12.550524,12.653499,12.752935,12.851183,12.948356,13.045764,13.143455,13.242070,13.339810,13.437328,13.533349,13.627940,13.721714,13.813189,13.902431,13.990809,14.076887,14.161907,14.245219,14.327826,14.409749,14.490290,14.568855,14.645497,14.719916,14.791536,14.860107,14.925463,14.987004,15.045738,15.100483,15.153118,15.203212,15.251906,15.301006,15.349721,15.399782,15.450483,15.502986,15.556215,15.610663,15.665533,15.720711,15.774813,15.828416,15.881028,15.931460,15.981062,16.028324,16.074131,16.118509,16.160652,16.202111,16.241672,16.280881,16.318749,16.357015,16.394727,16.432073,16.470001,16.506885,16.544241,16.580284,16.616298,16.650382,16.683306,16.714372,16.741964,16.767550,16.789508,16.807847,16.823724,16.837001,16.848692,16.857833,16.866360,16.875054,16.883153,16.890813,16.899763,16.907615,16.916067,16.921340,16.924874,16.922015,16.914066,16.899809,16.875822,16.840978,16.799712,16.746283,16.688501,16.620157,16.551934,16.477169,16.410085,16.347280,16.296834,16.258719,16.244633,16.248590,16.276495,16.349231,16.455174,16.596021,16.791708,17.023362,17.288328,17.603272,17.933771,18.292681,18.669736,19.032982,19.398628,19.737192,20.046841,20.318405,20.560363,20.774376,20.961861,21.145013,21.339919,21.570079,21.859949,22.232117,22.714595,23.329027,24.081960,24.978918,26.033980,27.223148,28.529675,29.945367,31.422059,32.941967,34.470919,35.969132,37.408784,38.770371,40.032337,41.175493,42.196993,43.089607,43.857895,44.506175,45.044758,45.483390
0.089950,43.347387,42.313394,41.073802,39.611698,37.921151,35.996158,33.849995,31.504625,28.986844,26.338654,23.621502,20.898912,18.224747,15.685410,13.330304,11.234722,9.433951,7.973505,6.863631,6.109457,5.692394,5.584228,5.737992,6.099873,6.619447,7.230015,7.884891,8.537040,9.144008,9.685609,10.141529,10.510182,10.794725,11.005183,11.157106,11.267369,11.352903,11.429581,11.508973,11.600538,11.709747,11.837223,11.981295,12.140375,12.307896,12.475638,12.634223,12.780683,12.922006,13.056488,13.184223,13.303709,13.416191,13.521697,13.621967,13.719224,13.814883,13.909143,14.003655,14.097830,14.191760,14.286009,14.378342,14.470260,14.560809,14.649485,14.736996,14.822123,14.906536,14.988919,15.070558,15.150873,15.230302,15.308609,15.386123,15.461290,15.534680,15.605011,15.673011,15.738058,15.798978,15.857086,15.911307,15.961931,16.010556,16.056515,16.102100,16.146877,16.192609,16.238719,16.286407,16.335527,16.385203,16.436349,16.487804,16.538958,16.590116,16.640042,16.688369,16.735748,16.780938,16.824966,16.866581,16.906739,16.945552,16.982364,17.018646,17.053353,17.087905,17.121560,17.155555,17.188892,17.222597,17.255541,17.287595,17.319295,17.350379,17.379920,17.407810,17.433038,17.456151,17.475377,17.491896,17.505723,17.515733,17.523551,17.529718,17.533638,17.537139,17.539181,17.541592,17.543538,17.544971,17.546750,17.546281,17.544278,17.537588,17.525127,17.505505,17.476328,17.437665,17.388965,17.326555,17.255784,17.171706,17.081864,16.980856,16.879629,16.772726,16.674673,16.579443,16.502970,16.430900,16.384329,16.358411,16.356925,16.394186,16.474536,16.580812,16.732405,16.921729,17.152939,17.397780,17.680057,17.959651,18.258076,18.535446,18.805880,19.060881,19.278842,19.481848,19.656184,19.824301,19.997677,20.191769,20.432587,20.741537,21.148777,21.667538,22.328818,23.130300,24.095441,25.207931,26.457319,27.840440,29.313693,30.864918,32.444827,34.034508,35.587836,37.085918,38.495937,39.799853,40.982347,42.038026,42.960391,43.753387,44.423361,44.979279,45.432547
0.100503,43.496208,42.501894,41.308208,39.901805,38.270745,36.418082,34.347940,32.081078,29.644691,27.090843,24.461139,21.818972,19.225153,16.758738,14.467868,12.425751,10.667022,9.236145,8.143820,7.395484,6.975678,6.852148,6.988537,7.329317,7.818435,8.407633,9.037559,9.663850,10.255100,10.779322,11.225262,11.586814,11.865900,12.073870,12.224380,12.333877,12.418800,12.494047,12.571039,12.659406,12.763245,12.885268,13.023842,13.176435,13.336691,13.498693,13.648761,13.790080,13.927003,14.057821,14.182255,14.299514,14.409416,14.512764,14.610852,14.705988,14.798542,14.890462,14.981131,15.072046,15.161822,15.251757,15.339850,15.427478,15.513284,15.598522,15.681223,15.763012,15.843035,15.922409,16.000119,16.077623,16.154178,16.229531,16.303871,16.376006,16.445671,16.512994,16.577610,16.638527,16.696383,16.750050,16.800530,16.848058,16.892433,16.935255,16.977506,17.019079,17.061360,17.104917,17.149472,17.195004,17.241848,17.289553,17.337751,17.386174,17.433595,17.480490,17.525802,17.569436,17.611976,17.652132,17.690967,17.727916,17.762886,17.796911,17.829473,17.861644,17.892641,17.923360,17.954032,17.984281,18.013982,18.043615,18.072290,18.100195,18.126733,18.152485,18.175879,18.197624,18.215808,18.231148,18.243770,18.253077,18.259111,18.263168,18.265084,18.265557,18.264685,18.263364,18.260890,18.258436,18.255698,18.252453,18.246805,18.238503,18.224510,18.204764,18.176455,18.137942,18.089231,18.027194,17.952134,17.863180,17.764146,17.651109,17.531225,17.400716,17.268071,17.138085,17.010984,16.889057,16.780736,16.677949,16.598219,16.548091,16.521778,16.520834,16.559207,16.631976,16.738469,16.884221,17.049157,17.226541,17.434890,17.631914,17.843727,18.030669,18.218387,18.376136,18.530602,18.665905,18.810096,18.964884,19.157442,19.406339,19.737487,20.169396,20.732421,21.435644,22.288699,23.310145,24.477303,25.793261,27.238000,28.773006,30.383553,32.021111,33.664363,35.268164,36.811893,38.262260,39.604900,40.821129,41.904404,42.851549,43.665478,44.352736,44.923176,45.388464
0.111055,43.642253,42.686606,41.538622,40.184377,38.614478,36.829121,34.830356,32.644588,30.291060,27.821709,25.272750,22.712496,20.204625,17.800743,15.579097,13.582037,11.868552,10.462166,9.388005,8.644949,8.219073,8.085892,8.199670,8.519712,8.984023,9.546039,10.154776,10.761843,11.332778,11.845673,12.281505,12.635507,12.911246,13.117466,13.267598,13.377151,13.461998,13.536294,13.611820,13.696578,13.797167,13.913816,14.047393,14.192761,14.346953,14.501429,14.644297,14.781589,14.914577,15.042358,15.163741,15.278375,15.386049,15.487213,15.583657,15.676472,15.766647,15.855721,15.943567,16.030154,16.116610,16.201595,16.286319,16.369193,16.451346,16.532528,16.611474,16.689602,16.766356,16.841793,16.917083,16.991259,17.065110,17.138186,17.209037,17.278067,17.344991,17.409013,17.470812,17.528547,17.582984,17.633275,17.680483,17.724555,17.766383,17.806137,17.844735,17.883662,17.923452,17.963834,18.005665,18.048995,18.092821,18.137934,18.183279,18.228356,18.273273,18.317369,18.359613,18.400945,18.440273,18.478203,18.513913,18.548469,18.580915,18.612174,18.642810,18.672373,18.701373,18.729515,18.757292,18.785066,18.812632,18.839016,18.864997,18.889708,18.913744,18.935758,18.956441,18.974404,18.989825,19.002380,19.011442,19.017997,19.021574,19.022610,19.022014,19.020215,19.017287,19.013239,19.008667,19.003629,18.998206,18.991718,18.983281,18.970610,18.952981,18.928015,18.893901,18.849577,18.793378,18.723146,18.638095,18.539207,18.427179,18.300269,18.163595,18.016337,17.862618,17.704375,17.549131,17.401064,17.251220,17.111306,16.989465,16.878375,16.798807,16.734421,16.709443,16.699957,16.733418,16.778127,16.854362,16.958794,17.058631,17.184001,17.292893,17.415315,17.514227,17.620624,17.708744,17.810394,17.916414,18.057417,18.242159,18.497722,18.846336,19.306022,19.905465,20.648265,21.559787,22.625482,23.858141,25.226755,26.728060,28.319096,29.982523,31.673404,33.360283,35.007189,36.589158,38.075312,39.446191,40.689890,41.795551,42.763057,43.593385,44.294375,44.876081,45.350913
0.121608,43.781725,42.862699,41.758832,40.455152,38.941573,37.218295,35.293263,33.177240,30.907506,28.511478,26.049291,23.566312,21.126863,18.789433,16.624959,14.675951,12.998883,11.618251,10.558395,9.819620,9.389995,9.241411,9.341011,9.634838,10.080429,10.617007,11.202166,11.792074,12.347569,12.848535,13.275803,13.625474,13.898640,14.104241,14.254992,14.365571,14.450924,14.524962,14.599155,14.681741,14.778821,14.891587,15.019589,15.159686,15.308330,15.453348,15.591219,15.724929,15.854058,15.979275,16.098011,16.210097,16.315951,16.415336,16.509992,16.600663,16.689066,16.775020,16.860101,16.943567,17.025600,17.107478,17.187482,17.266927,17.345642,17.422472,17.498692,17.572992,17.646809,17.719387,17.792106,17.863712,17.935254,18.005346,18.074170,18.140600,18.204390,18.266015,18.324982,18.379820,18.431288,18.478725,18.523263,18.564526,18.603147,18.640364,18.676888,18.713229,18.750294,18.788649,18.828316,18.868826,18.910700,18.952768,18.995603,19.038765,19.081331,19.122667,19.163019,19.201585,19.238912,19.274773,19.308742,19.341241,19.371972,19.401534,19.430167,19.458439,19.485506,19.511884,19.538299,19.564437,19.589882,19.614639,19.638031,19.660854,19.682320,19.702466,19.720510,19.736383,19.749709,19.759932,19.767386,19.771861,19.773946,19.773856,19.772060,19.768992,19.765036,19.760163,19.754757,19.748954,19.742504,19.734778,19.724569,19.710284,19.690629,19.663539,19.627058,19.579460,19.518896,19.444321,19.354895,19.249967,19.129671,18.995423,18.846889,18.688118,18.520253,18.345928,18.172297,17.998971,17.822795,17.653349,17.490359,17.336298,17.201544,17.090888,16.996334,16.923910,16.866062,16.836307,16.834458,16.840135,16.857496,16.872941,16.911406,16.931830,16.969493,16.991463,17.033542,17.076748,17.156114,17.269330,17.448124,17.706896,18.068787,18.558429,19.189722,19.974408,20.932755,22.049221,23.334090,24.755856,26.308661,27.949748,29.659541,31.391495,33.120061,34.802775,36.414717,37.928665,39.324928,40.587745,41.711725,42.693120,43.536191,44.247437,44.837494,45.319350
0.132161,43.911730,43.026781,41.962599,40.705662,39.245026,37.580663,35.719737,33.672668,31.474353,29.151807,26.761939,24.349213,21.972369,19.701412,17.582639,15.681390,14.032837,12.676190,11.628122,10.892099,10.457016,10.296331,10.378691,10.654618,11.074621,11.594318,12.159991,12.730130,13.274622,13.764054,14.185869,14.531811,14.804043,15.010374,15.162580,15.274675,15.361712,15.436052,15.509666,15.591087,15.684799,15.793835,15.917391,16.053686,16.194742,16.333135,16.466841,16.597218,16.723805,16.845823,16.962599,17.072698,17.176395,17.274516,17.367259,17.456510,17.542348,17.626089,17.708105,17.788885,17.867533,17.945767,18.022318,18.098635,18.173373,18.247631,18.320498,18.392315,18.462810,18.533327,18.603198,18.673116,18.742090,18.810342,18.877148,18.941101,19.003062,19.062259,19.118300,19.171243,19.219729,19.265103,19.306785,19.345938,19.382420,19.417714,19.451755,19.486353,19.521577,19.558016,19.595715,19.634146,19.673825,19.713731,19.754391,19.795533,19.836071,19.875428,19.913880,19.950682,19.986417,20.020446,20.053130,20.084446,20.114168,20.142654,20.170470,20.197691,20.223850,20.249201,20.274504,20.299557,20.324071,20.347330,20.369432,20.390508,20.410727,20.429156,20.445688,20.460247,20.472261,20.481530,20.487987,20.491783,20.493404,20.493108,20.491032,20.488091,20.484084,20.479610,20.474450,20.468969,20.462984,20.455281,20.445046,20.430651,20.411214,20.383969,20.347426,20.299095,20.238053,20.162585,20.071613,19.964991,19.842672,19.704691,19.552214,19.387312,19.212104,19.029463,18.842592,18.654278,18.462796,18.266269,18.074069,17.888617,17.712675,17.552879,17.397144,17.266920,17.138908,17.039757,16.937787,16.864574,16.791529,16.715494,16.664288,16.597783,16.555340,16.512071,16.477048,16.481123,16.512266,16.603928,16.771065,17.030246,17.406443,17.917862,18.581289,19.405465,20.403794,21.571837,22.905077,24.375515,25.971546,27.662770,29.407796,31.180955,32.939778,34.651171,36.288487,37.822457,39.236073,40.513952,41.649392,42.641233,43.492367,44.210742,44.806677,45.293111
0.142714,44.030207,43.176175,42.148394,40.933028,39.521027,37.908711,36.105481,34.122308,31.985871,29.731473,27.403230,25.050046,22.737318,20.513103,18.444738,16.575889,14.958513,13.619521,12.579891,11.844501,11.402938,11.233187,11.298066,11.553793,11.958666,12.456205,13.006854,13.563153,14.095692,14.578722,14.995387,15.339682,15.612176,15.820004,15.974649,16.089889,16.178396,16.254290,16.328224,16.408456,16.500313,16.606423,16.726924,16.857519,16.993583,17.124606,17.255361,17.383565,17.507527,17.627652,17.741945,17.850520,17.952791,18.049446,18.141214,18.228358,18.312375,18.394207,18.473730,18.551071,18.627327,18.701788,18.775908,18.848619,18.921097,18.992059,19.062412,19.132101,19.200536,19.268548,19.336714,19.404652,19.472274,19.538792,19.603288,19.665784,19.725439,19.782549,19.836937,19.887498,19.934483,19.977408,20.017390,20.054725,20.089634,20.123294,20.155825,20.188551,20.222460,20.257582,20.293474,20.330187,20.368101,20.406286,20.445064,20.484284,20.522982,20.560684,20.597607,20.633088,20.667508,20.700501,20.732435,20.762920,20.792137,20.820363,20.847884,20.874758,20.900663,20.925744,20.950505,20.975029,20.998833,21.021451,21.042851,21.063175,21.082415,21.100031,21.115728,21.129443,21.140965,21.150023,21.156410,21.160439,21.162394,21.162657,21.161422,21.159057,21.156178,21.152491,21.148814,21.144369,21.139647,21.133022,21.124014,21.111052,21.092659,21.067455,21.032083,20.985709,20.926740,20.852754,20.764632,20.660008,20.538741,20.402386,20.251660,20.086448,19.911171,19.726011,19.535244,19.340537,19.138242,18.928899,18.718777,18.508809,18.298970,18.099288,17.902229,17.705925,17.527618,17.342954,17.179644,17.005336,16.844372,16.698462,16.537938,16.404021,16.260633,16.151882,16.051029,15.995184,15.990250,16.056747,16.203975,16.462326,16.848543,17.378459,18.070486,18.937618,19.977303,21.185626,22.563305,24.078068,25.718721,27.445370,29.225417,31.028791,32.812629,34.548270,36.202064,37.752006,39.176636,40.464209,41.607142,42.604627,43.460505,44.182792,44.782204,45.271339
0.153266,44.136043,43.309011,42.313474,41.134662,39.764372,38.200777,36.445661,34.517944,32.435568,30.237712,27.965462,25.671364,23.403577,21.228871,19.194648,17.360250,15.763794,14.439236,13.406510,12.671162,12.222752,12.041853,12.090658,12.331897,12.719650,13.202893,13.736577,14.283659,14.807347,15.284105,15.698383,16.042669,16.316747,16.527339,16.685240,16.802975,16.894859,16.972529,17.047253,17.127303,17.217849,17.322015,17.438962,17.566620,17.694289,17.821748,17.950198,18.076367,18.198836,18.316596,18.429632,18.536500,18.637472,18.733228,18.823651,18.909619,18.991536,19.071288,19.148279,19.223656,19.296728,19.369041,19.440008,19.510775,19.580462,19.649166,19.717659,19.785036,19.851713,19.918317,19.984978,20.051653,20.117618,20.182784,20.245715,20.306659,20.364740,20.420371,20.472697,20.522012,20.567293,20.608729,20.647504,20.683416,20.717388,20.749507,20.780879,20.812724,20.845418,20.878846,20.913421,20.949070,20.985312,21.022433,21.059665,21.096793,21.133769,21.170141,21.205863,21.240394,21.273978,21.306379,21.337864,21.368197,21.397347,21.425763,21.453695,21.480641,21.506782,21.532018,21.556864,21.581255,21.604840,21.627272,21.648574,21.668675,21.687372,21.704536,21.719961,21.733621,21.745311,21.754634,21.761478,21.766552,21.769546,21.770906,21.771011,21.769837,21.768107,21.766131,21.764020,21.761733,21.758239,21.753671,21.746120,21.735204,21.719651,21.696856,21.664364,21.621873,21.566413,21.496498,21.413348,21.312981,21.198563,21.066757,20.921190,20.763292,20.591280,20.411662,20.222416,20.029179,19.825086,19.611152,19.389662,19.164412,18.935202,18.700527,18.465327,18.232383,17.988263,17.753931,17.504594,17.269723,17.017196,16.775038,16.547227,16.307348,16.101254,15.898409,15.738985,15.633452,15.582726,15.609192,15.743992,15.995695,16.388131,16.935963,17.654430,18.554460,19.628592,20.884193,22.295849,23.856707,25.528829,27.289548,29.103061,30.928423,32.735130,34.485310,36.152929,37.711600,39.143056,40.435221,41.581467,42.580994,43.438384,44.161958,44.762532,45.252905
0.163819,44.228947,43.425761,42.458006,41.311473,39.978265,38.453187,36.744022,34.859955,32.829069,30.679988,28.453722,26.204706,23.979244,21.841259,19.840589,18.028200,16.450698,15.136819,14.108497,13.371586,12.917462,12.723994,12.761094,12.989522,13.359859,13.829997,14.354644,14.891691,15.408820,15.882454,16.295596,16.641180,16.917485,17.131657,17.293954,17.415317,17.510505,17.590286,17.666699,17.747280,17.837405,17.940043,18.054211,18.177273,18.298914,18.423858,18.550842,18.675935,18.796505,18.913221,19.024892,19.130916,19.230828,19.325068,19.414457,19.498881,19.579580,19.657007,19.732406,19.805061,19.876465,19.945909,20.015123,20.083348,20.151069,20.218305,20.284757,20.350778,20.416409,20.481697,20.547230,20.612559,20.677632,20.741379,20.803277,20.862965,20.919855,20.974330,21.025477,21.073184,21.117503,21.158049,21.195811,21.230955,21.263892,21.295391,21.326084,21.357102,21.388716,21.421075,21.454718,21.488996,21.524354,21.559950,21.595779,21.631720,21.667207,21.702256,21.736746,21.770693,21.803622,21.835780,21.867129,21.897565,21.927313,21.956311,21.984846,22.012405,22.038980,22.064804,22.090059,22.114739,22.138476,22.161076,22.182604,22.202783,22.221432,22.238533,22.254151,22.267981,22.280267,22.290329,22.298600,22.304753,22.309045,22.312023,22.313305,22.313954,22.313879,22.313468,22.313120,22.312652,22.311166,22.308193,22.302755,22.294546,22.281077,22.261509,22.233790,22.194555,22.144744,22.080543,22.003087,21.911939,21.804692,21.681276,21.546402,21.395544,21.235995,21.063061,20.884965,20.696553,20.500508,20.289252,20.065543,19.833044,19.590351,19.339352,19.077448,18.801072,18.516459,18.227123,17.915662,17.601290,17.289563,16.966528,16.635002,16.321476,16.034712,15.756173,15.537193,15.358604,15.262804,15.260743,15.375174,15.618764,16.014376,16.578578,17.321171,18.245883,19.360402,20.646321,22.101231,23.692099,25.402224,27.191627,29.026482,30.873633,32.695727,34.457614,36.132638,37.696166,39.130137,40.422933,41.568749,42.567419,43.423623,44.146233,44.746190,45.236337
0.174372,44.309515,43.526660,42.582687,41.464370,40.161688,38.670930,36.997696,35.155434,33.163755,31.053834,28.870786,26.655948,24.468652,22.359166,20.382689,18.592326,17.027435,15.721485,14.695491,13.954934,13.493630,13.292530,13.318152,13.532769,13.892375,14.351480,14.865365,15.396068,15.909753,16.381310,16.795311,17.142306,17.423306,17.641240,17.807540,17.933881,18.031788,18.115253,18.193159,18.274866,18.365086,18.466501,18.579067,18.695060,18.813577,18.937021,19.063210,19.187464,19.307145,19.422726,19.533557,19.638693,19.737598,19.830960,19.919199,20.002365,20.081225,20.157421,20.230694,20.301406,20.370778,20.438545,20.505617,20.572494,20.638527,20.703987,20.769253,20.834104,20.898907,20.963456,21.028145,21.092696,21.156708,21.219627,21.280636,21.339266,21.395536,21.448846,21.499180,21.546042,21.589594,21.629637,21.666609,21.701200,21.733701,21.764862,21.795335,21.825754,21.856641,21.888192,21.920911,21.954299,21.988248,22.022957,22.057650,22.091931,22.126188,22.160386,22.193956,22.227124,22.259716,22.291785,22.323192,22.354235,22.384563,22.414619,22.443902,22.472062,22.499552,22.526320,22.552300,22.577219,22.601296,22.624354,22.646127,22.666590,22.685405,22.702818,22.718957,22.733361,22.746476,22.757638,22.767078,22.774786,22.780463,22.784723,22.787856,22.789634,22.791250,22.792555,22.793705,22.794856,22.795014,22.793586,22.790532,22.784084,22.774017,22.757473,22.733188,22.699884,22.654362,22.598424,22.527687,22.445524,22.348076,22.235107,22.110439,21.975613,21.825802,21.670147,21.501651,21.327337,21.141856,20.940842,20.725816,20.494302,20.247278,19.984179,19.703083,19.405454,19.086352,18.742123,18.388540,18.012482,17.614261,17.214956,16.813933,16.430068,16.045012,15.711381,15.407074,15.185348,15.040186,15.000665,15.084223,15.318391,15.716056,16.290140,17.053673,18.007715,19.147813,20.470009,21.955554,23.583702,25.318387,27.133368,28.991732,30.853727,32.686583,34.456751,36.135581,37.700203,39.132935,40.423302,41.565689,42.560896,43.413955,44.133682,44.731570,45.220425
0.184925,44.378892,43.613620,42.689869,41.594794,40.317783,38.857252,37.214513,35.404923,33.446047,31.372780,29.221147,27.037722,24.878426,22.792465,20.838167,19.062214,17.507200,16.206894,15.181436,14.437327,13.970098,13.758169,13.773552,13.977508,14.327174,14.777528,15.285326,15.811313,16.322320,16.793692,17.209017,17.560196,17.844918,18.067543,18.239282,18.368857,18.471142,18.557884,18.638486,18.721213,18.811906,18.913076,19.021117,19.132170,19.249014,19.372155,19.497924,19.621695,19.740585,19.855353,19.965316,20.069964,20.168098,20.260327,20.347341,20.429447,20.506992,20.581643,20.652997,20.722380,20.789740,20.856416,20.921998,20.987010,21.051996,21.116360,21.180578,21.244687,21.308799,21.372955,21.437107,21.501224,21.564583,21.626503,21.686879,21.744786,21.800380,21.853154,21.902688,21.948985,21.992027,22.031771,22.068524,22.102864,22.135293,22.166349,22.196826,22.227124,22.257584,22.288585,22.320123,22.352582,22.385625,22.418991,22.452681,22.485742,22.519004,22.552064,22.584971,22.617399,22.649817,22.681845,22.713595,22.745278,22.776465,22.807231,22.837469,22.866635,22.895296,22.922985,22.949536,22.974898,22.999382,23.022787,23.044906,23.065643,23.084797,23.102723,23.119448,23.134673,23.148608,23.161190,23.171769,23.180776,23.187686,23.193402,23.197470,23.200739,23.203309,23.205917,23.208584,23.210661,23.211938,23.212075,23.210214,23.206101,23.197890,23.184873,23.163928,23.134681,23.096459,23.045643,22.984885,22.909729,22.822697,22.724773,22.611657,22.491446,22.359297,22.215593,22.068453,21.910901,21.739287,21.556098,21.351995,21.127383,20.885946,20.619992,20.330485,20.012348,19.665502,19.289045,18.888984,18.451994,17.998747,17.539033,17.055895,16.596096,16.145615,15.720631,15.367577,15.070651,14.884114,14.806639,14.864155,15.086263,15.480129,16.062775,16.841850,17.816851,18.989517,20.339359,21.857414,23.509638,25.274124,27.109206,28.983819,30.860123,32.700504,34.474914,36.154678,37.717396,39.146788,40.431916,41.568888,42.558648,43.406832,44.122522,44.717198,45.203969
0.195477,44.438561,43.688188,42.781962,41.706018,40.452007,39.014743,37.398811,35.616654,33.686426,31.641460,29.516162,27.360835,25.223359,23.157526,21.218937,19.454444,17.907705,16.610695,15.584298,14.836618,14.362318,14.143766,14.149507,14.344453,14.686497,15.129074,15.631802,16.154053,16.663869,17.136102,17.554330,17.908217,18.197409,18.426482,18.601695,18.737188,18.843537,18.933200,19.016451,19.100880,19.192038,19.291992,19.395247,19.503128,19.619694,19.742933,19.868731,19.991988,20.110432,20.224360,20.333847,20.437569,20.535128,20.626530,20.712674,20.793489,20.869801,20.942669,21.012893,21.080328,21.146709,21.211739,21.276204,21.340016,21.404032,21.467636,21.531055,21.594824,21.658638,21.722552,21.786507,21.850175,21.912890,21.974432,22.034083,22.091492,22.146613,22.198891,22.247963,22.293892,22.336470,22.376102,22.412917,22.447378,22.479998,22.511103,22.541811,22.572125,22.602205,22.632616,22.663453,22.694871,22.726911,22.759484,22.791689,22.823927,22.856030,22.888311,22.920370,22.952185,22.984335,23.016534,23.048734,23.080891,23.112997,23.144428,23.175519,23.205997,23.235355,23.263866,23.291216,23.317031,23.341836,23.365419,23.387732,23.408779,23.428303,23.446707,23.464015,23.480354,23.495208,23.508535,23.520484,23.530349,23.538617,23.545049,23.550181,23.554138,23.557583,23.560807,23.563984,23.566531,23.568160,23.568730,23.567960,23.564900,23.558660,23.547398,23.530404,23.505034,23.472194,23.427948,23.374764,23.308610,23.232220,23.146541,23.047169,22.940043,22.824265,22.703251,22.569675,22.434341,22.282128,22.115697,21.932368,21.721396,21.490947,21.229081,20.938122,20.611677,20.248788,19.846232,19.400986,18.923452,18.422618,17.885638,17.343733,16.812854,16.291116,15.796717,15.378321,15.022840,14.786727,14.670054,14.699421,14.905313,15.292975,15.880423,16.673061,17.668223,18.862949,20.244349,21.785057,23.465227,25.250934,27.108168,28.997282,30.882258,32.729256,34.505312,36.183745,37.742716,39.166029,40.445020,41.574729,42.557764,43.399807,44.110637,44.701498,45.185595
0.206030,44.490289,43.752932,42.861269,41.802620,40.566879,39.151300,37.557290,35.797819,33.893414,31.870753,29.770736,27.635911,25.516860,23.469206,21.542360,19.788236,18.247243,16.952148,15.925130,15.174081,14.693881,14.466551,14.466004,14.653450,14.987109,15.425212,15.923140,16.443528,16.953228,17.426754,17.847279,18.206118,18.500153,18.732864,18.913822,19.053431,19.164368,19.257053,19.342990,19.429587,19.521391,19.617817,19.716721,19.824125,19.941287,20.064831,20.190867,20.313791,20.431663,20.544959,20.653723,20.756805,20.853745,20.944291,21.029383,21.109034,21.184166,21.255860,21.324006,21.390415,21.455173,21.519333,21.582588,21.645648,21.708595,21.771701,21.834973,21.898593,21.962398,22.026257,22.090098,22.153297,22.215695,22.276797,22.336081,22.393146,22.447693,22.499602,22.548343,22.593998,22.636382,22.675874,22.713004,22.747791,22.780576,22.812193,22.843050,22.873462,22.903367,22.933116,22.963163,22.994045,23.025203,23.056754,23.088009,23.118944,23.150228,23.181702,23.212745,23.244087,23.275799,23.308075,23.340640,23.373296,23.405989,23.438344,23.470239,23.501447,23.531618,23.560567,23.588382,23.614714,23.639548,23.663138,23.685514,23.706649,23.726465,23.745275,23.763204,23.780321,23.796074,23.810255,23.823076,23.833901,23.842789,23.849776,23.855316,23.859635,23.863198,23.866393,23.869089,23.871256,23.872648,23.872909,23.872228,23.869717,23.864030,23.854211,23.839486,23.817746,23.788690,23.751519,23.703548,23.647897,23.581592,23.504391,23.421816,23.327828,23.230955,23.123018,23.014302,22.896750,22.765721,22.621140,22.455936,22.269553,22.049397,21.802239,21.514296,21.186671,20.812642,20.388823,19.918237,19.407777,18.848676,18.264015,17.669394,17.056084,16.467182,15.924871,15.425232,15.028689,14.728508,14.578171,14.581388,14.762569,15.143981,15.733319,16.534730,17.549265,18.765696,20.166932,21.736341,23.437757,25.245524,27.117263,29.019655,30.914125,32.764758,34.541213,36.216921,37.770197,39.187084,40.457845,41.580152,42.555490,43.391148,44.096277,44.683072,45.164423
0.216583,44.536028,43.809794,42.931409,41.887233,40.668689,39.270572,37.697357,35.957919,34.074459,32.072979,29.993287,27.876541,25.776153,23.741248,21.826578,20.080625,18.544478,17.251546,16.223374,15.468766,14.983635,14.750028,14.742559,14.922903,15.252054,15.684557,16.179980,16.698628,17.208320,17.684048,18.107168,18.469920,18.767735,19.006647,19.192573,19.336687,19.450635,19.547310,19.635609,19.722911,19.814139,19.905804,20.003475,20.111995,20.229644,20.353718,20.479918,20.602813,20.720175,20.832607,20.940402,21.042893,21.139088,21.228769,21.312715,21.390908,21.465187,21.535216,21.602330,21.666983,21.730837,21.793726,21.856279,21.918726,21.980996,22.043693,22.107017,22.170598,22.234479,22.298345,22.362157,22.425199,22.487219,22.547841,22.606868,22.663346,22.717470,22.769026,22.817581,22.863142,22.905515,22.945029,22.982323,23.017624,23.050881,23.082826,23.113918,23.144449,23.174336,23.203756,23.233287,23.263056,23.293441,23.324008,23.354149,23.384419,23.414473,23.444916,23.475206,23.505789,23.537300,23.569529,23.602269,23.635252,23.668277,23.701176,23.733821,23.765585,23.796178,23.825495,23.853569,23.879997,23.904798,23.928112,23.950155,23.971217,23.991192,24.010196,24.028546,24.046065,24.062562,24.077380,24.090640,24.102074,24.111402,24.118567,24.124185,24.128285,24.131133,24.133389,24.135320,24.135894,24.136327,24.135607,24.133995,24.130597,24.124855,24.115409,24.101769,24.082857,24.056849,24.024084,23.982175,23.933477,23.874676,23.810605,23.738444,23.658351,23.574697,23.488784,23.393827,23.296471,23.193229,23.071386,22.925462,22.761113,22.559571,22.328105,22.049633,21.725624,21.348345,20.914805,20.424801,19.877056,19.288748,18.651376,18.001815,17.338133,16.678704,16.073321,15.513133,15.052492,14.716904,14.513863,14.491020,14.650917,15.022802,15.609448,16.418073,17.446045,18.679280,20.105388,21.693355,23.419549,25.243068,27.132730,29.046130,30.946937,32.800610,34.576698,36.248673,37.796510,39.205434,40.468444,41.581964,42.549874,43.378862,44.078339,44.660797,45.139476
0.227136,44.577409,43.861324,42.994659,41.964550,40.760998,39.379579,37.823755,36.104191,34.238496,32.257821,30.195317,28.097161,26.012519,23.991749,22.087186,20.348794,18.817713,17.527398,16.498992,15.741901,15.251500,15.013489,14.998947,15.174641,15.498331,15.926909,16.419671,16.937084,17.446999,17.924233,18.350249,18.716058,19.019261,19.262034,19.451886,19.600511,19.718833,19.818572,19.908624,19.997035,20.083767,20.173156,20.271771,20.381472,20.500078,20.624466,20.750676,20.873205,20.989953,21.101766,21.208772,21.310406,21.405387,21.494302,21.577168,21.654281,21.726550,21.795668,21.861553,21.925223,21.987548,22.049682,22.111548,22.173267,22.235124,22.297736,22.361022,22.424773,22.488740,22.552660,22.616300,22.679193,22.740831,22.801140,22.859620,22.915705,22.969450,23.020593,23.069062,23.114528,23.156984,23.196543,23.233968,23.269743,23.303811,23.336043,23.367224,23.397905,23.427891,23.457242,23.486206,23.515372,23.544633,23.573823,23.603329,23.632307,23.661429,23.690847,23.720320,23.750249,23.781348,23.813371,23.846139,23.879171,23.912277,23.945624,23.978564,24.010546,24.041322,24.070757,24.098590,24.124781,24.149348,24.172089,24.193474,24.214267,24.233979,24.253072,24.271597,24.289449,24.306238,24.321402,24.334791,24.346438,24.355748,24.362866,24.367729,24.371194,24.373121,24.373855,24.373035,24.372223,24.370436,24.367475,24.364416,24.359290,24.352550,24.342406,24.329138,24.311123,24.287589,24.257404,24.221158,24.176699,24.126864,24.069063,24.008105,23.940218,23.872118,23.797406,23.724659,23.644026,23.561196,23.458130,23.342227,23.193834,23.020097,22.800729,22.540946,22.224646,21.848533,21.408786,20.902886,20.337436,19.708713,19.041549,18.330974,17.612924,16.904260,16.239178,15.629502,15.113561,14.715063,14.482224,14.417550,14.561026,14.915549,15.499529,16.312857,17.350090,18.601792,20.043665,21.654970,23.399054,25.240145,27.144120,29.067363,30.975443,32.832060,34.607190,36.275471,37.816901,39.218831,40.473031,41.578576,42.539005,43.361266,44.055345,44.633815,45.109973
0.237688,44.615982,43.909494,43.054344,42.037152,40.847930,39.483044,37.944200,36.241430,34.394923,32.432884,30.389557,28.307951,26.238202,24.231878,22.338359,20.609003,19.083245,17.795921,16.768010,16.008912,15.515439,15.272953,15.253325,15.423836,15.742896,16.168041,16.657976,17.174334,17.684217,18.162347,18.591435,18.960103,19.267021,19.513181,19.708361,19.860832,19.982235,20.084580,20.175162,20.261685,20.345016,20.434592,20.535362,20.646235,20.765547,20.890092,21.016227,21.138047,21.254011,21.364886,21.471299,21.571508,21.665715,21.753496,21.834841,21.910834,21.981864,22.049164,22.113993,22.176856,22.238142,22.299376,22.360525,22.421696,22.483409,22.545918,22.609255,22.673233,22.737309,22.801153,22.864690,22.927457,22.988918,23.048686,23.106735,23.162259,23.215355,23.266273,23.314375,23.359773,23.402255,23.442039,23.479785,23.515995,23.550412,23.583106,23.614703,23.645524,23.675476,23.704706,23.733325,23.761666,23.789577,23.817990,23.846105,23.874346,23.902319,23.930884,23.959437,23.988931,24.019349,24.051070,24.083513,24.116240,24.149371,24.182669,24.215665,24.247571,24.277977,24.307003,24.334454,24.359982,24.383691,24.405792,24.426477,24.446601,24.465860,24.484855,24.503340,24.521063,24.537847,24.553072,24.566341,24.577592,24.586511,24.592849,24.597112,24.598781,24.598860,24.597781,24.594728,24.590384,24.585958,24.581225,24.574774,24.568065,24.558609,24.547578,24.533092,24.515189,24.492490,24.464615,24.430686,24.390895,24.345467,24.295820,24.240623,24.184789,24.124845,24.066793,24.004645,23.945553,23.875961,23.796326,23.702194,23.580059,23.421339,23.227996,22.978933,22.677192,22.306164,21.866696,21.353628,20.767037,20.115366,19.413122,18.661319,17.902182,17.141200,16.405103,15.740630,15.179609,14.733236,14.458740,14.360357,14.476318,14.819987,15.395643,16.210489,17.257071,18.520219,19.981540,21.609552,23.370336,25.230526,27.145984,29.080891,30.994592,32.854486,34.628962,36.293466,37.829489,39.223782,40.470530,41.568278,42.521130,43.337118,44.026400,44.601283,45.075252
0.248241,44.653099,43.956376,43.112224,42.107785,40.933495,39.583528,38.061514,36.378055,34.549563,32.606497,30.581718,28.517896,26.465751,24.472273,22.592605,20.871619,19.353828,18.070351,17.043843,16.284628,15.788907,15.542707,15.519166,15.683889,15.998480,16.420750,16.907982,17.422356,17.931943,18.410913,18.841521,19.212944,19.522508,19.773176,19.970762,20.126712,20.251919,20.355917,20.445900,20.527578,20.610865,20.702368,20.804727,20.916622,21.036400,21.161074,21.286499,21.407584,21.522232,21.632284,21.737627,21.836900,21.929425,22.015800,22.096198,22.170550,22.240305,22.306772,22.370368,22.431934,22.492581,22.552901,22.613474,22.674327,22.735907,22.798491,22.861874,22.925917,22.990031,23.053800,23.117368,23.179977,23.241290,23.300642,23.357702,23.412647,23.465309,23.515509,23.563299,23.608305,23.650706,23.690646,23.728801,23.765375,23.800224,23.833605,23.865681,23.896620,23.926507,23.955516,23.983846,24.011457,24.038373,24.065387,24.092724,24.119689,24.146832,24.174183,24.202211,24.230757,24.260632,24.291882,24.323752,24.356098,24.388836,24.421908,24.454261,24.485764,24.515688,24.544088,24.570202,24.594799,24.617274,24.638573,24.658408,24.677340,24.696223,24.714513,24.732624,24.750114,24.766370,24.781511,24.794364,24.804941,24.813030,24.818489,24.820910,24.821381,24.818674,24.814411,24.808856,24.801924,24.793708,24.785377,24.776908,24.766233,24.755120,24.741598,24.725263,24.706551,24.683601,24.656275,24.624047,24.587007,24.544639,24.498969,24.449506,24.399973,24.349885,24.299097,24.251995,24.202674,24.153424,24.089637,24.014733,23.910458,23.779551,23.602859,23.371202,23.081239,22.722909,22.284599,21.767672,21.171190,20.500242,19.761303,18.983477,18.168320,17.365681,16.579008,15.869613,15.243628,14.757329,14.441380,14.308702,14.401749,14.723136,15.292873,16.106221,17.158315,18.434395,19.908153,21.554079,23.331783,25.206402,27.136990,29.081108,31.001681,32.864861,34.639131,36.300879,37.831427,39.219490,40.458509,41.549312,42.495606,43.305869,43.990540,44.562495,45.034869
0.258794,44.689941,44.003034,43.170342,42.179047,41.018823,39.686027,38.181191,36.516443,34.707332,32.784091,30.778001,28.735185,26.698864,24.723744,22.857104,21.147293,19.638193,18.359987,17.337032,16.578511,16.081888,15.832239,15.805189,15.965360,16.275903,16.693167,17.177515,17.690108,18.198756,18.677668,19.109144,19.483063,19.795254,20.047991,20.249334,20.407895,20.534837,20.637900,20.724217,20.805271,20.890345,20.984102,21.087463,21.200336,21.320209,21.444514,21.569003,21.688702,21.802657,21.911617,22.015184,22.113349,22.204794,22.289698,22.367995,22.441149,22.509939,22.575298,22.637519,22.698223,22.758249,22.817870,22.878108,22.938780,23.000304,23.062921,23.126340,23.190230,23.254304,23.318164,23.381642,23.444065,23.505075,23.564164,23.620589,23.674428,23.726440,23.775813,23.823028,23.867562,23.909733,23.949799,23.988116,24.024805,24.060061,24.094098,24.126629,24.157765,24.187749,24.216672,24.244539,24.271284,24.297627,24.323693,24.349453,24.375351,24.401436,24.428125,24.455088,24.483166,24.512349,24.542591,24.573848,24.605798,24.638106,24.670225,24.701605,24.732000,24.761216,24.788341,24.813091,24.836075,24.857647,24.877272,24.896101,24.914334,24.931835,24.949600,24.966970,24.983631,24.999463,25.013831,25.026278,25.035716,25.042831,25.046877,25.047497,25.045279,25.040636,25.033416,25.023858,25.013348,25.002713,24.990156,24.977600,24.964828,24.949857,24.933833,24.916024,24.894872,24.871055,24.843480,24.811538,24.775319,24.734812,24.690828,24.644518,24.598446,24.553125,24.510669,24.470579,24.433225,24.392896,24.347903,24.284685,24.204259,24.089550,23.929089,23.720869,23.442852,23.095462,22.662515,22.144640,21.539914,20.853037,20.090801,19.280526,18.433191,17.573825,16.746653,15.987802,15.313686,14.787594,14.419497,14.261660,14.320287,14.628054,15.184100,15.995747,17.052178,18.337390,19.824404,21.485553,23.279288,25.169942,27.111348,29.065953,30.994626,32.860941,34.636030,36.295595,37.822115,39.204023,40.437007,41.520986,42.461622,43.266605,43.947588,44.517057,44.988526
0.269347,44.726961,44.050297,43.229610,42.251533,41.107265,39.790799,38.305695,36.659331,34.872462,32.968598,30.985745,28.961334,26.946724,24.987462,23.137959,21.441329,19.941931,18.672286,17.653314,16.896875,16.399842,16.148702,16.117373,16.274209,16.578883,16.992827,17.472800,17.982978,18.489534,18.967838,19.399713,19.774714,20.088888,20.343886,20.547460,20.707937,20.833705,20.933193,21.019063,21.101758,21.189213,21.284108,21.388563,21.501783,21.621699,21.744921,21.868168,21.987044,22.099062,22.206626,22.308992,22.405379,22.495243,22.578810,22.655758,22.727389,22.795304,22.859406,22.920875,22.980711,23.039756,23.099091,23.158951,23.219572,23.281163,23.343724,23.407125,23.470902,23.535018,23.598915,23.662381,23.724585,23.785105,23.843503,23.899467,23.952703,24.003397,24.052171,24.098241,24.142291,24.184239,24.224192,24.262426,24.299233,24.334709,24.368891,24.401818,24.433509,24.463616,24.492333,24.519636,24.545878,24.571583,24.596574,24.621445,24.646380,24.671424,24.696968,24.723433,24.750396,24.778843,24.808298,24.838975,24.870068,24.901065,24.932311,24.962451,24.991824,25.019026,25.044652,25.068393,25.089809,25.109249,25.127867,25.145266,25.161934,25.178671,25.194899,25.211287,25.227437,25.242524,25.255924,25.266934,25.275574,25.281392,25.283732,25.282263,25.278046,25.269611,25.259280,25.246985,25.233542,25.217647,25.202614,25.186409,25.169262,25.151737,25.132950,25.112714,25.089290,25.063613,25.035151,25.002376,24.965944,24.925395,24.881283,24.835624,24.790372,24.747486,24.707647,24.671876,24.640647,24.611061,24.573754,24.527145,24.459199,24.358632,24.218330,24.026444,23.765520,23.427186,23.001141,22.484883,21.874746,21.175650,20.393967,19.555528,18.674010,17.775368,16.904140,16.098653,15.384881,14.808020,14.399651,14.207154,14.237984,14.525870,15.071051,15.877440,16.935870,18.227748,19.728248,21.402487,23.211396,25.116297,27.070565,29.036425,30.971487,32.842799,34.618874,36.277072,37.800317,39.177473,40.405001,41.483403,42.418644,43.219472,43.897266,44.464998,44.936027
0.279899,44.763711,44.098463,43.290297,42.327050,41.198442,39.900824,38.434345,36.809822,35.044259,33.165058,31.202925,29.203227,27.207636,25.270659,23.436744,21.757404,20.270066,19.008752,17.996165,17.242547,16.746087,16.493042,16.459370,16.610989,16.911442,17.319882,17.796472,18.302027,18.806810,19.283609,19.714939,20.090288,20.405422,20.662376,20.867206,21.026335,21.148310,21.246442,21.333930,21.419734,21.508579,21.604854,21.709675,21.823021,21.942216,22.064968,22.186666,22.303329,22.413992,22.520133,22.620557,22.715674,22.803961,22.885383,22.961237,23.031823,23.098152,23.161590,23.222102,23.281107,23.339649,23.398484,23.458169,23.518717,23.580276,23.642981,23.706342,23.770419,23.834656,23.898606,23.961744,24.023619,24.083520,24.141307,24.196628,24.248872,24.298995,24.346480,24.391584,24.435063,24.476522,24.516093,24.554224,24.590948,24.626419,24.660764,24.693957,24.725859,24.756191,24.784679,24.811592,24.837375,24.862549,24.886699,24.910660,24.934181,24.958423,24.983122,25.008826,25.035047,25.062364,25.091296,25.120669,25.150616,25.180806,25.210192,25.239425,25.266575,25.292690,25.316470,25.337764,25.357806,25.375475,25.392378,25.407956,25.423789,25.438765,25.454103,25.469286,25.483888,25.497862,25.510407,25.520281,25.527975,25.531868,25.532652,25.529357,25.521693,25.511122,25.497798,25.482700,25.464351,25.445368,25.426528,25.407029,25.386704,25.366577,25.344998,25.321457,25.296136,25.268658,25.237709,25.204130,25.165953,25.124261,25.078222,25.031514,24.984722,24.939881,24.899967,24.865882,24.837218,24.811392,24.781380,24.742826,24.684524,24.601021,24.473215,24.295753,24.046319,23.719606,23.304100,22.789100,22.175942,21.467865,20.672592,19.803622,18.895378,17.960973,17.054801,16.193761,15.436032,14.816724,14.374371,14.147082,14.149720,14.416808,14.948779,15.749205,16.808084,18.106816,19.616263,21.303522,23.128893,25.045678,27.014857,28.990583,30.934057,32.809558,34.588131,36.245677,37.766084,39.139560,40.362604,41.436403,42.367195,43.164251,43.839639,44.406238,44.877417
0.290452,44.797263,44.146420,43.352878,42.404681,41.293855,40.014553,38.570158,36.968351,35.225749,33.369915,31.434782,29.456742,27.485660,25.570382,23.755767,22.093416,20.620144,19.368797,18.363845,17.614925,17.119739,16.865732,16.828886,16.976420,17.272557,17.675716,18.145996,18.648307,19.148802,19.623654,20.054222,20.429266,20.744845,21.000751,21.204583,21.359704,21.480379,21.581144,21.670553,21.757928,21.848564,21.945497,22.050509,22.162986,22.281407,22.402649,22.522515,22.637931,22.746909,22.850681,22.949917,23.042749,23.129816,23.209866,23.284232,23.353966,23.419227,23.481457,23.541391,23.599742,23.657693,23.716239,23.775672,23.836221,23.897793,23.960590,24.024510,24.088829,24.153281,24.217278,24.280186,24.341592,24.401139,24.458180,24.512087,24.563773,24.612585,24.659088,24.703543,24.745864,24.786911,24.825757,24.863409,24.899931,24.935405,24.969832,25.003201,25.035151,25.065275,25.093780,25.120671,25.145981,25.170304,25.193545,25.216691,25.239482,25.262658,25.286762,25.311165,25.336701,25.363161,25.391186,25.419548,25.448542,25.477090,25.504859,25.531991,25.558014,25.581448,25.603481,25.623141,25.640660,25.657194,25.671839,25.686320,25.700024,25.714178,25.727691,25.741304,25.755034,25.767572,25.779012,25.787696,25.794021,25.796194,25.795233,25.789706,25.779610,25.766974,25.750781,25.731765,25.710171,25.687969,25.665753,25.643039,25.620243,25.596654,25.572968,25.547164,25.520069,25.489683,25.457299,25.420833,25.381485,25.336688,25.287858,25.237755,25.186105,25.138114,25.094949,25.059030,25.029257,25.003223,24.976099,24.941279,24.891986,24.815043,24.701905,24.532644,24.299188,23.980702,23.572594,23.061149,22.447000,21.729758,20.919651,20.032657,19.096791,18.129753,17.180010,16.283941,15.489896,14.823592,14.347391,14.076657,14.058448,14.298296,14.816831,15.610675,16.669719,17.973276,19.492114,21.191509,23.030253,24.961080,26.943154,28.929233,30.881276,32.763117,34.544096,36.201825,37.720563,39.091024,40.310034,41.380020,42.307180,43.101357,43.774804,44.340822,44.812736
0.301005,44.824773,44.190781,43.414706,42.484206,41.392012,40.132903,38.710743,37.131843,35.416401,33.585672,31.676925,29.724571,27.778325,25.886263,24.092449,22.447185,20.990376,19.751931,18.754643,18.010880,17.517692,17.262747,17.223376,17.367013,17.656736,18.054265,18.520462,19.016751,19.513767,19.985736,20.414661,20.787868,21.102696,21.355807,21.553669,21.708462,21.831509,21.934376,22.026420,22.114818,22.206045,22.303349,22.407784,22.519838,22.637081,22.756077,22.874458,22.986983,23.094312,23.196681,23.294029,23.385353,23.471011,23.549857,23.623267,23.691942,23.756322,23.817535,23.876430,23.934450,23.992235,24.050422,24.109694,24.170062,24.231766,24.295001,24.359536,24.424325,24.489042,24.553107,24.615800,24.676778,24.735868,24.791982,24.844794,24.895318,24.943012,24.988886,25.032030,25.073385,25.113421,25.151578,25.188415,25.224559,25.259905,25.294415,25.327678,25.359437,25.389349,25.417783,25.444574,25.469669,25.493027,25.515537,25.537956,25.560224,25.582704,25.605488,25.629222,25.653495,25.679399,25.706165,25.733879,25.761133,25.788542,25.814656,25.840270,25.863368,25.884984,25.904977,25.922622,25.938245,25.953055,25.966283,25.978444,25.991079,26.003523,26.015590,26.027798,26.040023,26.051292,26.061526,26.069108,26.073352,26.074423,26.071001,26.063510,26.051921,26.035820,26.016848,25.995388,25.971554,25.946473,25.920539,25.895150,25.870308,25.844683,25.819044,25.791641,25.762765,25.730496,25.695604,25.656408,25.614718,25.567644,25.515033,25.457736,25.402639,25.347251,25.298015,25.257141,25.221554,25.193862,25.164742,25.130274,25.083667,25.013634,24.905805,24.747113,24.522608,24.214640,23.811933,23.304899,22.689531,21.966559,21.146619,20.242396,19.275071,18.281831,17.302056,16.368063,15.523272,14.828078,14.308864,14.004652,13.954767,14.178326,14.679095,15.465526,16.521692,17.828890,19.357095,21.067785,22.917603,24.864131,26.857993,28.855142,30.816320,32.703306,34.487816,36.146491,37.664256,39.032330,40.248256,41.314693,42.238883,43.030929,43.703075,44.268948,44.742045
0.311558,44.854979,44.229671,43.470880,42.561750,41.490643,40.254771,38.854690,37.301640,35.611618,33.810561,31.928318,30.003342,28.084719,26.214122,24.445316,22.817981,21.377374,20.150892,19.164435,18.426037,17.935291,17.680209,17.637320,17.776979,18.061056,18.453505,18.913331,19.404393,19.896972,20.364967,20.791293,21.161375,21.469282,21.717853,21.916276,22.072765,22.198862,22.303539,22.396841,22.486264,22.577522,22.674021,22.778113,22.888392,23.003923,23.121647,23.236608,23.347654,23.452463,23.553505,23.649540,23.739753,23.824205,23.902126,23.974325,24.042009,24.105655,24.165944,24.224418,24.281831,24.339410,24.397464,24.456536,24.517254,24.579341,24.643010,24.708310,24.773643,24.838854,24.902922,24.965486,25.026366,25.084563,25.139773,25.192017,25.240973,25.287887,25.331889,25.374390,25.414699,25.453113,25.490523,25.526792,25.562203,25.597205,25.631240,25.664372,25.695969,25.725814,25.753747,25.780310,25.804918,25.828018,25.850101,25.871439,25.893017,25.914622,25.936994,25.959593,25.983222,26.007655,26.033816,26.059879,26.086292,26.111693,26.136775,26.159743,26.181159,26.201019,26.218267,26.234141,26.248613,26.260831,26.272275,26.283121,26.293892,26.304982,26.315813,26.326556,26.337749,26.347684,26.356424,26.362164,26.365453,26.364575,26.359645,26.350454,26.336074,26.318080,26.296978,26.272466,26.246312,26.218848,26.191502,26.164162,26.136962,26.110235,26.083340,26.055223,26.024724,25.991239,25.954136,25.912736,25.866627,25.816986,25.758651,25.697520,25.634078,25.570361,25.514726,25.462289,25.422318,25.384750,25.350764,25.315121,25.266816,25.198532,25.095396,24.941978,24.723792,24.422851,24.025265,23.522150,22.907003,22.180316,21.347209,20.428446,19.439319,18.418390,17.405813,16.436010,15.553729,14.815378,14.264859,13.927968,13.853125,14.048548,14.537668,15.313266,16.366512,17.676756,19.211187,20.932831,22.795216,24.753936,26.760480,28.770097,30.738839,32.632821,34.420703,36.080970,37.598280,38.964603,40.177826,41.241415,42.162896,42.953262,43.624770,44.190970,44.665487
0.322111,44.889008,44.272854,43.524797,42.632513,41.585222,40.374120,39.001649,37.475617,35.812331,34.039821,32.184975,30.291397,28.398674,26.553492,24.807759,23.200439,21.775615,20.564397,19.586143,18.854056,18.366491,18.110985,18.066137,18.200292,18.480088,18.864841,19.319336,19.804606,20.291337,20.755540,21.173267,21.535965,21.840846,22.090660,22.290429,22.449465,22.576822,22.683240,22.777313,22.866965,22.957650,23.053714,23.155555,23.264878,23.378329,23.492733,23.605593,23.714382,23.817780,23.917064,24.012052,24.101578,24.184960,24.262240,24.333528,24.400361,24.463261,24.523052,24.580868,24.637944,24.695000,24.752840,24.812225,24.873300,24.936270,25.000692,25.066518,25.132709,25.198559,25.263016,25.325489,25.385978,25.443696,25.498293,25.549172,25.597191,25.642782,25.685254,25.726254,25.764963,25.802701,25.838829,25.874399,25.909002,25.943347,25.976749,26.009462,26.040868,26.070389,26.098142,26.124095,26.148315,26.171083,26.192621,26.213547,26.234237,26.255407,26.276636,26.298785,26.321443,26.345036,26.369323,26.394579,26.419120,26.443396,26.466470,26.488332,26.507606,26.525560,26.540972,26.555401,26.567476,26.578292,26.588004,26.597479,26.606692,26.615839,26.625588,26.635432,26.645001,26.653857,26.661069,26.665749,26.667100,26.664944,26.658290,26.647113,26.630808,26.611274,26.587521,26.561802,26.533820,26.504756,26.475657,26.447292,26.419335,26.391880,26.364411,26.335920,26.305024,26.270924,26.231897,26.187360,26.137994,26.084729,26.022645,25.952505,25.882227,25.810858,25.740967,25.679983,25.627550,25.584552,25.540221,25.498762,25.445469,25.375921,25.272498,25.122122,24.907090,24.610932,24.219211,23.718704,23.103103,22.371086,21.531367,20.594070,19.590469,18.541015,17.498105,16.490085,15.581878,14.802527,14.216966,13.852057,13.742205,13.920956,14.389516,15.155917,16.206801,17.518262,19.059531,20.789564,22.665574,24.636800,26.654460,28.674046,30.652616,32.552012,34.344344,36.006238,37.523646,38.888656,40.099659,41.160611,42.080063,42.868783,43.539900,44.106873,44.583037
0.332663,44.925781,44.319523,43.583505,42.704729,41.674474,40.486664,39.141761,37.645484,36.014648,34.269974,32.448028,30.582347,28.716095,26.900306,25.176918,23.590239,22.183706,20.984071,20.016803,19.290093,18.805204,18.549795,18.502180,18.631895,18.905943,19.284998,19.729975,20.210381,20.688863,21.141802,21.553812,21.914426,22.219550,22.470236,22.671907,22.832095,22.960981,23.067832,23.162235,23.251279,23.341109,23.435783,23.536172,23.642249,23.753560,23.865353,23.976395,24.082923,24.185235,24.283363,24.377370,24.466158,24.548909,24.625435,24.696466,24.762542,24.824383,24.883635,24.941112,24.997856,25.054591,25.112503,25.172121,25.233800,25.297775,25.363189,25.429966,25.497048,25.563946,25.628714,25.691391,25.751607,25.808847,25.862855,25.912698,25.959641,26.003145,26.044662,26.083289,26.121057,26.156953,26.192467,26.226731,26.260880,26.294124,26.327039,26.358982,26.389684,26.418901,26.446155,26.471693,26.495487,26.517658,26.538842,26.559346,26.579742,26.600077,26.620555,26.641792,26.663393,26.686193,26.709502,26.732800,26.756419,26.778967,26.800881,26.820823,26.838703,26.855172,26.869022,26.881412,26.892516,26.901737,26.909910,26.917400,26.925456,26.933446,26.941976,26.950657,26.959168,26.966912,26.972471,26.975831,26.976263,26.972469,26.964128,26.950705,26.933081,26.911580,26.887008,26.859399,26.830354,26.800608,26.771065,26.742347,26.714190,26.686864,26.659612,26.631212,26.600893,26.566620,26.526841,26.480270,26.427554,26.368017,26.302442,26.225546,26.146189,26.064272,25.982484,25.911986,25.847128,25.787158,25.736779,25.681633,25.624483,25.547072,25.442717,25.291254,25.078126,24.784471,24.395179,23.896455,23.280458,22.544619,21.696583,20.748449,19.721438,18.651818,17.580889,16.541790,15.599456,14.790529,14.162523,13.766952,13.636779,13.787498,14.241863,14.997792,16.044172,17.356426,18.902525,20.642723,22.528160,24.511191,26.542000,28.571129,30.558077,32.463911,34.259730,35.923859,37.441398,38.805184,40.014173,41.073103,41.990533,42.778004,43.448694,44.016419,44.494666
0.343216,44.964411,44.368670,43.644881,42.780899,41.767472,40.598238,39.276291,37.806627,36.207450,34.497974,32.705013,30.871969,29.035070,27.247031,25.546660,23.984164,22.592782,21.408697,20.449560,19.729390,19.246657,18.989704,18.939048,19.063791,19.329015,19.700948,20.136402,20.605323,21.075915,21.525477,21.935819,22.295765,22.601196,22.852510,23.054797,23.215757,23.344977,23.452111,23.545534,23.633964,23.721908,23.814537,23.912208,24.016279,24.124930,24.234743,24.343418,24.448918,24.550218,24.647611,24.740694,24.828828,24.911015,24.987220,25.057665,25.123143,25.184599,25.243068,25.300112,25.356531,25.413457,25.471533,25.531684,25.594382,25.659136,25.725702,25.793414,25.862185,25.929893,25.995509,26.058488,26.118803,26.175775,26.228567,26.277781,26.322856,26.365479,26.404697,26.441928,26.477976,26.512290,26.546502,26.579591,26.612904,26.645480,26.677058,26.708261,26.738241,26.767040,26.793765,26.818727,26.842149,26.863835,26.884589,26.904685,26.924592,26.944303,26.964096,26.984173,27.005197,27.026523,27.048825,27.071111,27.092959,27.114393,27.135021,27.153878,27.170758,27.185367,27.198445,27.209314,27.218865,27.226845,27.233884,27.240531,27.247108,27.254380,27.261622,27.269460,27.276891,27.283132,27.287766,27.290032,27.288391,27.283054,27.273626,27.259018,27.239743,27.217155,27.191228,27.162994,27.133397,27.103480,27.074206,27.045745,27.018650,26.991835,26.965414,26.938161,26.908119,26.874224,26.834278,26.786387,26.730449,26.666221,26.595782,26.513693,26.421772,26.328254,26.239021,26.149349,26.070383,26.002583,25.936372,25.869011,25.802318,25.716717,25.607619,25.453605,25.238687,24.945980,24.557342,24.059262,23.442097,22.703498,21.846068,20.885487,19.846546,18.752953,17.655963,16.591924,15.613452,14.767586,14.115845,13.689640,13.528994,13.657585,14.096944,14.841199,15.880551,17.193293,18.744512,20.492167,22.387810,24.382582,26.423402,28.462404,30.457351,32.368901,34.169068,35.834782,37.352399,38.714893,39.922125,40.979006,41.894739,42.680961,43.351376,43.919926,44.400405
0.353769,45.004102,44.419028,43.708236,42.859355,41.862617,40.714130,39.413696,37.967893,36.394353,34.711228,32.952346,31.148513,29.346457,27.584729,25.911856,24.371401,22.999127,21.826870,20.878652,20.163377,19.682255,19.423912,19.366044,19.482796,19.739443,20.099667,20.529677,20.992196,21.459924,21.906510,22.314553,22.673840,22.978600,23.229868,23.432369,23.593231,23.722098,23.828492,23.920648,24.007074,24.093797,24.183647,24.279565,24.381760,24.487138,24.595018,24.702740,24.807134,24.907195,25.003898,25.096773,25.184278,25.266041,25.341830,25.411873,25.476909,25.537752,25.595993,25.652745,25.709115,25.766250,25.824888,25.885679,25.949478,26.015078,26.083019,26.152692,26.222165,26.290896,26.357515,26.421469,26.481911,26.538446,26.590794,26.638736,26.682570,26.723322,26.761500,26.796660,26.830987,26.863854,26.895797,26.928125,26.959779,26.991404,27.022534,27.052606,27.082093,27.109814,27.135982,27.160562,27.183116,27.204461,27.224602,27.243986,27.263460,27.282403,27.301298,27.320918,27.340880,27.361736,27.382644,27.404110,27.424979,27.445450,27.464462,27.482264,27.498190,27.511987,27.523801,27.534150,27.542556,27.549773,27.556081,27.561874,27.567751,27.574063,27.580853,27.587297,27.593682,27.598842,27.602750,27.603430,27.600992,27.594282,27.583066,27.567367,27.547511,27.523768,27.497218,27.468695,27.439293,27.409707,27.381152,27.354235,27.327983,27.303400,27.278363,27.251625,27.222885,27.189945,27.150150,27.101894,27.043107,26.975923,26.897694,26.808742,26.711467,26.604922,26.502727,26.398471,26.307769,26.218170,26.140777,26.062650,25.978567,25.885333,25.767397,25.610174,25.391771,25.097913,24.708502,24.210035,23.591080,22.848146,21.984774,21.015382,19.957017,18.849303,17.721833,16.630020,15.621535,14.752861,14.062209,13.610663,13.423833,13.530583,13.953093,14.685744,15.719186,17.031312,18.586088,20.340145,22.246065,24.249526,26.301047,28.349270,30.351422,32.269398,34.072772,35.740122,37.257540,38.618766,39.823981,40.878936,41.792758,42.577966,43.248173,43.817695,44.300510
0.364322,45.044215,44.469957,43.772100,42.938298,41.959213,40.830828,39.551943,38.132026,36.582464,34.928734,33.194796,31.421232,29.642834,27.909537,26.260824,24.740632,23.385414,22.228977,21.288853,20.579328,20.099142,19.838620,19.777815,19.888552,20.139387,20.494979,20.917269,21.374878,21.837075,22.279838,22.685794,23.042668,23.345864,23.596251,23.797756,23.958199,24.086278,24.191525,24.283188,24.368330,24.452902,24.541795,24.635762,24.734638,24.838756,24.944884,25.050731,25.154363,25.253590,25.349609,25.441663,25.528620,25.609907,25.685450,25.755275,25.820040,25.880636,25.938545,25.995210,26.051700,26.109107,26.168552,26.230876,26.295762,26.362726,26.432628,26.503204,26.574426,26.643977,26.711699,26.776144,26.836768,26.893030,26.944818,26.991830,27.034423,27.073604,27.110074,27.143865,27.175650,27.206615,27.237630,27.267822,27.298758,27.329074,27.358715,27.388140,27.416734,27.444102,27.469603,27.493148,27.515392,27.535788,27.555199,27.574089,27.592134,27.610297,27.628597,27.647478,27.666682,27.686910,27.707014,27.727641,27.747828,27.767029,27.785302,27.802395,27.817498,27.830702,27.842146,27.851637,27.859635,27.866520,27.872560,27.878049,27.883532,27.889238,27.895293,27.901186,27.906445,27.910404,27.913218,27.912943,27.908808,27.901002,27.889301,27.872798,27.851974,27.828026,27.801157,27.772733,27.743562,27.715236,27.687773,27.662113,27.638040,27.615581,27.592758,27.567920,27.541123,27.508825,27.469469,27.420949,27.361153,27.289335,27.207850,27.110959,27.005165,26.890322,26.769939,26.657076,26.543931,26.445332,26.345540,26.252741,26.161221,26.053448,25.928364,25.760771,25.539937,25.241524,24.851188,24.350471,23.730107,22.983751,22.114532,21.132757,20.064579,18.933912,17.790617,16.670116,15.637332,14.731397,14.018876,13.531609,13.322705,13.407820,13.813223,14.532841,15.561718,16.871735,18.429034,20.189535,22.102868,24.115580,26.175623,28.233449,30.242589,32.165403,33.971824,35.640556,37.157609,38.517377,39.720524,40.773015,41.685079,42.469156,43.139354,43.710122,44.195769
0.374874,45.084223,44.520859,43.835631,43.016900,42.056061,40.946965,39.691595,38.294362,36.772683,35.143651,33.439850,31.690901,29.940656,28.232355,26.606416,25.104904,23.768668,22.623395,21.694041,20.989449,20.511909,20.250604,20.186747,20.294088,20.538585,20.887243,21.303971,21.756357,22.213179,22.651354,23.052870,23.407633,23.709141,23.958010,24.158867,24.318237,24.445521,24.550218,24.640478,24.724628,24.807681,24.894778,24.986088,25.083607,25.184891,25.289716,25.394536,25.496929,25.595242,25.690373,25.781890,25.868427,25.949434,26.024548,26.094254,26.158771,26.219185,26.277178,26.333900,26.390720,26.449089,26.509515,26.572409,26.638648,26.707990,26.778762,26.851092,26.923563,26.994124,27.062744,27.127771,27.188561,27.244639,27.295534,27.341648,27.383609,27.421262,27.455185,27.487628,27.517548,27.546632,27.575784,27.604631,27.633345,27.662711,27.691246,27.719902,27.747593,27.773729,27.798533,27.821174,27.842370,27.862337,27.880690,27.898573,27.915847,27.932809,27.950351,27.967913,27.986629,28.005540,28.025156,28.044534,28.064046,28.082717,28.100305,28.116532,28.131321,28.144329,28.155345,28.164667,28.172573,28.179387,28.185403,28.190765,28.195879,28.201205,28.206606,28.211919,28.216074,28.218799,28.220263,28.218260,28.213362,28.204217,28.190800,28.173635,28.152194,28.127371,28.100446,28.072284,28.044116,28.016426,27.990784,27.966955,27.944947,27.923821,27.903984,27.881852,27.856932,27.825590,27.786511,27.737450,27.676655,27.603579,27.516445,27.415658,27.298381,27.175038,27.042274,26.915110,26.789794,26.667911,26.559189,26.450711,26.338379,26.223695,26.083021,25.909018,25.682009,25.380114,24.985659,24.483251,23.860353,23.110199,22.234138,21.246038,20.161975,19.017106,17.853262,16.712580,15.646313,14.719791,13.971587,13.463830,13.223546,13.292481,13.676614,14.387212,15.407902,16.715486,18.274449,20.039103,21.959639,23.980512,26.049670,28.114311,30.130379,32.057719,33.867108,35.536487,37.052916,38.410966,39.611696,40.661878,41.571833,42.354860,43.025271,43.597823,44.086620
0.385427,45.123836,44.571175,43.898867,43.095063,42.151393,41.062718,39.828643,38.457075,36.959096,35.359088,33.679926,31.960981,30.237269,28.550826,26.947473,25.468283,24.146195,23.015532,22.094077,21.395816,20.920350,20.658396,20.592102,20.693863,20.934043,21.276502,21.686936,22.131718,22.583297,23.017137,23.416100,23.767587,24.067313,24.315264,24.514875,24.673650,24.800271,24.903605,24.993212,25.075501,25.157652,25.241910,25.331523,25.426712,25.526386,25.629200,25.732884,25.834343,25.932164,26.026483,26.117172,26.203436,26.284196,26.359263,26.428627,26.492981,26.553433,26.611547,26.668964,26.726477,26.785471,26.846702,26.911405,26.978776,27.049753,27.122068,27.196024,27.269130,27.341215,27.410278,27.475958,27.536870,27.592543,27.642790,27.688355,27.728697,27.765131,27.797363,27.827480,27.856349,27.883527,27.910003,27.937531,27.964633,27.992705,28.020273,28.047197,28.074069,28.099151,28.122995,28.144689,28.165232,28.183824,28.201617,28.218114,28.234340,28.250482,28.267021,28.283840,28.301190,28.319583,28.337939,28.356879,28.375550,28.393675,28.410927,28.426899,28.441511,28.454702,28.465759,28.475248,28.483493,28.490569,28.496914,28.502218,28.507338,28.512643,28.517865,28.522272,28.525744,28.527409,28.527291,28.524165,28.517403,28.507113,28.492374,28.474070,28.451976,28.426572,28.399465,28.371691,28.344109,28.317500,28.292468,28.270421,28.250129,28.231406,28.212676,28.192883,28.169464,28.138958,28.099808,28.049752,27.987057,27.909643,27.820969,27.713663,27.592041,27.454880,27.315218,27.168648,27.028108,26.897352,26.765159,26.644393,26.517428,26.389550,26.237180,26.055603,25.818185,25.512739,25.115343,24.610080,23.983312,23.229917,22.349368,21.350860,20.258619,19.096970,17.914135,16.748030,15.663617,14.703528,13.931779,13.397477,13.132859,13.180558,13.547728,14.245902,15.257917,16.563069,18.122087,19.890672,21.816243,23.845354,25.921212,27.993801,30.014890,31.946852,33.758181,35.428049,36.943584,38.299596,39.497969,40.545511,41.453596,42.235598,42.906479,43.481114,43.973342
0.395980,45.162818,44.620673,43.960946,43.172566,42.246357,41.176845,39.964582,38.615809,37.143970,35.570268,33.918006,32.224498,30.528261,28.867620,27.286343,25.825135,24.519035,23.400887,22.488448,21.795560,21.322098,21.059817,20.989770,21.088112,21.321994,21.658158,22.061601,22.501887,22.947471,23.377424,23.772029,24.121453,24.419486,24.665867,24.864693,25.022730,25.148473,25.251084,25.338940,25.420377,25.500075,25.583247,25.670516,25.762806,25.861077,25.962399,26.065145,26.165581,26.262400,26.356105,26.446480,26.532399,26.612996,26.687954,26.757264,26.821554,26.882321,26.940707,26.998691,27.056825,27.116896,27.179729,27.245053,27.314475,27.386321,27.460816,27.535493,27.610338,27.683158,27.752756,27.818669,27.879543,27.934840,27.984550,28.029196,28.068639,28.103078,28.134050,28.162756,28.188734,28.214135,28.239680,28.264542,28.290770,28.316820,28.343085,28.369395,28.394563,28.419035,28.441407,28.462572,28.481623,28.499692,28.516010,28.531963,28.546901,28.562214,28.577247,28.593338,28.609890,28.626917,28.644663,28.662979,28.681196,28.698838,28.715755,28.731665,28.746645,28.760248,28.771853,28.781946,28.790719,28.798725,28.805297,28.811374,28.816786,28.822392,28.827367,28.831502,28.834344,28.835441,28.834025,28.829555,28.821417,28.808921,28.793097,28.773937,28.750869,28.725029,28.697650,28.670007,28.642868,28.617023,28.593792,28.572936,28.554425,28.537223,28.521135,28.502906,28.480151,28.450578,28.410736,28.358648,28.292606,28.212805,28.116212,28.006250,27.874904,27.730577,27.577084,27.423258,27.268610,27.115517,26.974745,26.831653,26.693397,26.551919,26.390202,26.196483,25.952942,25.639425,25.238287,24.730150,24.101577,23.343705,22.457782,21.453929,20.347960,19.176204,17.971156,16.787094,15.679075,14.693824,13.899242,13.333062,13.047990,13.074821,13.426632,14.109930,15.113903,16.413226,17.971998,19.742945,21.673764,23.709057,25.791967,27.870144,29.896223,31.831693,33.644981,35.315240,36.829742,38.183682,39.379461,40.424646,41.330969,42.112270,42.783712,43.360387,43.856229
0.406533,45.201128,44.669516,44.022316,43.248735,42.339475,41.289160,40.099037,38.772945,37.326941,35.776942,34.153604,32.485162,30.812980,29.177809,27.618275,26.175989,24.885623,23.778974,22.876296,22.187944,21.716661,21.453657,21.381011,21.473483,21.702353,22.032326,22.429513,22.863927,23.304902,23.729480,24.121645,24.468340,24.764818,25.010031,25.207846,25.364992,25.489904,25.591359,25.678496,25.757648,25.836184,25.916426,26.001975,26.092735,26.188666,26.289104,26.390299,26.490086,26.586176,26.679374,26.769340,26.854960,26.935467,27.010440,27.079712,27.144337,27.205210,27.264179,27.322914,27.381988,27.443167,27.506842,27.574140,27.644328,27.718179,27.793442,27.869916,27.945575,28.019019,28.089227,28.155082,28.215871,28.270875,28.319981,28.363060,28.401579,28.434537,28.464235,28.490260,28.515333,28.538507,28.562227,28.585517,28.610242,28.634847,28.660110,28.684499,28.709010,28.732014,28.753580,28.773415,28.791924,28.808589,28.824343,28.838620,28.853019,28.866785,28.881265,28.895842,28.911665,28.927831,28.944956,28.962203,28.980087,28.997548,29.014390,29.030605,29.045856,29.059861,29.072971,29.084230,29.093678,29.102421,29.110366,29.116888,29.123505,29.129331,29.134526,29.138572,29.141047,29.140843,29.138490,29.132401,29.123145,29.109217,29.092309,29.071249,29.047320,29.021002,28.993506,28.965694,28.938873,28.914178,28.891592,28.872095,28.855272,28.840569,28.825748,28.808640,28.787380,28.757945,28.717521,28.664179,28.595313,28.508938,28.407451,28.291208,28.153940,28.000635,27.836630,27.664577,27.495672,27.331076,27.175068,27.017173,26.867558,26.707109,26.534020,26.332813,26.080201,25.763345,25.356922,24.846177,24.214476,23.453360,22.563449,21.550680,20.437662,19.249390,18.030247,16.829453,15.693374,14.690399,13.864715,13.277299,12.971712,12.972548,13.307169,13.978630,14.972918,16.267163,17.824021,19.596541,21.531424,23.571218,25.659626,27.743411,29.773939,31.712407,33.527598,35.197887,36.711291,38.063418,39.256783,40.299952,41.204616,41.985300,42.657451,43.236208,43.735639
0.417085,45.238783,44.717535,44.082977,43.323508,42.430696,41.400246,40.230062,38.928489,37.505055,35.982729,34.382948,32.743103,31.095949,29.481663,27.943523,26.519903,25.247061,24.151347,23.256972,22.573908,22.104338,21.840015,21.764577,21.853004,22.074739,22.398543,22.790329,23.218948,23.654192,24.075605,24.463633,24.808493,25.103085,25.347515,25.544610,25.700788,25.824812,25.925625,26.011221,26.089134,26.165539,26.243622,26.326870,26.416225,26.510875,26.609539,26.709552,26.808445,26.904010,26.996780,27.086189,27.171696,27.252087,27.327052,27.396783,27.461592,27.523157,27.582758,27.641924,27.702510,27.764477,27.829812,27.897818,27.969623,28.044312,28.121214,28.198436,28.274926,28.349036,28.419452,28.485224,28.545482,28.599857,28.648097,28.690607,28.726938,28.759121,28.786309,28.811397,28.833847,28.855704,28.877779,28.899682,28.922934,28.946104,28.970144,28.993383,29.016724,29.038748,29.059389,29.078424,29.095617,29.111788,29.126148,29.139230,29.152501,29.165482,29.178460,29.192293,29.206979,29.222501,29.238790,29.255338,29.272782,29.290049,29.307033,29.323412,29.339432,29.354278,29.368533,29.380769,29.392371,29.402326,29.410867,29.419413,29.426562,29.433416,29.438793,29.442835,29.444687,29.444138,29.440278,29.433480,29.422111,29.407439,29.388266,29.366467,29.340901,29.313984,29.285699,29.257644,29.231145,29.206988,29.185537,29.167538,29.151734,29.138385,29.124774,29.109294,29.088306,29.058757,29.017761,28.961634,28.889358,28.799245,28.691630,28.568501,28.421286,28.260371,28.082444,27.900733,27.721608,27.542655,27.365258,27.199371,27.029595,26.862010,26.675029,26.464241,26.205427,25.881245,25.470685,24.956877,24.322561,23.558473,22.664207,21.645236,20.523316,19.323409,18.091449,16.867629,15.716196,14.684285,13.840834,13.229280,12.897696,12.877509,13.196131,13.849699,14.834111,16.122388,17.677275,19.450183,21.387573,23.432013,25.524852,27.612949,29.647941,31.589049,33.405632,35.076203,36.588571,37.938978,39.130527,40.171703,41.075028,41.855253,42.528138,43.108936,43.612055
0.427638,45.275837,44.764988,44.142443,43.397434,42.521464,41.508769,40.359934,39.080144,37.682775,36.184542,34.610512,32.996095,31.372231,29.783805,28.265399,26.861127,25.601327,24.518144,23.631480,22.953633,22.485793,22.220560,22.142067,22.225015,22.442391,22.759350,23.145717,23.567285,23.998786,24.415028,24.800673,25.142543,25.436041,25.679320,25.875844,26.031365,26.154811,26.254403,26.339360,26.415469,26.489837,26.566110,26.647489,26.734571,26.827611,26.925177,27.024074,27.122269,27.217178,27.309273,27.398421,27.483706,27.564090,27.639292,27.709249,27.775025,27.837083,27.897186,27.957329,28.018869,28.082410,28.148499,28.218401,28.291147,28.366526,28.444085,28.521941,28.599022,28.673468,28.743927,28.809236,28.869304,28.922695,28.969840,29.011138,29.045774,29.076189,29.102212,29.124900,29.145975,29.166528,29.186326,29.207547,29.228824,29.250991,29.273920,29.296128,29.318462,29.339631,29.359634,29.377596,29.394347,29.409249,29.422336,29.434838,29.446444,29.458681,29.470624,29.483697,29.497457,29.512025,29.527178,29.543392,29.560039,29.577265,29.594340,29.611464,29.627900,29.644167,29.659015,29.673386,29.685767,29.697781,29.707895,29.718143,29.726936,29.734191,29.740356,29.744389,29.745961,29.744628,29.740033,29.731971,29.719150,29.702469,29.682461,29.658727,29.631446,29.603230,29.573955,29.545636,29.519166,29.495190,29.474621,29.457066,29.442373,29.429797,29.417208,29.402175,29.381350,29.351353,29.308549,29.250486,29.174741,29.081228,28.967907,28.834505,28.681296,28.510866,28.324660,28.130861,27.932248,27.742409,27.550918,27.370795,27.187722,27.007660,26.812058,26.588113,26.322330,25.992935,25.580006,25.062041,24.425736,23.659477,22.760599,21.737711,20.606011,19.398408,18.148765,16.910098,15.738663,14.687673,13.814682,13.182443,12.825325,12.789118,13.086887,13.725468,14.699798,15.980296,17.530232,19.302687,21.241995,23.289257,25.386813,27.479156,29.517339,31.461536,33.279519,34.950356,36.461994,37.810886,39.000705,40.040336,40.942565,41.722595,42.396268,42.979317,43.486284
0.438191,45.312209,44.811567,44.201398,43.470712,42.610515,41.617093,40.489000,39.231050,37.856599,36.384262,34.835606,33.245021,31.648139,30.079757,28.583454,27.197219,25.952199,24.880512,24.002353,23.328492,22.862502,22.596619,22.514232,22.592859,22.804496,23.116022,23.494961,23.911662,24.338327,24.751214,25.132999,25.472944,25.764984,26.007327,26.203113,26.358258,26.480886,26.579831,26.663419,26.738246,26.810229,26.884500,26.964427,27.049848,27.141766,27.237357,27.335643,27.432646,27.527013,27.618715,27.707573,27.792703,27.873337,27.948563,28.019234,28.085335,28.148352,28.209762,28.270573,28.332837,28.397674,28.465128,28.535941,28.609604,28.685805,28.763599,28.841827,28.919125,28.993580,29.063443,29.128539,29.187219,29.240079,29.285672,29.325540,29.358845,29.386814,29.411286,29.433160,29.452180,29.470707,29.489811,29.509220,29.529360,29.550804,29.572101,29.593799,29.615191,29.635652,29.654942,29.672605,29.688264,29.702264,29.714921,29.726060,29.737122,29.747704,29.759117,29.770659,29.783701,29.797244,29.811883,29.827235,29.843448,29.860460,29.877852,29.895276,29.912851,29.929589,29.946308,29.961459,29.976286,29.989202,30.001749,30.013404,30.023684,30.032648,30.039247,30.043410,30.044928,30.043340,30.037706,30.028523,30.014256,29.996299,29.973498,29.948282,29.919063,29.889381,29.859201,29.829999,29.802623,29.778688,29.758115,29.740775,29.726419,29.713883,29.701589,29.686498,29.664742,29.633999,29.589314,29.529400,29.450065,29.349298,29.231187,29.090826,28.932040,28.748170,28.551040,28.348024,28.139533,27.929949,27.731110,27.531443,27.341122,27.143738,26.938012,26.709006,26.434494,26.100684,25.682262,25.162742,24.523639,23.755683,22.854500,21.826012,20.689465,19.469708,18.210670,16.956183,15.760670,14.688087,13.798157,13.139697,12.759755,12.702435,12.979312,13.605841,14.565075,15.837482,17.383596,19.153875,21.093614,23.143454,25.244532,27.340461,29.382591,31.329242,33.149031,34.820439,36.331708,37.679582,38.867930,39.906182,40.807675,41.587717,42.262556,42.848100,43.359074
0.448744,45.347797,44.857451,44.259555,43.542755,42.699461,41.723578,40.615793,39.381661,38.030062,36.582438,35.060150,33.493181,31.919092,30.375937,28.898720,27.530286,26.300049,25.240489,24.369625,23.700392,23.235978,22.969078,22.883526,22.958128,23.162742,23.468986,23.842666,24.253846,24.674696,25.084320,25.463221,25.801315,26.091444,26.332856,26.528052,26.682898,26.805161,26.903297,26.985145,27.058420,27.129180,27.202293,27.280097,27.364194,27.453938,27.548808,27.645338,27.741396,27.835319,27.926621,28.015322,28.100456,28.181133,28.256833,28.328075,28.394881,28.458965,28.521192,28.583459,28.646729,28.712056,28.780863,28.852497,28.926720,29.003234,29.081095,29.159152,29.236099,29.310302,29.379685,29.443214,29.501377,29.552092,29.596950,29.634214,29.666284,29.692589,29.715942,29.735431,29.753670,29.770745,29.787754,29.805956,29.825563,29.845650,29.866471,29.887229,29.907968,29.928098,29.946763,29.964001,29.979330,29.992820,30.004393,30.015023,30.025201,30.034861,30.045208,30.055981,30.067533,30.080403,30.094413,30.108945,30.124622,30.141284,30.158752,30.176651,30.194573,30.212906,30.230292,30.247797,30.263466,30.279299,30.293820,30.306666,30.318574,30.328829,30.336178,30.340666,30.342299,30.340162,30.333817,30.323433,30.308065,30.287257,30.263415,30.234757,30.204088,30.172726,30.140519,30.110489,30.081881,30.056991,30.036042,30.018243,30.003232,29.990535,29.977173,29.961320,29.938543,29.905239,29.858607,29.795583,29.710902,29.607516,29.480217,29.336396,29.166556,28.975999,28.771261,28.551551,28.333367,28.111084,27.899032,27.686801,27.484019,27.275288,27.061322,26.820227,26.541810,26.200693,25.780281,25.257513,24.617396,23.847405,22.944300,21.912854,20.768837,19.542783,18.268693,16.998781,15.789905,14.697078,13.779380,13.098030,12.700905,12.616888,12.879012,13.485151,14.434136,15.696439,17.235063,19.002988,20.942485,22.994316,25.097969,27.197601,29.242653,31.192362,33.014019,34.686577,36.197955,37.545215,38.732473,39.769803,40.670784,41.451175,42.127609,42.715998,43.231125
0.459296,45.382746,44.902648,44.316781,43.614634,42.787113,41.830512,40.743269,39.529893,38.203616,36.778437,35.280983,33.741284,32.189955,30.669313,29.213640,27.860548,26.647037,25.597194,24.735062,24.070470,23.607603,23.339415,23.251055,23.321078,23.520144,23.820410,24.188270,24.593539,25.011036,25.416408,25.792505,26.128608,26.417420,26.657658,26.852410,27.006855,27.128744,27.226052,27.306876,27.379209,27.448728,27.519914,27.596400,27.678782,27.767190,27.859872,27.955358,28.050842,28.143827,28.234859,28.323237,28.408458,28.489417,28.565484,28.637253,28.705368,28.770163,28.833835,28.896909,28.960921,29.027497,29.096646,29.168866,29.243473,29.320079,29.397618,29.475320,29.551825,29.624391,29.692705,29.755252,29.811481,29.861385,29.903302,29.939653,29.969101,29.994133,30.015775,30.034172,30.050475,30.066638,30.082541,30.099881,30.118035,30.137509,30.157758,30.178132,30.198572,30.218065,30.236363,30.253352,30.268550,30.281733,30.292873,30.303021,30.312367,30.321687,30.330714,30.340413,30.351192,30.363342,30.375966,30.390162,30.405291,30.421560,30.438851,30.456885,30.475602,30.494422,30.513772,30.532014,30.550346,30.567106,30.583898,30.598501,30.612404,30.623289,30.631743,30.637128,30.638680,30.636123,30.629151,30.616780,30.599993,30.577022,30.550868,30.520456,30.487578,30.452895,30.419765,30.386818,30.357528,30.331185,30.308080,30.288993,30.273533,30.258948,30.244220,30.226627,30.201001,30.166584,30.115994,30.049356,29.961325,29.849898,29.719518,29.564888,29.391554,29.191099,28.974386,28.749036,28.514016,28.285099,28.054929,27.836020,27.616570,27.401662,27.173924,26.928202,26.640448,26.296528,25.871415,25.347560,24.705971,23.935214,23.030037,21.995878,20.847020,19.613109,18.329932,17.046408,15.816040,14.706017,13.766774,13.062578,12.642648,12.536742,12.778922,13.369286,14.302258,15.552730,17.085939,18.849188,20.787970,22.840673,24.947081,27.049443,29.098250,31.050535,32.874703,34.548454,36.060513,37.407781,38.594738,39.631688,40.532673,41.313833,41.992133,42.583714,43.103095
0.469849,45.417079,44.947146,44.373489,43.685729,42.874971,41.935911,40.868901,39.679185,38.374633,36.974942,35.502363,33.987448,32.460111,30.960658,29.525376,28.192306,26.992343,25.953844,25.099696,24.439789,23.978697,23.709890,23.618342,23.683833,23.877493,24.171776,24.533921,24.933976,25.346981,25.748697,26.122432,26.456091,26.743869,26.983569,27.177817,27.331948,27.453174,27.549911,27.630207,27.701332,27.769955,27.840089,27.914488,27.995054,28.082108,28.173151,28.267515,28.361616,28.454128,28.544474,28.632655,28.717855,28.799058,28.876132,28.948512,29.017285,29.083629,29.148158,29.212406,29.277379,29.344510,29.414094,29.486386,29.561052,29.637290,29.714406,29.791615,29.866074,29.937927,30.004813,30.065954,30.120430,30.167102,30.207483,30.241852,30.269365,30.293054,30.312182,30.329585,30.344781,30.359937,30.374878,30.391082,30.408869,30.427691,30.447328,30.467574,30.487624,30.506903,30.525069,30.541871,30.557203,30.570479,30.581526,30.591369,30.600473,30.609021,30.617581,30.626624,30.636066,30.647111,30.659050,30.672359,30.686741,30.702741,30.719824,30.737997,30.756969,30.776537,30.796862,30.816483,30.836468,30.855048,30.873024,30.890277,30.904945,30.917953,30.927147,30.933096,30.934794,30.931884,30.923495,30.910414,30.890499,30.866486,30.836536,30.803575,30.768936,30.732299,30.695215,30.661170,30.628308,30.600611,30.575252,30.554771,30.535956,30.519725,30.503422,30.481635,30.454698,30.414965,30.362679,30.289383,30.197618,30.080370,29.941713,29.783605,29.599621,29.395192,29.167591,28.932131,28.686433,28.445804,28.204141,27.971196,27.745593,27.516114,27.281516,27.027981,26.735242,26.384812,25.958048,25.432007,24.789906,24.018405,23.112499,22.075520,20.923551,19.681028,18.387561,17.092381,15.846032,14.716941,13.756421,13.029544,12.583822,12.460938,12.677584,13.250061,14.169701,15.409573,16.933802,18.692186,20.629057,22.682114,24.790540,26.896374,28.948188,30.904127,32.730886,34.406682,35.919814,37.267685,38.455133,39.492462,40.394090,41.176588,41.857065,42.451819,42.975679
0.480402,45.450698,44.991046,44.429802,43.755996,42.961873,42.041234,40.994700,39.826367,38.547259,37.171079,35.724674,34.232025,32.731326,31.252995,29.838247,28.522815,27.336563,26.311155,25.463847,24.809423,24.349977,24.080527,23.986650,24.046775,24.235718,24.524231,24.880678,25.276212,25.683766,26.081978,26.453471,26.785326,27.072055,27.311262,27.505299,27.659208,27.780235,27.876496,27.956424,28.027044,28.094203,28.163070,28.236241,28.315467,28.399762,28.489908,28.582595,28.675477,28.767292,28.856985,28.944744,29.029959,29.111684,29.189339,29.262917,29.332413,29.399791,29.465228,29.530594,29.596814,29.664309,29.733990,29.806106,29.880476,29.956006,30.032604,30.107558,30.181198,30.250309,30.315329,30.374511,30.427524,30.471869,30.510571,30.541720,30.568317,30.589263,30.607617,30.622971,30.637716,30.651701,30.665832,30.681276,30.698352,30.716910,30.736350,30.756324,30.776314,30.795805,30.813964,30.831096,30.846517,30.860212,30.871536,30.881558,30.890391,30.898609,30.906755,30.914914,30.923886,30.933370,30.944684,30.957111,30.970750,30.986050,31.002896,31.021095,31.040113,31.060308,31.081206,31.102091,31.123106,31.143885,31.163055,31.181479,31.198596,31.212562,31.222843,31.229408,31.231096,31.227693,31.218602,31.202838,31.181984,31.154250,31.123100,31.087364,31.048137,31.008507,30.970092,30.931179,30.896136,30.864956,30.838413,30.813379,30.792316,30.774018,30.752479,30.728032,30.697485,30.654637,30.596617,30.518111,30.420954,30.297510,30.154075,29.985082,29.796127,29.584138,29.350279,29.101018,28.849869,28.593593,28.346013,28.102194,27.861593,27.624913,27.383469,27.119500,26.822387,26.467939,26.038772,25.511553,24.868981,24.097394,23.191004,22.152619,20.997093,19.749505,18.445898,17.138333,15.878817,14.726571,13.750295,13.000936,12.531980,12.380939,12.581181,13.134278,14.034328,15.261993,16.778347,18.530924,20.465166,22.518027,24.628291,26.737242,28.792644,30.752408,32.582715,34.261158,35.776526,37.125776,38.314331,39.352706,40.255694,41.040039,41.722919,42.321137,42.849460
0.490955,45.483797,45.034403,44.485290,43.826011,43.047725,42.146529,41.120027,39.974675,38.717411,37.367952,35.945587,34.477789,32.999674,31.546620,30.151063,28.853502,27.682039,26.668252,25.829127,25.179466,24.722260,24.452027,24.355745,24.412318,24.596141,24.877768,25.228660,25.619771,26.023101,26.418367,26.786692,27.117280,27.402876,27.641811,27.835896,27.989922,28.110934,28.207164,28.286604,28.356577,28.423230,28.490622,28.562645,28.639361,28.722091,28.810427,28.901200,28.993297,29.083938,29.172943,29.260446,29.345646,29.427500,29.505806,29.580323,29.651546,29.719708,29.786436,29.852755,29.919340,29.987171,30.056862,30.128447,30.202438,30.276846,30.352056,30.425082,30.496840,30.563743,30.627189,30.684029,30.733314,30.776537,30.812313,30.841375,30.866100,30.885267,30.901656,30.916070,30.929851,30.942760,30.956369,30.971388,30.987992,31.006244,31.025633,31.045417,31.065593,31.085275,31.104413,31.121927,31.137756,31.152042,31.163890,31.174286,31.183162,31.191398,31.199183,31.207030,31.214854,31.223878,31.233682,31.245497,31.258592,31.272908,31.289148,31.307066,31.326114,31.346434,31.367718,31.389909,31.411887,31.433476,31.454679,31.474273,31.492772,31.507706,31.519408,31.526178,31.528045,31.523937,31.513318,31.496166,31.473176,31.442742,31.408793,31.369952,31.327253,31.284123,31.242250,31.199600,31.162098,31.127301,31.094997,31.068468,31.043679,31.018914,30.995623,30.966858,30.928886,30.880866,30.819177,30.736619,30.630193,30.503862,30.350027,30.175640,29.981518,29.758520,29.516262,29.262401,28.997219,28.735585,28.473221,28.219364,27.973469,27.725993,27.476391,27.206869,26.902079,26.545543,26.113240,25.585636,24.943166,24.171955,23.265703,22.226488,21.067501,19.814089,18.504283,17.182182,15.907383,14.739345,13.742445,12.970619,12.475591,12.306757,12.479860,13.013519,13.900364,15.113979,16.617946,18.365427,20.295626,22.348141,24.460159,26.572111,28.632057,30.595884,32.430245,34.112357,35.630712,36.982613,38.172963,39.213109,40.118037,40.904649,41.590558,42.192387,42.725181
0.501508,45.516569,45.077341,44.540328,43.894864,43.133623,42.250162,41.245310,40.120702,38.888879,37.561970,36.164787,34.724625,33.270612,31.837480,30.465128,29.183238,28.028036,27.025306,26.195897,25.551017,25.096043,24.825470,24.726041,24.778537,24.957921,25.234170,25.580383,25.965362,26.365523,26.756746,27.123301,27.452123,27.737148,27.975894,28.170361,28.324582,28.446015,28.542428,28.621676,28.691199,28.756701,28.823371,28.893219,28.968913,29.049681,29.135219,29.224611,29.315125,29.404607,29.493316,29.580174,29.665155,29.747641,29.826399,29.902012,29.973776,30.043537,30.110931,30.178147,30.245659,30.313522,30.382955,30.454246,30.526576,30.599954,30.673368,30.744241,30.813876,30.878978,30.938229,30.993161,31.039804,31.080103,31.113611,31.141149,31.164056,31.181960,31.196813,31.210023,31.222105,31.234524,31.247632,31.261950,31.278419,31.296564,31.315904,31.335732,31.356367,31.376676,31.396485,31.415184,31.431727,31.446553,31.459531,31.470323,31.479489,31.487954,31.495770,31.503156,31.510538,31.518687,31.527907,31.538369,31.550587,31.564519,31.579917,31.596893,31.615871,31.636090,31.657682,31.680198,31.702928,31.725555,31.747867,31.768945,31.788016,31.804461,31.816842,31.824083,31.825980,31.821165,31.809686,31.790806,31.764114,31.732460,31.693473,31.652109,31.606741,31.559712,31.511381,31.467034,31.422909,31.385020,31.349459,31.315896,31.287896,31.258066,31.230040,31.194321,31.152209,31.100161,31.029068,30.940413,30.829406,30.696403,30.537582,30.355901,30.150666,29.924273,29.674431,29.408037,29.138132,28.862857,28.593168,28.331889,28.073287,27.821115,27.560534,27.284827,26.977168,26.615774,26.182437,25.654093,25.012051,24.242057,23.336048,22.296425,21.135257,19.877922,18.558782,17.228696,15.939981,14.754711,13.732369,12.940801,12.422446,12.229954,12.382787,12.895475,13.760520,14.961271,16.455116,18.193681,20.120610,22.172258,24.285952,26.401418,28.465947,30.434386,32.273583,33.960780,35.483025,36.838090,38.031624,39.074353,39.981799,40.771186,41.460321,42.066147,42.603371
0.512060,45.549090,45.119715,44.594656,43.963301,43.218067,42.353940,41.368994,40.266654,39.057591,37.757577,36.384494,34.969529,33.539888,32.129483,30.776565,29.515479,28.375418,27.383753,26.563174,25.924084,25.471305,25.200236,25.098642,25.147830,25.321263,25.593560,25.933386,26.314874,26.710014,27.098915,27.462840,27.790746,28.075198,28.314040,28.508896,28.664109,28.786066,28.882696,28.961921,29.030976,29.095682,29.160588,29.229528,29.302734,29.381499,29.465913,29.553284,29.641403,29.730200,29.817696,29.904273,29.989075,30.071862,30.151127,30.227135,30.300483,30.371100,30.439554,30.507481,30.575178,30.643303,30.712121,30.782385,30.853682,30.925813,30.996124,31.066057,31.131529,31.194647,31.251012,31.302238,31.347725,31.385010,31.416988,31.442450,31.462426,31.479286,31.492858,31.504479,31.515770,31.527433,31.540091,31.554202,31.570436,31.588584,31.607891,31.628416,31.649293,31.670996,31.691911,31.711427,31.728817,31.745090,31.758481,31.770198,31.780485,31.789315,31.797154,31.804493,31.811483,31.819015,31.827143,31.836875,31.848414,31.860804,31.875495,31.891583,31.909867,31.929999,31.951303,31.973901,31.997101,32.020412,32.043172,32.065281,32.085593,32.102478,32.115340,32.122989,32.124665,32.119459,32.105864,32.085455,32.056237,32.021762,31.979087,31.932655,31.884388,31.831615,31.781431,31.729734,31.682048,31.639290,31.596912,31.559543,31.524644,31.492484,31.455270,31.417018,31.368635,31.306427,31.232483,31.137079,31.019357,30.875747,30.709643,30.520345,30.311758,30.075090,29.819466,29.545098,29.266574,28.982616,28.705952,28.432085,28.167014,27.906924,27.639226,27.358552,27.044159,26.680979,26.245413,25.716866,25.075858,24.306775,23.402248,22.362528,21.200001,19.938655,18.613812,17.270939,15.967994,14.765092,13.727681,12.908494,12.372225,12.150011,12.279738,12.773607,13.619706,14.804999,16.285816,18.018024,19.940338,21.990684,24.105804,26.225198,28.294212,30.268849,32.113738,33.805909,35.333559,36.693001,37.890539,38.936830,39.847652,40.640351,41.333015,41.942712,42.484638
0.522613,45.581370,45.161749,44.648300,44.031119,43.302041,42.455726,41.491016,40.412386,39.226256,37.951037,36.603386,35.213673,33.807049,32.421093,31.089036,29.846477,28.720998,27.743458,26.931184,26.297623,25.847902,25.576967,25.473689,25.518180,25.687463,25.954748,26.290232,26.666263,27.058570,27.443930,27.806375,28.133081,28.417345,28.656499,28.852188,29.008031,29.130961,29.228331,29.307589,29.375921,29.439803,29.503657,29.570204,29.642375,29.719374,29.800719,29.886519,29.972841,30.060181,30.146745,30.232551,30.317133,30.399978,30.480059,30.556575,30.630671,30.702307,30.771769,30.840245,30.908103,30.976062,31.044867,31.114056,31.183897,31.252985,31.322452,31.389042,31.452382,31.510733,31.565868,31.613444,31.656186,31.691769,31.720566,31.744662,31.763368,31.778009,31.790618,31.801083,31.811494,31.822397,31.834632,31.848614,31.864845,31.882992,31.902926,31.923695,31.945902,31.967967,31.989812,32.010447,32.029934,32.046738,32.061847,32.075214,32.085888,32.095726,32.104019,32.111305,32.118224,32.125172,32.132498,32.141503,32.151296,32.163222,32.176483,32.191588,32.209357,32.228377,32.249359,32.271730,32.294939,32.318409,32.341934,32.364620,32.385075,32.402356,32.415329,32.423050,32.424297,32.418292,32.403658,32.379988,32.348768,32.310089,32.265832,32.213986,32.161275,32.103599,32.048652,31.993107,31.940047,31.888185,31.843447,31.800237,31.759288,31.716977,31.677008,31.627778,31.574604,31.505205,31.422060,31.321699,31.196922,31.046086,30.874681,30.677908,30.458191,30.218382,29.954134,29.672138,29.385456,29.093364,28.808248,28.526149,28.254718,27.983608,27.712266,27.423559,27.105896,26.739712,26.302778,25.774187,25.133862,24.367022,23.463534,22.424964,21.261641,19.996455,18.665023,17.314989,15.997310,14.779807,13.717615,12.881680,12.318814,12.072325,12.180958,12.647689,13.476336,14.645212,16.114499,17.836167,19.754371,21.803291,23.920052,26.042823,28.117552,30.098535,31.949688,33.649072,35.182690,36.547799,37.750164,38.801090,39.715891,40.512418,41.208977,41.822713,42.369266
0.533166,45.613572,45.203476,44.701791,44.098400,43.385224,42.557095,41.613368,40.556215,39.393784,38.142250,36.821093,35.455465,34.076058,32.711949,31.401142,30.177281,29.067631,28.101944,27.299815,26.672299,26.225712,25.955305,25.849963,25.891788,26.056860,26.318177,26.649526,27.021415,27.410199,27.792821,28.153513,28.479528,28.763766,29.003564,29.199944,29.356879,29.481062,29.578995,29.658487,29.726575,29.789400,29.851421,29.916917,29.986316,30.061323,30.141477,30.224610,30.309345,30.394342,30.480020,30.565149,30.649480,30.732331,30.812597,30.890136,30.964576,31.036984,31.107442,31.176195,31.244260,31.312007,31.379567,31.447972,31.515576,31.583124,31.650181,31.712878,31.773958,31.829174,31.880547,31.926928,31.965596,31.999618,32.026433,32.048768,32.065593,32.079282,32.090774,32.100266,32.110040,32.120282,32.132053,32.145981,32.162240,32.180807,32.200900,32.223007,32.245619,32.269259,32.291827,32.314273,32.334360,32.353531,32.370107,32.384071,32.396836,32.407029,32.416067,32.424004,32.430790,32.437155,32.444166,32.451873,32.460417,32.471143,32.483017,32.497699,32.513550,32.531844,32.552069,32.574043,32.596771,32.620266,32.643756,32.666590,32.687256,32.704580,32.717260,32.724872,32.725401,32.717289,32.701428,32.676221,32.642400,32.600471,32.549838,32.494657,32.437232,32.375827,32.311901,32.250541,32.193300,32.134964,32.084024,32.032122,31.986586,31.939094,31.887233,31.832683,31.772140,31.697309,31.606484,31.494354,31.364421,31.206128,31.027409,30.823188,30.598081,30.348386,30.077379,29.791578,29.493748,29.197501,28.900891,28.612558,28.333058,28.056336,27.775843,27.483160,27.161564,26.792744,26.354565,25.826181,25.187625,24.422050,23.521232,22.483376,21.319885,20.052647,18.715289,17.356246,16.027701,14.789884,13.712957,12.849400,12.265294,11.994223,12.075995,12.524779,13.330409,14.482178,15.937947,17.650133,19.562975,21.610226,23.728428,25.855303,27.935948,29.923675,31.783184,33.489337,35.030706,36.402578,37.610948,38.667189,39.586582,40.387561,41.088382,41.706469,42.257633
0.543719,45.645589,45.245014,44.754716,44.164932,43.467583,42.658032,41.733460,40.698210,39.561136,38.333481,37.038856,35.697352,34.342731,33.001949,31.712719,30.507966,29.414381,28.462553,27.668651,27.048520,26.604939,26.335466,26.229063,26.267173,26.428076,26.685907,27.011703,27.380502,27.765161,28.145691,28.504825,28.830304,29.114810,29.354959,29.552304,29.710594,29.835842,29.934517,30.014395,30.082185,30.144324,30.204896,30.268509,30.335614,30.409051,30.486005,30.566883,30.650036,30.733323,30.817804,30.901958,30.986052,31.068759,31.149198,31.227002,31.302495,31.375353,31.446251,31.515498,31.583261,31.650664,31.717341,31.784550,31.850258,31.916305,31.978975,32.040518,32.096632,32.149614,32.198843,32.240811,32.278486,32.308927,32.334915,32.354787,32.371050,32.383668,32.393632,32.402776,32.411661,32.421635,32.433342,32.447174,32.463482,32.482444,32.503061,32.526004,32.549668,32.574076,32.598792,32.622283,32.643842,32.664635,32.682389,32.698914,32.712200,32.724316,32.734140,32.742294,32.749382,32.755624,32.761535,32.768079,32.776149,32.785071,32.796476,32.808822,32.823572,32.840510,32.859979,32.880534,32.903081,32.925939,32.949340,32.971617,32.992021,33.009220,33.021561,33.027647,33.026716,33.017971,32.998767,32.970823,32.933746,32.887869,32.835543,32.775709,32.709736,32.644380,32.574387,32.508822,32.441111,32.380097,32.317849,32.263115,32.205292,32.152364,32.092401,32.032517,31.959134,31.876163,31.779889,31.662208,31.520233,31.358578,31.168485,30.957075,30.726800,30.472363,30.194976,29.899194,29.597533,29.292005,28.987877,28.693523,28.403091,28.120929,27.834158,27.536468,27.211841,26.839824,26.401250,25.873618,25.236184,24.473103,23.574654,22.538496,21.375288,20.106028,18.764547,17.395032,16.055769,14.802223,13.706014,12.823095,12.209135,11.918801,11.975551,12.395453,13.184397,14.314264,15.757403,17.459419,19.366398,21.411807,23.531287,25.662940,27.750154,29.745161,31.613376,33.328172,34.877514,36.257693,37.472943,38.535008,39.460183,40.266010,40.971378,41.594111,42.150032
0.554271,45.677343,45.286217,44.807265,44.230845,43.549687,42.757201,41.853852,40.839959,39.725485,38.524857,37.253174,35.938267,34.607158,33.292716,32.025289,30.837336,29.762528,28.823001,28.039150,27.425561,26.986392,26.718027,26.610264,26.646455,26.803678,27.056272,27.378357,27.743224,28.124675,28.503100,28.860610,29.185724,29.470310,29.711515,29.909782,30.069253,30.195571,30.295093,30.375204,30.442899,30.503938,30.563709,30.624692,30.690541,30.760954,30.835569,30.914584,30.994829,31.077151,31.159733,31.243343,31.326748,31.409240,31.489793,31.567793,31.643766,31.717275,31.788631,31.857870,31.925534,31.991973,32.058323,32.123724,32.187340,32.250936,32.311595,32.369341,32.422427,32.473252,32.517760,32.557949,32.593226,32.622221,32.645803,32.664336,32.679457,32.690867,32.700477,32.708854,32.717576,32.727281,32.738799,32.752673,32.769403,32.788740,32.810116,32.834018,32.858937,32.884203,32.910258,32.934807,32.958979,32.980397,33.000928,33.018118,33.033982,33.046623,33.057808,33.066528,33.073829,33.079964,33.085434,33.091127,33.098091,33.105720,33.115785,33.126333,33.139298,33.155137,33.172285,33.192424,33.213268,33.235465,33.258291,33.279751,33.299358,33.315900,33.326884,33.332459,33.329818,33.317750,33.296701,33.266831,33.225068,33.176544,33.116800,33.051693,32.983546,32.908555,32.836110,32.759884,32.689507,32.619112,32.549041,32.483967,32.422977,32.359281,32.290635,32.222340,32.143071,32.051653,31.942477,31.819158,31.671433,31.497967,31.302559,31.085874,30.844940,30.586172,30.301145,30.002026,29.690481,29.379439,29.068019,28.766204,28.468745,28.179586,27.886753,27.584124,27.256087,26.881878,26.442688,25.915713,25.280735,24.519783,23.624236,22.590569,21.427655,20.157058,18.811409,17.435434,16.081886,14.816720,13.696880,12.791677,12.159065,11.837322,11.868638,12.269592,13.031911,14.146792,15.571664,17.265061,19.164302,21.207836,23.329122,25.464977,27.559366,29.562972,31.440271,33.165565,34.724109,36.112694,37.335615,38.404944,39.336297,40.147575,40.858053,41.485733,42.046378
0.564824,45.708881,45.327012,44.859366,44.296750,43.630570,42.856834,41.972212,40.981591,39.890962,38.712985,37.469224,36.178612,34.874051,33.580617,32.335307,31.169779,30.110538,29.183785,28.412110,27.805571,27.370342,27.103715,26.995371,27.029223,27.183097,27.431776,27.750374,28.110493,28.489254,28.865419,29.221627,29.546019,29.830790,30.072680,30.272487,30.432944,30.560205,30.660569,30.740985,30.808288,30.868607,30.926668,30.986557,31.049683,31.117676,31.190328,31.266072,31.344682,31.425260,31.506719,31.588816,31.671769,31.753934,31.834440,31.912750,31.988935,32.062927,32.134403,32.203552,32.270711,32.336936,32.401440,32.465735,32.527914,32.587277,32.645942,32.699644,32.751546,32.797703,32.840262,32.878727,32.910516,32.937776,32.959916,32.977689,32.991834,33.002697,33.011555,33.019751,33.028307,33.037953,33.049605,33.063667,33.080749,33.100342,33.123053,33.147325,33.173759,33.200144,33.227415,33.253372,33.278595,33.302856,33.324586,33.343461,33.360823,33.375209,33.386803,33.396542,33.403955,33.410070,33.415418,33.420605,33.425906,33.433017,33.440333,33.449565,33.461254,33.473991,33.490489,33.507932,33.527845,33.549248,33.570017,33.591095,33.609406,33.623660,33.634111,33.636651,33.632741,33.617973,33.595024,33.559617,33.516312,33.460405,33.398839,33.326743,33.252786,33.171356,33.092371,33.008949,32.931390,32.850870,32.777721,32.704309,32.629512,32.557025,32.484987,32.402311,32.314182,32.216879,32.099203,31.965285,31.811973,31.630943,31.430151,31.204341,30.958303,30.691826,30.401218,30.095905,29.779706,29.460334,29.143562,28.831645,28.530319,28.231810,27.935761,27.628019,27.294659,26.919085,26.479379,25.953077,25.319849,24.562984,23.669470,22.638541,21.477577,20.206089,18.856553,17.474002,16.109393,14.829123,13.693095,12.766138,12.103261,11.758556,11.766799,12.137355,12.881785,13.972872,15.385068,17.065626,18.957994,20.999181,23.121898,25.262802,27.363675,29.377612,31.265196,33.000108,34.569549,35.967906,37.199731,38.277039,39.214823,40.032430,40.748419,41.381068,41.946485
0.575377,45.740288,45.367747,44.911492,44.362044,43.711705,42.955450,42.090726,41.121198,40.054015,38.901773,37.683655,36.420158,35.138003,33.871913,32.649028,31.502199,30.459201,29.548822,28.786527,28.188555,27.757855,27.493709,27.385446,27.416896,27.567618,27.813463,28.127194,28.484508,28.860140,29.233463,29.588461,29.912112,30.196904,30.439406,30.640263,30.802051,30.930173,31.031346,31.112029,31.179215,31.238634,31.295348,31.352577,31.413295,31.479381,31.548986,31.623475,31.699925,31.777792,31.858160,31.939450,32.021282,32.103089,32.183607,32.262048,32.338461,32.412399,32.483824,32.552849,32.619487,32.684658,32.748756,32.810132,32.869861,32.928282,32.982235,33.034788,33.082031,33.127133,33.167169,33.201773,33.232190,33.258242,33.278998,33.295666,33.308684,33.319147,33.327930,33.336150,33.344818,33.354553,33.366600,33.380884,33.398213,33.418881,33.442189,33.467467,33.494658,33.522944,33.550644,33.578674,33.604979,33.630799,33.653700,33.674634,33.693308,33.708570,33.721624,33.731870,33.739769,33.745925,33.750813,33.755489,33.759688,33.764828,33.771533,33.778941,33.787382,33.799381,33.812420,33.829146,33.847141,33.865757,33.885260,33.903902,33.921033,33.933745,33.940492,33.941317,33.934916,33.917066,33.891032,33.851568,33.804012,33.744763,33.674605,33.600408,33.516419,33.432496,33.341930,33.255768,33.165522,33.082129,32.995457,32.916099,32.832322,32.750876,32.666869,32.580630,32.483336,32.371989,32.250714,32.108164,31.942301,31.757942,31.545946,31.313153,31.062063,30.790041,30.494053,30.183118,29.859513,29.535300,29.210382,28.894727,28.583890,28.281882,27.978877,27.665407,27.329470,26.952144,26.511334,25.986305,25.355676,24.601028,23.712400,22.683912,21.524728,20.253395,18.901567,17.510931,16.138188,14.839830,13.684887,12.738295,12.050764,11.682950,11.658838,12.006656,12.727568,13.798046,15.193886,16.862358,18.747109,20.785510,22.909607,25.055180,27.164217,29.188072,31.086829,32.833323,34.414097,35.822732,37.064903,38.150270,39.096029,39.920017,40.641777,41.279705,41.850063
0.585930,45.771540,45.408407,44.963379,44.426929,43.791909,43.053263,42.209599,41.262253,40.218974,39.091916,37.897137,36.659504,35.405803,34.162920,32.961607,31.835483,30.813116,29.916462,29.166566,28.575732,28.151231,27.889330,27.781230,27.811654,27.959735,28.201122,28.511944,28.864766,29.237377,29.608897,29.961880,30.284711,30.569286,30.812417,31.013855,31.176686,31.305781,31.407373,31.488381,31.555253,31.613497,31.669088,31.724481,31.783455,31.845894,31.914095,31.985716,32.059686,32.136582,32.214791,32.294952,32.376248,32.457461,32.537669,32.616162,32.692574,32.766329,32.837619,32.906156,32.972589,33.036417,33.099209,33.159324,33.216873,33.270907,33.322954,33.371731,33.417996,33.459003,33.497374,33.529947,33.559055,33.582670,33.602684,33.618339,33.631095,33.641341,33.650145,33.658782,33.667491,33.677954,33.690184,33.705450,33.723172,33.744507,33.768274,33.795064,33.823048,33.851998,33.881466,33.909947,33.938341,33.964682,33.989862,34.012053,34.031160,34.048238,34.061979,34.072864,34.081094,34.087180,34.091933,34.095663,34.098761,34.102366,34.106738,34.112876,34.119331,34.128255,34.139560,34.154049,34.168768,34.185751,34.203891,34.220053,34.232795,34.242605,34.248381,34.246179,34.234602,34.214259,34.183072,34.142060,34.086561,34.023792,33.947939,33.865804,33.779492,33.684289,33.591122,33.494938,33.396616,33.305142,33.209842,33.121714,33.031620,32.938055,32.847589,32.749159,32.640009,32.524965,32.392149,32.238829,32.069507,31.875492,31.656406,31.418550,31.157635,30.880180,30.581634,30.262649,29.934724,29.604579,29.273455,28.951120,28.635344,28.324605,28.017223,27.699150,27.360549,26.980638,26.539467,26.015241,25.387392,24.636247,23.750982,22.727638,21.570273,20.299335,18.944645,17.549373,16.164247,14.855136,13.682305,12.708523,11.999020,11.604841,11.556603,11.877933,12.569166,13.622840,14.998027,16.654230,18.532585,20.566992,22.692508,24.843549,26.961094,28.994834,30.904899,32.664924,34.256720,35.677700,36.930019,38.024767,38.978560,39.809740,40.537696,41.181008,41.756577
0.596482,45.802598,45.448885,45.015020,44.492315,43.872529,43.152149,42.327312,41.402710,40.383320,39.280305,38.114206,36.901659,35.674126,34.454841,33.280159,32.175274,31.168858,30.287972,29.550597,28.970345,28.550877,28.292420,28.184997,28.213823,28.359189,28.598053,28.904512,29.254057,29.623341,29.991569,30.343182,30.664807,30.948961,31.192159,31.394466,31.557911,31.687538,31.789468,31.870446,31.937039,31.994802,32.048348,32.102570,32.158488,32.219499,32.284199,32.354012,32.426368,32.500811,32.578213,32.657126,32.736922,32.817508,32.897498,32.975736,33.051815,33.125513,33.196202,33.264546,33.329778,33.393202,33.453176,33.511831,33.566343,33.618719,33.668847,33.714917,33.756934,33.797079,33.831859,33.863265,33.890809,33.913607,33.932041,33.947360,33.959843,33.970073,33.979322,33.988307,33.997535,34.008397,34.021710,34.037500,34.055936,34.077783,34.102858,34.129970,34.159167,34.188730,34.219075,34.248612,34.277733,34.305942,34.331873,34.354841,34.375481,34.392872,34.407651,34.419069,34.427416,34.433495,34.437442,34.440215,34.442410,34.444551,34.447710,34.450620,34.456404,34.462287,34.471796,34.481589,34.494232,34.509265,34.523283,34.536308,34.545516,34.553204,34.552952,34.548477,34.532734,34.509873,34.472536,34.426653,34.365850,34.297869,34.216082,34.129789,34.032623,33.934949,33.829501,33.727995,33.621547,33.521725,33.420609,33.317652,33.221275,33.121348,33.015654,32.910761,32.792207,32.668014,32.523881,32.367030,32.185427,31.986271,31.760273,31.515829,31.248732,30.965677,30.660960,30.339271,30.004524,29.668368,29.331247,29.002722,28.680807,28.365309,28.050182,27.729640,27.386353,27.005228,26.563877,26.041378,25.415509,24.669639,23.788795,22.768127,21.614305,20.344232,18.987553,17.586029,16.192219,14.869131,13.675690,12.685243,11.948207,11.527309,11.451524,11.742982,12.414441,13.441638,14.802439,16.443654,18.312804,20.344547,22.470843,24.626883,26.752947,28.796962,30.720653,32.493148,34.098404,35.530781,36.794848,37.899956,38.862335,39.701026,40.435501,41.084536,41.665415
0.607035,45.833569,45.489219,45.066919,44.557345,43.953829,43.250525,42.447078,41.544042,40.547672,39.472428,38.330377,37.147580,35.943760,34.753473,33.601529,32.517296,31.533075,30.667143,29.943756,29.371739,28.959473,28.704424,28.598128,28.626336,28.769264,29.003773,29.306222,29.652313,30.018111,30.383796,30.732789,31.053374,31.336916,31.579870,31.782272,31.946270,32.076203,32.178272,32.259270,32.325168,32.382288,32.434520,32.486825,32.540564,32.599209,32.662039,32.728712,32.799144,32.872687,32.948011,33.026010,33.104755,33.184689,33.263718,33.341653,33.417367,33.490381,33.560871,33.627986,33.692921,33.754158,33.812857,33.869297,33.921633,33.971615,34.019272,34.062845,34.102372,34.140083,34.172874,34.203026,34.228499,34.250648,34.268540,34.283475,34.295978,34.306408,34.316184,34.325480,34.336011,34.347666,34.361219,34.377784,34.397642,34.420072,34.445694,34.473783,34.503196,34.533490,34.564290,34.595100,34.624791,34.653426,34.680273,34.704227,34.725118,34.743147,34.758057,34.769706,34.778046,34.783692,34.787464,34.789077,34.789995,34.791083,34.791254,34.793463,34.795269,34.800320,34.804953,34.813676,34.822943,34.831797,34.841985,34.851053,34.858969,34.861301,34.858111,34.846175,34.828854,34.797692,34.756711,34.705622,34.641077,34.563493,34.479691,34.385127,34.281159,34.176384,34.063501,33.954140,33.839626,33.728522,33.621577,33.512510,33.400926,33.294413,33.182269,33.062117,32.939854,32.801167,32.651063,32.483787,32.298855,32.090297,31.859339,31.606971,31.333920,31.046735,30.737146,30.408127,30.070486,29.726034,29.385650,29.048593,28.720678,28.399401,28.081365,27.755444,27.409063,27.026027,26.584883,26.064207,25.442302,24.700053,23.823070,22.808502,21.657907,20.388749,19.030443,17.623818,16.220810,14.884016,13.672707,12.660494,11.901684,11.447717,11.344024,11.613837,12.254098,13.263108,14.601364,16.231200,18.090772,20.117409,22.244646,24.405210,26.539551,28.595998,30.531956,32.317565,33.936637,35.383080,36.658434,37.774503,38.746642,39.593273,40.334479,40.989716,41.576011
0.617588,45.864598,45.529718,45.118701,44.622881,44.034945,43.350693,42.567305,41.686065,40.715991,39.665701,38.550675,37.394013,36.220733,35.053753,33.928577,32.867333,31.901960,31.055778,30.344083,29.784200,29.378818,29.127375,29.022559,29.050008,29.190454,29.421363,29.720375,30.061199,30.423286,30.786332,31.132722,31.451633,31.734044,31.976385,32.178588,32.342704,32.472786,32.574733,32.655521,32.721064,32.776867,32.828371,32.878127,32.930606,32.986006,33.047030,33.111628,33.180759,33.251769,33.325941,33.402461,33.480718,33.559246,33.637915,33.714900,33.790186,33.862471,33.931894,33.998592,34.061476,34.121625,34.179085,34.232307,34.283836,34.331635,34.375262,34.417182,34.455070,34.489103,34.521243,34.548835,34.573510,34.594761,34.612510,34.627363,34.639900,34.651189,34.661175,34.671835,34.682617,34.695356,34.710528,34.727660,34.748377,34.771903,34.797953,34.826345,34.856287,34.886916,34.918145,34.949145,34.979276,35.008161,35.034963,35.059271,35.080353,35.098439,35.113070,35.124408,35.132664,35.137799,35.140525,35.141446,35.141063,35.139224,35.138748,35.137129,35.138099,35.138165,35.140486,35.144370,35.151141,35.155586,35.161347,35.165748,35.169221,35.164671,35.158249,35.142686,35.116032,35.083088,35.036320,34.975429,34.907005,34.823270,34.733411,34.630005,34.523790,34.407386,34.292067,34.170011,34.052815,33.933271,33.811714,33.696735,33.576001,33.460006,33.338413,33.208880,33.077312,32.932274,32.773496,32.598161,32.401576,32.186057,31.948847,31.690558,31.414790,31.119750,30.806719,30.472977,30.130237,29.781843,29.433315,29.091676,28.757979,28.432291,28.107102,27.777287,27.429242,27.044428,26.603525,26.084786,25.465624,24.727638,23.857432,22.846131,21.700166,20.432764,19.073481,17.662129,16.251659,14.898509,13.673749,12.637571,11.853848,11.372633,11.240586,11.479419,12.098677,13.079245,14.400038,16.015026,17.863976,19.886931,22.014034,24.179741,26.322143,28.389982,30.338501,32.138966,33.772938,35.232104,36.521146,37.648517,38.630378,39.485451,40.234241,40.895783,41.487656
0.628141,45.895850,45.570469,45.170992,44.689207,44.117189,43.451493,42.688333,41.831858,40.884882,39.861051,38.776417,37.648260,36.500118,35.363889,34.261331,33.227254,32.282965,31.452097,30.757429,30.206909,29.809515,29.563386,29.460221,29.486823,29.625180,29.852394,30.147136,30.484145,30.841213,31.200156,31.544343,31.860309,32.141265,32.382839,32.584451,32.748382,32.878436,32.980208,33.060249,33.125008,33.180247,33.229835,33.278637,33.328268,33.381954,33.440764,33.503780,33.570660,33.640070,33.713046,33.788278,33.865009,33.942846,34.020391,34.097060,34.171111,34.242964,34.311533,34.376282,34.438062,34.497088,34.552080,34.603228,34.652629,34.698092,34.740143,34.778095,34.813791,34.847129,34.876328,34.902987,34.926893,34.947278,34.964714,34.979538,34.992697,35.004179,35.015750,35.026746,35.039427,35.053333,35.068847,35.087626,35.108608,35.132960,35.159888,35.188440,35.218474,35.249299,35.280570,35.311173,35.341339,35.369649,35.396368,35.419732,35.440758,35.458284,35.472017,35.482970,35.489741,35.493842,35.495901,35.495542,35.492837,35.490359,35.486857,35.482518,35.480785,35.477370,35.477371,35.477300,35.478289,35.479573,35.478446,35.479600,35.473543,35.467201,35.452821,35.428736,35.400144,35.356436,35.303471,35.240626,35.161626,35.075907,34.975117,34.867319,34.754476,34.631218,34.508739,34.381853,34.251512,34.126389,33.999149,33.869544,33.745618,33.614852,33.486715,33.350772,33.204670,33.051063,32.884328,32.703651,32.499942,32.277711,32.035908,31.771641,31.487378,31.189916,30.870229,30.534111,30.184444,29.830961,29.479545,29.132264,28.792761,28.459640,28.131828,27.797971,27.445848,27.060186,26.619891,26.103013,25.488398,24.755421,23.888726,22.884238,21.741630,20.476331,19.116625,17.701801,16.281209,14.918205,13.671874,12.613781,11.804725,11.302279,11.141536,11.351525,11.937997,12.899245,14.199073,15.795165,17.635631,19.652061,21.779332,23.949262,26.100761,28.178777,30.142025,31.957030,33.604587,35.079196,36.381017,37.520105,38.512833,39.377065,40.133720,40.801883,41.399623
0.638693,45.927406,45.611660,45.224066,44.755909,44.200953,43.553241,42.811934,41.978434,41.059253,40.063048,39.004271,37.905266,36.789742,35.678610,34.604848,33.595717,32.672132,31.861883,31.181737,30.645134,30.255758,30.014164,29.913093,29.939184,30.075205,30.299184,30.587954,30.920748,31.272956,31.627483,31.968180,32.281243,32.560408,32.800272,33.001121,33.164387,33.293988,33.395344,33.474835,33.538881,33.592787,33.640941,33.688108,33.735843,33.787476,33.844173,33.905220,33.969876,34.038450,34.109372,34.183418,34.259296,34.336401,34.412768,34.488500,34.561522,34.632476,34.699512,34.763329,34.824018,34.880151,34.933801,34.983483,35.029086,35.072917,35.111840,35.148953,35.181887,35.213338,35.240885,35.266214,35.289088,35.309016,35.326393,35.341327,35.354818,35.366984,35.379230,35.392323,35.405401,35.420476,35.438037,35.457451,35.479323,35.504276,35.531453,35.560282,35.590345,35.621026,35.651396,35.681819,35.710503,35.738610,35.763285,35.786357,35.805199,35.821313,35.834706,35.843292,35.849146,35.851793,35.851793,35.850333,35.846311,35.840113,35.834014,35.828788,35.821290,35.816761,35.809731,35.806760,35.800825,35.798680,35.793686,35.784351,35.776365,35.758538,35.739842,35.708404,35.670431,35.624676,35.564917,35.490937,35.409923,35.312938,35.210126,35.095788,34.971686,34.844013,34.714585,34.578152,34.442847,34.307250,34.174433,34.036372,33.900731,33.766685,33.626717,33.479211,33.327140,33.167571,32.992774,32.802362,32.591830,32.363286,32.115490,31.844331,31.557536,31.252593,30.929980,30.589699,30.236568,29.878305,29.519458,29.166819,28.823130,28.486013,28.151953,27.815342,27.461050,27.074412,26.634733,26.120660,25.508607,24.781256,23.919999,22.920843,21.782771,20.520085,19.160349,17.741141,16.314435,14.937738,13.676535,12.594672,11.760592,11.230500,11.037403,11.221452,11.782934,12.714112,13.995038,15.574412,17.403632,19.414014,21.540671,23.715073,25.873914,27.964278,29.940422,31.769616,33.432999,34.922280,36.237402,37.389640,38.393146,39.267063,40.031981,40.707226,41.311124
0.649246,45.959346,45.653535,45.277910,44.824287,44.285505,43.658016,42.938769,42.128923,41.236442,40.268629,39.239442,38.172510,37.083897,36.006212,34.960696,33.974016,33.075568,32.287022,31.621973,31.098204,30.717206,30.481395,30.382938,30.408917,30.541613,30.761327,31.046415,31.373061,31.719898,32.070148,32.405346,32.715939,32.991727,33.230213,33.429247,33.591726,33.720610,33.821601,33.900316,33.962986,34.015614,34.062886,34.108081,34.154446,34.204087,34.257946,34.317171,34.380494,34.447362,34.516771,34.589867,34.664683,34.740204,34.815759,34.890484,34.962761,35.031814,35.098298,35.160682,35.218714,35.274110,35.324515,35.372607,35.416588,35.456523,35.493947,35.528879,35.559797,35.589463,35.615884,35.639793,35.661235,35.680823,35.698238,35.713471,35.727014,35.740549,35.753552,35.767398,35.782623,35.798926,35.816865,35.837339,35.860386,35.885617,35.912904,35.941651,35.971602,36.001702,36.031436,36.059615,36.087130,36.112982,36.137173,36.157682,36.173961,36.188857,36.198482,36.206541,36.209583,36.211158,36.209076,36.203693,36.198201,36.189248,36.181501,36.170615,36.162012,36.150297,36.141928,36.130266,36.122703,36.109983,36.098210,36.086867,36.066380,36.046362,36.014354,35.980687,35.935042,35.876420,35.812185,35.731023,35.640770,35.539362,35.430029,35.307049,35.180918,35.046660,34.906189,34.765208,34.622828,34.482253,34.336575,34.195641,34.051701,33.903696,33.755273,33.604421,33.443894,33.271665,33.091429,32.891790,32.678437,32.443760,32.187453,31.913889,31.619576,31.312374,30.985646,30.639641,30.282219,29.920356,29.557898,29.199197,28.849445,28.508555,28.171213,27.830073,27.474882,27.087361,26.648442,26.136414,25.529510,24.805487,23.951880,22.956370,21.823293,20.564831,19.204935,17.782913,16.346921,14.957319,13.680758,12.577549,11.721571,11.157344,10.941122,11.089262,11.625663,12.533470,13.788033,15.351956,17.169070,19.172827,21.298150,23.476037,25.643441,27.743901,29.733573,31.579076,33.257757,34.760879,36.090992,37.255342,38.270450,39.154787,39.928114,40.610992,41.221345
0.659799,45.991850,45.696159,45.332847,44.893884,44.372287,43.764661,43.067185,42.284109,41.418152,40.478281,39.482866,38.444150,37.390868,36.340436,35.324462,34.368941,33.494906,32.725991,32.078479,31.568347,31.196966,30.967418,30.871216,30.896565,31.027356,31.242793,31.520950,31.841571,32.184074,32.528027,32.858126,33.164141,33.437157,33.673255,33.870291,34.031481,34.159284,34.259517,34.337212,34.399293,34.450606,34.495738,34.539268,34.584285,34.632110,34.684057,34.741854,34.803406,34.867898,34.936515,35.007542,35.081257,35.156263,35.230652,35.303498,35.374576,35.443082,35.507791,35.568703,35.624931,35.678291,35.727259,35.771655,35.813212,35.852255,35.886629,35.919588,35.949181,35.975745,36.000720,36.023860,36.044435,36.063436,36.080653,36.096059,36.110575,36.124616,36.138649,36.154002,36.169600,36.187253,36.206847,36.227815,36.251236,36.276728,36.303938,36.332677,36.361374,36.390222,36.419030,36.445118,36.470428,36.494851,36.514317,36.533088,36.547209,36.556679,36.565550,36.568794,36.571132,36.567989,36.563180,36.557051,36.546524,36.535432,36.524514,36.511203,36.495407,36.482377,36.465194,36.449567,36.433451,36.418779,36.396875,36.374964,36.352202,36.317750,36.283383,36.235257,36.181444,36.120554,36.042972,35.957020,35.862166,35.751361,35.635463,35.508328,35.371637,35.231336,35.088947,34.939238,34.792326,34.640193,34.491976,34.338654,34.186861,34.035731,33.878994,33.715009,33.549019,33.371446,33.179754,32.975413,32.754041,32.515379,32.254002,31.975451,31.676710,31.365104,31.035041,30.685756,30.324414,29.958284,29.590353,29.229138,28.874771,28.527743,28.187384,27.843469,27.486601,27.098886,26.661603,26.152425,25.549169,24.830349,23.981711,22.994077,21.865081,20.610031,19.250669,17.825022,16.382109,14.982100,13.686998,12.562652,11.681742,11.089465,10.843492,10.961653,11.466400,12.350706,13.582530,15.129925,16.931610,18.929577,21.052313,23.233287,25.408111,27.519522,29.523143,31.382182,33.076502,34.596082,35.939683,37.118013,38.144816,39.039061,39.821670,40.512253,41.129443
0.670352,46.025037,45.739671,45.388961,44.964835,44.461636,43.874020,43.199789,42.442648,41.603786,40.696953,39.730406,38.727924,37.703908,36.689920,35.704880,34.776116,33.927879,33.179761,32.553887,32.055896,31.696535,31.472707,31.379243,31.404577,31.531614,31.742877,32.014944,32.329933,32.663973,33.001773,33.327002,33.628917,33.897354,34.130498,34.325435,34.484191,34.610856,34.710084,34.786802,34.847744,34.897438,34.941696,34.983656,35.026301,35.072804,35.122933,35.178453,35.238632,35.301909,35.368235,35.438551,35.510491,35.584251,35.657115,35.729383,35.799105,35.865404,35.928577,35.988299,36.043157,36.093311,36.140041,36.183541,36.222844,36.257964,36.291511,36.321086,36.348801,36.374723,36.397475,36.419080,36.439350,36.457655,36.474362,36.489947,36.505011,36.519539,36.535025,36.550640,36.568177,36.586490,36.606589,36.628552,36.652159,36.677460,36.704252,36.732350,36.759657,36.787729,36.812882,36.838374,36.860835,36.879318,36.897846,36.909823,36.919923,36.926761,36.932241,36.931481,36.930513,36.923518,36.916708,36.904681,36.893258,36.878561,36.860741,36.843095,36.824124,36.803980,36.785250,36.760949,36.737681,36.715725,36.688696,36.658339,36.620047,36.583118,36.533008,36.482425,36.419678,36.344037,36.261176,36.170273,36.062896,35.950179,35.825252,35.691860,35.551382,35.405296,35.252730,35.099074,34.945746,34.789406,34.629887,34.474075,34.312647,34.153694,33.989047,33.817528,33.643947,33.457165,33.262608,33.051741,32.824412,32.577584,32.312829,32.029732,31.726972,31.411392,31.077836,30.727015,30.362354,29.990722,29.619736,29.254350,28.895051,28.545776,28.200723,27.855381,27.496390,27.108961,26.673350,26.167156,25.567471,24.856076,24.012658,23.030304,21.908446,20.656097,19.297403,17.868933,16.418895,15.007184,13.693630,12.553081,11.641239,11.023946,10.744961,10.839250,11.314365,12.166190,13.379285,14.904175,16.694950,18.683093,20.803903,22.987202,25.168692,27.290562,29.307166,31.181592,32.890825,34.425353,35.784660,36.976061,38.014637,38.919911,39.711535,40.410276,41.034590
0.680905,46.058993,45.784234,45.446228,45.038071,44.552892,43.986389,43.336097,42.605792,41.796222,40.919399,39.989202,39.017279,38.031548,37.049406,36.096726,35.195976,34.374990,33.654088,33.046218,32.563561,32.215324,31.997982,31.907878,31.932550,32.056865,32.263116,32.529635,32.835460,33.164105,33.494846,33.813671,34.108408,34.373004,34.602562,34.794221,34.951445,35.076397,35.173749,35.249744,35.308940,35.357855,35.400128,35.440836,35.482105,35.526208,35.574961,35.628994,35.686678,35.748319,35.813806,35.881864,35.952699,36.025001,36.096859,36.167005,36.235654,36.300449,36.362501,36.419271,36.472715,36.521444,36.566027,36.605793,36.642751,36.676264,36.706964,36.735792,36.761510,36.784589,36.806299,36.826908,36.845453,36.863327,36.879645,36.895227,36.910507,36.925761,36.941985,36.958519,36.976766,36.995930,37.016743,37.038828,37.062497,37.087427,37.113305,37.140365,37.165734,37.191820,37.213892,37.236358,37.253170,37.270587,37.280934,37.289750,37.296983,37.297071,37.298199,37.292445,37.287364,37.275685,37.264971,37.250173,37.231547,37.214255,37.191585,37.168984,37.144783,37.121229,37.091544,37.062568,37.034668,36.998348,36.962244,36.925958,36.881524,36.827729,36.775053,36.707658,36.639193,36.557724,36.463061,36.364252,36.252056,36.127445,35.996253,35.856982,35.710989,35.559322,35.405038,35.243905,35.084602,34.922155,34.756415,34.591700,34.427696,34.256975,34.087188,33.908571,33.727851,33.536213,33.331376,33.116446,32.882498,32.633496,32.364281,32.075177,31.770636,31.449749,31.114581,30.761248,30.393704,30.018887,29.645130,29.274598,28.913299,28.559052,28.212425,27.864247,27.504728,27.117519,26.683192,26.180033,25.586617,24.880253,24.043351,23.068651,21.950407,20.702666,19.345020,17.914195,16.457507,15.034469,13.707088,12.540820,11.609494,10.964301,10.655530,10.712640,11.158166,11.988038,13.172270,14.679695,16.456265,18.435444,20.552882,22.737767,24.925164,27.057891,29.085925,30.974834,32.700707,34.250575,35.623676,36.829137,37.880085,38.796259,39.597395,40.304272,40.936130
0.691457,46.093724,45.829935,45.505298,45.112601,44.646120,44.101238,43.477150,42.772616,41.995788,41.151842,40.252688,39.320106,38.368272,37.419071,36.500243,35.635358,34.842661,34.144573,33.557338,33.090830,32.754365,32.544352,32.457559,32.482242,32.602983,32.803877,33.062360,33.362484,33.680828,34.004943,34.316687,34.605033,34.865125,35.089102,35.278488,35.432319,35.555343,35.651621,35.725839,35.783725,35.831292,35.872104,35.911264,35.950434,35.993160,36.040533,36.091995,36.148377,36.208383,36.272245,36.338606,36.408198,36.478180,36.548872,36.617299,36.684037,36.748184,36.808064,36.862919,36.914334,36.960878,37.002556,37.041465,37.075304,37.107323,37.135904,37.161289,37.185744,37.206985,37.227633,37.245917,37.264113,37.280373,37.296368,37.311583,37.327023,37.342710,37.359193,37.376849,37.395315,37.414983,37.435916,37.458252,37.481551,37.506220,37.530286,37.555759,37.579708,37.601924,37.620144,37.638792,37.650453,37.662891,37.669632,37.670394,37.672327,37.666333,37.662187,37.652716,37.638170,37.625229,37.607608,37.587959,37.566146,37.540225,37.516257,37.488298,37.455809,37.426212,37.392252,37.355885,37.313446,37.271204,37.225582,37.179657,37.121089,37.064662,36.993886,36.923902,36.838240,36.747575,36.650745,36.537811,36.421106,36.289727,36.154500,36.007239,35.855682,35.700516,35.537388,35.374633,35.206268,35.038067,34.870243,34.699354,34.524688,34.349396,34.170634,33.989350,33.797857,33.601712,33.391012,33.170458,32.932957,32.677364,32.405338,32.112893,31.804937,31.481072,31.144133,30.787936,30.418418,30.041648,29.663689,29.291408,28.925628,28.569853,28.219789,27.870468,27.510316,27.123548,26.691849,26.192495,25.602332,24.901906,24.074025,23.103758,21.993563,20.748525,19.393332,17.960790,16.498544,15.062170,13.718407,12.536262,11.574454,10.904186,10.562115,10.594925,11.010097,11.806289,12.970538,14.457086,16.215540,18.186974,20.299373,22.485444,24.678595,26.820128,28.861584,30.764030,32.505008,34.069568,35.458263,36.676657,37.740677,38.667526,39.478497,40.194103,40.833568
0.702010,46.129213,45.876588,45.565510,45.189364,44.742222,44.220433,43.621323,42.945307,42.198525,41.389768,40.526111,39.628369,38.713722,37.805704,36.919834,36.085732,35.325052,34.652898,34.085712,33.639034,33.312886,33.111783,33.028061,33.052119,33.170524,33.364068,33.615942,33.907662,34.218382,34.531497,34.835465,35.118887,35.371308,35.591938,35.776278,35.927544,36.048574,36.142336,36.215220,36.271702,36.317899,36.357234,36.394803,36.432293,36.473526,36.518431,36.568907,36.623508,36.681727,36.743033,36.808050,36.876025,36.944229,37.012671,37.080243,37.145113,37.206568,37.265185,37.318624,37.366869,37.411152,37.451922,37.487243,37.519603,37.549473,37.575943,37.599295,37.621790,37.641701,37.659626,37.677489,37.693414,37.709361,37.723950,37.738867,37.754104,37.769854,37.786555,37.804317,37.822980,37.842697,37.863414,37.885306,37.908514,37.931725,37.954774,37.976053,37.996634,38.016597,38.030108,38.044125,38.052272,38.053919,38.056830,38.050593,38.043506,38.035944,38.020066,38.006860,37.988177,37.964513,37.941159,37.915801,37.890773,37.861178,37.827117,37.795373,37.758749,37.716959,37.675100,37.633572,37.585630,37.530257,37.478478,37.414208,37.353003,37.281857,37.200036,37.119611,37.023530,36.926832,36.817506,36.696350,36.572297,36.434198,36.292861,36.140146,35.985106,35.821336,35.656745,35.485798,35.314096,35.140429,34.966910,34.788236,34.611351,34.429881,34.242876,34.055109,33.859111,33.653235,33.438842,33.213015,32.969863,32.712567,32.436009,32.140729,31.829940,31.504159,31.164427,30.807444,30.435424,30.056949,29.676656,29.301606,28.933509,28.575421,28.223607,27.873126,27.512294,27.126627,26.696491,26.201509,25.616508,24.923375,24.101274,23.138050,22.033292,20.794794,19.440737,18.006865,16.538498,15.094123,13.735614,12.528740,11.548162,10.843927,10.478225,10.473609,10.858547,11.631790,12.765646,14.231664,15.977147,17.936276,20.044887,22.230980,24.428978,26.579653,28.631863,30.549270,32.303847,33.884478,35.286769,36.519559,37.595619,38.533828,39.354645,40.079167,40.726441
0.712563,46.165492,45.924182,45.627398,45.268263,44.840736,44.342033,43.769251,43.122693,42.409660,41.632763,40.809454,39.950010,39.074118,38.199547,37.355217,36.555435,35.823576,35.176500,34.635540,34.203819,33.892742,33.698892,33.618718,33.642453,33.756582,33.945662,34.189811,34.470021,34.772615,35.076360,35.372913,35.646361,35.894154,36.107733,36.288493,36.436874,36.554606,36.646186,36.717359,36.772212,36.816975,36.855129,36.890471,36.926635,36.966124,37.009626,37.057405,37.110529,37.166826,37.226263,37.289975,37.355141,37.422393,37.488951,37.553472,37.616908,37.676325,37.732979,37.783872,37.831324,37.872864,37.911304,37.944489,37.975434,38.002002,38.027016,38.048329,38.068853,38.086791,38.102888,38.119307,38.134313,38.148057,38.162345,38.176367,38.190779,38.206479,38.222717,38.240171,38.258792,38.277861,38.298515,38.319219,38.340719,38.362954,38.382478,38.403136,38.418538,38.434250,38.444534,38.448216,38.452570,38.447001,38.442950,38.428855,38.417277,38.396380,38.378784,38.352348,38.326635,38.301416,38.268921,38.239776,38.203411,38.167627,38.129487,38.088553,38.044708,38.001144,37.951207,37.893996,37.836436,37.778674,37.708319,37.641453,37.560740,37.482766,37.389650,37.298466,37.191711,37.081458,36.966635,36.840323,36.703131,36.563448,36.411934,36.257801,36.094046,35.928922,35.756532,35.582495,35.406002,35.228979,35.046777,34.866075,34.679749,34.494140,34.301116,34.107103,33.903366,33.695180,33.475460,33.242277,32.997308,32.734252,32.454874,32.158411,31.844134,31.516799,31.175999,30.817601,30.444793,30.063986,29.682596,29.304781,28.935209,28.574928,28.222243,27.870385,27.509454,27.124832,26.697172,26.206289,25.627835,24.938982,24.124090,23.170742,22.072660,20.838297,19.486828,18.052265,16.579779,15.123747,13.749925,12.528140,11.518473,10.792954,10.390853,10.361865,10.715936,11.456945,12.567238,14.011135,15.736913,17.686972,19.788736,21.974784,24.177207,26.335177,28.399478,30.328896,32.098377,33.693708,35.110403,36.356672,37.444860,38.394340,39.225517,39.958915,40.614240
0.723116,46.202466,45.972865,45.690357,45.348189,44.941873,44.465784,43.919788,43.305566,42.624654,41.883683,41.096408,40.278229,39.439738,38.609397,37.798024,37.036395,36.334624,35.720135,35.198985,34.788907,34.490091,34.304305,34.228285,34.252049,34.362705,34.543494,34.779068,35.052319,35.342094,35.638700,35.923250,36.190734,36.429025,36.638356,36.814035,36.957367,37.072225,37.162256,37.230919,37.284720,37.327258,37.363845,37.397917,37.432839,37.469743,37.511757,37.557502,37.608601,37.662410,37.720838,37.781515,37.845655,37.910330,37.974197,38.037775,38.098005,38.156479,38.209840,38.259879,38.303973,38.344621,38.379656,38.412031,38.439723,38.464956,38.487905,38.507251,38.525122,38.541113,38.556620,38.570085,38.584145,38.596901,38.609078,38.622561,38.636386,38.650834,38.666557,38.683639,38.700786,38.719742,38.738540,38.759008,38.779024,38.797065,38.816015,38.829807,38.842234,38.850680,38.857332,38.856979,38.848663,38.841420,38.822980,38.807055,38.780681,38.754506,38.725434,38.697153,38.663344,38.624770,38.590695,38.551890,38.508396,38.468521,38.420475,38.375318,38.324064,38.266010,38.210645,38.143920,38.076476,38.008547,37.931425,37.844704,37.761404,37.663082,37.567416,37.456568,37.347434,37.226986,37.096070,36.961688,36.822781,36.671594,36.518685,36.355384,36.190291,36.017356,35.842166,35.665204,35.484165,35.299211,35.115277,34.925788,34.737412,34.542359,34.347067,34.143533,33.937527,33.720810,33.497678,33.260158,33.011282,32.744981,32.462858,32.163551,31.848396,31.518823,31.176872,30.818110,30.444450,30.062651,29.679899,29.301005,28.929930,28.568192,28.213585,27.861188,27.500456,27.116857,26.692735,26.204591,25.632605,24.950710,24.144807,23.196615,22.105941,20.877542,19.530635,18.095702,16.618496,15.155616,13.768742,12.526568,11.496686,10.738461,10.313279,10.247049,10.570374,11.282570,12.366964,13.789072,15.500715,17.436509,19.533111,21.717594,23.923282,26.088477,28.162516,30.105660,31.888886,33.497409,34.928604,36.187976,37.288878,38.249753,39.090694,39.833133,40.496638
0.733668,46.240005,46.022430,45.754501,45.429865,45.043865,44.593279,44.074279,43.491073,42.842840,42.141927,41.393931,40.614137,39.818962,39.024218,38.257116,37.527092,36.863704,36.274061,35.781222,35.387247,35.103959,34.927084,34.855036,34.878392,34.985056,35.158913,35.386910,35.647258,35.929308,36.213937,36.488474,36.747004,36.977235,37.179914,37.349356,37.489805,37.600787,37.688352,37.754979,37.807056,37.847908,37.883163,37.915670,37.948184,37.983638,38.023596,38.067673,38.115520,38.167650,38.223922,38.282919,38.343640,38.406030,38.468796,38.529104,38.588358,38.643376,38.695197,38.743098,38.785606,38.823625,38.856766,38.887162,38.913451,38.936530,38.956281,38.974309,38.990823,39.004974,39.017216,39.029353,39.041745,39.052488,39.064309,39.075478,39.088639,39.102318,39.116318,39.131657,39.148541,39.165754,39.182757,39.201673,39.218099,39.235588,39.249751,39.258695,39.268201,39.271041,39.265823,39.258019,39.248074,39.225853,39.201904,39.177285,39.141543,39.110010,39.068236,39.031357,38.985647,38.945328,38.897250,38.851011,38.805946,38.752730,38.703035,38.643951,38.587892,38.521096,38.456786,38.380355,38.306886,38.219791,38.131391,38.042169,37.938243,37.837393,37.721350,37.608093,37.480047,37.350132,37.217265,37.074260,36.922365,36.769663,36.606526,36.441863,36.268633,36.092985,35.914996,35.730747,35.545233,35.358722,35.166457,34.975134,34.777620,34.580407,34.375834,34.170050,33.955285,33.736477,33.507048,33.266460,33.011905,32.744295,32.459563,32.158211,31.840717,31.509829,31.167391,30.808393,30.434406,30.052152,29.668104,29.288092,28.916072,28.552864,28.197637,27.844443,27.484047,27.101865,26.680447,26.197454,25.629320,24.956871,24.156223,23.218910,22.134561,20.912487,19.569846,18.135745,16.655967,15.183887,13.785549,12.523734,11.471251,10.692753,10.232572,10.138999,10.434714,11.114698,12.174884,13.573657,15.263822,17.189137,19.276987,21.459801,23.667943,25.840098,27.923818,29.878232,31.674132,33.297302,34.741669,36.014526,37.127643,38.099297,38.950474,39.701789,40.373573
0.744221,46.278065,46.072504,45.819323,45.513074,45.148364,44.721267,44.231199,43.679636,43.066254,42.401207,41.694940,40.954177,40.200633,39.452497,38.720342,38.033303,37.401715,36.842284,36.372922,36.002144,35.730953,35.564836,35.496462,35.519447,35.621967,35.788571,36.007273,36.258340,36.526016,36.801101,37.066478,37.312581,37.536870,37.730174,37.895612,38.029978,38.138539,38.222350,38.287156,38.336980,38.376374,38.410029,38.440553,38.471639,38.505604,38.542423,38.584114,38.630659,38.680408,38.733170,38.790400,38.849340,38.908596,38.969076,39.027017,39.083982,39.137331,39.186884,39.231431,39.272472,39.307969,39.340379,39.367633,39.391884,39.413596,39.431387,39.448009,39.461296,39.474200,39.484528,39.495428,39.504564,39.514827,39.524486,39.534684,39.545007,39.557097,39.570755,39.584403,39.598135,39.614276,39.630012,39.644347,39.660238,39.671173,39.682748,39.686286,39.690114,39.686406,39.673723,39.661439,39.636286,39.612268,39.579086,39.537426,39.499706,39.450766,39.407041,39.353544,39.306000,39.253762,39.197213,39.146140,39.087061,39.028959,38.968090,38.907327,38.836129,38.763798,38.686514,38.608033,38.515884,38.426498,38.322555,38.221953,38.110906,37.989288,37.866429,37.742119,37.603676,37.467686,37.318828,37.171016,37.012119,36.853064,36.684050,36.514113,36.337832,36.157743,35.972459,35.785268,35.596873,35.402537,35.208491,35.008328,34.806972,34.604050,34.395538,34.180755,33.963857,33.736776,33.504127,33.259552,33.001607,32.731111,32.443639,32.140880,31.822842,31.490584,31.147519,30.788503,30.414437,30.031708,29.647137,29.266269,28.893192,28.528689,28.172426,27.819084,27.458762,27.077805,26.659102,26.179682,25.619404,24.951728,24.161936,23.230341,22.156814,20.940523,19.602256,18.171131,16.688947,15.211735,13.799693,12.525190,11.449850,10.646228,10.158031,10.037662,10.297122,10.953695,11.981941,13.359835,15.032614,16.941782,19.022949,21.202295,23.412244,25.590039,27.682080,29.647766,31.456053,33.091877,34.550409,35.835405,36.960841,37.943462,38.804570,39.565091,40.245347
0.754774,46.316547,46.123233,45.884933,45.596771,45.252974,44.852059,44.390830,43.870403,43.292396,42.665602,41.997888,41.303676,40.592998,39.881892,39.196097,38.542320,37.946019,37.422227,36.978536,36.624967,36.371127,36.212968,36.149459,36.172087,36.270306,36.429489,36.638488,36.876694,37.135754,37.395687,37.651511,37.887452,38.102928,38.288629,38.447868,38.577147,38.681845,38.762503,38.825251,38.872977,38.910546,38.941763,38.970872,39.000535,39.031646,39.066715,39.106505,39.149296,39.197126,39.248014,39.301492,39.358542,39.415162,39.473125,39.529227,39.582436,39.633398,39.681257,39.723515,39.762017,39.796709,39.826699,39.852182,39.875077,39.893728,39.910198,39.924842,39.936820,39.946422,39.955485,39.964461,39.971684,39.979409,39.988013,39.996349,40.004511,40.014472,40.026193,40.037762,40.049277,40.062128,40.075034,40.088826,40.099706,40.106033,40.112924,40.110565,40.105300,40.094221,40.080067,40.052622,40.025727,39.984768,39.941796,39.898202,39.842454,39.791520,39.733813,39.674445,39.610339,39.549435,39.487735,39.428479,39.364426,39.298178,39.229127,39.153401,39.076920,38.999230,38.912601,38.816119,38.721848,38.613041,38.506881,38.385763,38.267778,38.134811,38.005189,37.861515,37.721031,37.567853,37.413921,37.258283,37.092341,36.926877,36.752111,36.576941,36.394155,36.211307,36.021535,35.829772,35.635067,35.439081,35.236532,35.034409,34.827331,34.615060,34.402591,34.183912,33.958141,33.727591,33.490414,33.241917,32.980605,32.707319,32.418346,32.114022,31.794320,31.461590,31.117444,30.758768,30.384647,30.001821,29.616705,29.235224,28.860474,28.494837,28.137458,27.783618,27.423338,27.043777,26.627401,26.152240,25.597626,24.937276,24.155901,23.234718,22.167016,20.961119,19.627579,18.199218,16.716977,15.233809,13.814021,12.521449,11.430937,10.598366,10.088839,9.933504,10.166321,10.793976,11.797863,13.147957,14.803361,16.698075,18.769549,20.945877,23.156532,25.339119,27.439093,29.414443,31.235270,32.883228,34.354104,35.652173,36.788993,37.782562,38.653421,39.423305,40.112306
0.765327,46.355194,46.174143,45.951099,45.680587,45.358647,44.982841,44.549492,44.061186,43.521687,42.933818,42.305335,41.653753,40.983832,40.320879,39.673873,39.059249,38.498724,38.006379,37.587234,37.258102,37.017036,36.870044,36.810469,36.832287,36.925604,37.079249,37.275537,37.505317,37.748637,37.999695,38.240456,38.468895,38.672222,38.852350,39.002870,39.128484,39.227497,39.305971,39.365576,39.410839,39.446552,39.476312,39.503965,39.530831,39.560298,39.593625,39.629748,39.670505,39.715727,39.763292,39.814721,39.869020,39.922827,39.978157,40.031638,40.082246,40.131374,40.176093,40.216079,40.253117,40.284784,40.313006,40.337823,40.357967,40.375993,40.390623,40.402124,40.412811,40.420539,40.428316,40.434074,40.440738,40.446423,40.451360,40.457515,40.464161,40.472677,40.480043,40.490199,40.500188,40.509099,40.518705,40.529007,40.533719,40.539229,40.535822,40.532378,40.517530,40.502154,40.473134,40.444099,40.400314,40.353475,40.304773,40.242769,40.185094,40.115708,40.052124,39.979240,39.909652,39.843340,39.772851,39.698272,39.625835,39.554717,39.474054,39.393333,39.311761,39.217723,39.121456,39.023054,38.910246,38.795104,38.678014,38.550362,38.412081,38.277017,38.127861,37.982169,37.823998,37.665429,37.506104,37.336635,37.169063,36.992430,36.816241,36.631894,36.447773,36.256712,36.065565,35.867297,35.669340,35.464717,35.258503,35.050742,34.835890,34.621461,34.399410,34.176774,33.947050,33.711268,33.466839,33.214490,32.951758,32.674260,32.383546,32.077872,31.757681,31.423789,31.078961,30.720347,30.346296,29.963262,29.577452,29.194579,28.818903,28.451597,28.092672,27.737188,27.376985,26.998329,26.584198,26.112932,25.562757,24.911902,24.137620,23.224143,22.168883,20.968740,19.644360,18.219221,16.737898,15.251650,13.821866,12.518990,11.406526,10.556376,10.015725,9.835294,10.041993,10.635620,11.613329,12.944184,14.576359,16.457630,18.519113,20.690522,22.901039,25.087557,27.195387,29.179876,31.011275,32.671988,34.154939,35.464189,36.612366,37.616789,38.497658,39.276917,39.974804
0.775879,46.393804,46.224958,46.016863,45.765087,45.464380,45.112958,44.710156,44.253331,43.749749,43.198862,42.615590,42.002360,41.381011,40.756050,40.150826,39.581149,39.054029,38.591204,38.203160,37.891846,37.668865,37.530106,37.475565,37.497563,37.586695,37.730238,37.918985,38.133751,38.366117,38.604495,38.833047,39.050429,39.243990,39.415703,39.559116,39.679105,39.774262,39.847987,39.904986,39.948870,39.982423,40.010764,40.035651,40.061379,40.088111,40.119041,40.152626,40.191326,40.232421,40.278548,40.326234,40.377595,40.429278,40.480258,40.531708,40.579560,40.626145,40.667826,40.706852,40.740670,40.771046,40.797997,40.820032,40.839543,40.854920,40.868321,40.878182,40.886496,40.893620,40.898291,40.903464,40.906464,40.910692,40.913209,40.917884,40.922163,40.926140,40.932896,40.938124,40.946354,40.953280,40.959384,40.961967,40.965889,40.961532,40.957093,40.941603,40.925541,40.895862,40.865366,40.819861,40.770469,40.713814,40.655118,40.582989,40.510733,40.439526,40.362140,40.279748,40.204591,40.121999,40.043078,39.966988,39.886189,39.800036,39.717885,39.628957,39.531826,39.436185,39.327229,39.219193,39.096581,38.975336,38.839242,38.700973,38.560731,38.410653,38.255281,38.091630,37.928014,37.760651,37.592891,37.418624,37.238640,37.060531,36.874354,36.688605,36.497429,36.301199,36.105065,35.901623,35.698475,35.488345,35.278429,35.060974,34.843943,34.619300,34.393039,34.164471,33.929156,33.686841,33.440486,33.183731,32.915441,32.636857,32.343324,32.036474,31.714426,31.379601,31.034400,30.675420,30.301249,29.917349,29.530593,29.146535,28.767768,28.398917,28.037275,27.680394,27.319621,26.941136,26.528392,26.061409,25.516676,24.870434,24.105690,23.201691,22.156245,20.965243,19.648811,18.229999,16.750281,15.261805,13.826399,12.509584,11.382243,10.511187,9.946541,9.742041,9.915240,10.486429,11.435216,12.742492,14.354849,16.221830,18.271467,20.437090,22.646553,24.836377,26.950710,28.944096,30.785914,32.457862,33.952372,35.273063,36.432405,37.446913,38.338040,39.126585,39.833302
0.786432,46.432148,46.275618,46.082565,45.848408,45.570039,45.243880,44.868093,44.445797,43.975207,43.466440,42.920332,42.354574,41.774375,41.192753,40.632296,40.096662,39.611004,39.179846,38.814470,38.528200,38.318316,38.190999,38.140413,38.161666,38.246736,38.382193,38.558844,38.764783,38.982428,39.207833,39.425615,39.628109,39.814551,39.974920,40.113279,40.225405,40.316020,40.387298,40.441310,40.482185,40.514603,40.540316,40.563705,40.587372,40.611784,40.639634,40.671757,40.707044,40.745147,40.787443,40.833552,40.880307,40.928963,40.977667,41.026255,41.072081,41.114554,41.155186,41.190795,41.223776,41.252286,41.276472,41.297812,41.314639,41.329430,41.340314,41.349632,41.356339,41.360638,41.364750,41.366544,41.368906,41.369072,41.370917,41.371107,41.372768,41.376090,41.377820,41.382381,41.384591,41.387652,41.389422,41.391180,41.385617,41.380309,41.364474,41.347867,41.318130,41.283600,41.244637,41.190058,41.131240,41.068995,40.992260,40.918430,40.836302,40.747131,40.660346,40.572696,40.488382,40.400705,40.309840,40.225514,40.133487,40.045963,39.952606,39.852487,39.753922,39.642927,39.532433,39.411475,39.283504,39.144600,39.006774,38.858504,38.700118,38.543960,38.375082,38.209643,38.033364,37.857560,37.681738,37.497445,37.313386,37.129006,36.939070,36.743822,36.547433,36.349667,36.144440,35.939326,35.726828,35.512730,35.294864,35.075275,34.849897,34.618807,34.388177,34.149648,33.908792,33.664379,33.410172,33.150472,32.878569,32.596346,32.301792,31.992541,31.668865,31.333137,30.986505,30.626687,30.251962,29.866693,29.478057,29.091135,28.710809,28.337627,27.974235,27.613957,27.251587,26.872257,26.460497,25.995890,25.454871,24.817051,24.057877,23.166279,22.129322,20.948052,19.640483,18.228442,16.751771,15.263273,13.822857,12.496484,11.356261,10.462316,9.879772,9.644778,9.796583,10.335588,11.263314,12.542949,14.137506,15.987606,18.027978,20.185977,22.394097,24.586196,26.705719,28.707946,30.559653,32.241535,33.747172,35.079536,36.249443,37.274455,38.175044,38.972988,39.688641
0.796985,46.470025,46.325526,46.147151,45.931327,45.673925,45.371891,45.026189,44.634954,44.199763,43.729441,43.226244,42.698554,42.164016,41.625454,41.104019,40.613308,40.158405,39.761599,39.423090,39.158286,38.964190,38.846780,38.800688,38.821489,38.901129,39.030800,39.195454,39.389064,39.595372,39.803713,40.008746,40.202867,40.375705,40.529888,40.658357,40.766250,40.851105,40.918585,40.969646,41.008549,41.038187,41.062790,41.083912,41.105610,41.128315,41.153099,41.182380,41.214047,41.250569,41.289695,41.331080,41.376278,41.421729,41.467220,41.511140,41.554219,41.595477,41.632409,41.667099,41.696919,41.723650,41.746659,41.765910,41.782144,41.794554,41.804480,41.812218,41.816793,41.820008,41.822345,41.822181,41.822439,41.820324,41.819542,41.817130,41.816146,41.816745,41.815325,41.815291,41.816754,41.814194,41.813481,41.806362,41.797533,41.786446,41.766977,41.737649,41.703456,41.664333,41.609671,41.549942,41.485818,41.406454,41.328194,41.236827,41.145367,41.054671,40.955162,40.862239,40.762402,40.666623,40.574438,40.475922,40.382666,40.281653,40.180915,40.079577,39.970124,39.854734,39.729171,39.599727,39.463023,39.319011,39.171645,39.014068,38.850406,38.677583,38.507067,38.325676,38.147710,37.960734,37.777344,37.586244,37.397934,37.202588,37.007053,36.810338,36.608523,36.401232,36.194327,35.979713,35.763203,35.545039,35.320791,35.090605,34.858671,34.625170,34.383932,34.143001,33.894297,33.642630,33.386398,33.120870,32.845081,32.560507,32.261764,31.950351,31.625171,31.287775,30.939232,30.577817,30.201867,29.815003,29.423764,29.032613,28.647947,28.272333,27.902893,27.540462,27.173534,26.793225,26.380599,25.917445,25.380308,24.748173,23.998062,23.112705,22.087468,20.916408,19.618346,18.212820,16.742696,15.254666,13.810758,12.477109,11.324099,10.415241,9.807457,9.553530,9.674831,10.190489,11.093057,12.349850,13.926296,15.760160,17.787003,19.939159,22.144057,24.337540,26.461828,28.471444,30.332080,32.024954,33.541324,34.884175,36.064529,37.099779,38.010185,38.817164,39.541807
0.807538,46.507199,46.374405,46.210826,46.012439,45.775443,45.498943,45.179578,44.820818,44.420475,43.987991,43.525031,43.039253,42.544942,42.054050,41.573856,41.116731,40.702752,40.332624,40.024892,39.777827,39.600916,39.492931,39.451818,39.472093,39.547014,39.667397,39.822712,40.003945,40.196939,40.391750,40.585618,40.764214,40.929536,41.071678,41.194840,41.294338,41.375782,41.438129,41.486766,41.523027,41.550898,41.573056,41.593118,41.611890,41.632892,41.655685,41.680855,41.710974,41.742919,41.778887,41.817833,41.858882,41.901824,41.943140,41.984752,42.025703,42.062988,42.098197,42.130726,42.158522,42.183928,42.204781,42.222516,42.237437,42.248489,42.257426,42.262827,42.266886,42.268561,42.267995,42.267255,42.264009,42.260505,42.257311,42.252469,42.249823,42.245191,42.241758,42.239690,42.234282,42.230877,42.221916,42.211705,42.199784,42.177789,42.154522,42.118370,42.080011,42.026267,41.970368,41.902349,41.822152,41.741435,41.650481,41.550586,41.453750,41.347541,41.246744,41.142207,41.034975,40.934616,40.829051,40.729438,40.623644,40.521601,40.414310,40.300367,40.186749,40.064081,39.931507,39.794478,39.653163,39.501148,39.338528,39.172613,39.000659,38.826403,38.640989,38.458052,38.266188,38.077683,37.881854,37.689274,37.489925,37.290928,37.091658,36.885323,36.679878,36.468882,36.252199,36.033727,35.813246,35.584271,35.355673,35.118821,34.882357,34.637815,34.391991,34.144672,33.891675,33.634066,33.369255,33.100597,32.820600,32.531616,32.231571,31.916492,31.589467,31.248131,30.896858,30.534383,30.154834,29.765666,29.370531,28.975678,28.586044,28.202571,27.829884,27.459700,27.090115,26.704718,26.290629,25.827606,25.293429,24.664740,23.922390,23.047336,22.028982,20.871525,19.581858,18.185840,16.719838,15.235667,13.790341,12.451282,11.285479,10.362720,9.736067,9.459823,9.559522,10.048204,10.924511,12.163018,13.716611,15.534952,17.551942,19.695321,21.897583,24.091305,26.219809,28.235974,30.105276,31.807785,33.335014,34.688424,35.879147,36.924377,37.844366,38.660529,39.394024
0.818090,46.543493,46.422233,46.272503,46.091449,45.874897,45.622197,45.330140,45.001014,44.637370,44.240350,43.814787,43.374326,42.922145,42.467841,42.030640,41.614303,41.230201,40.895786,40.610012,40.387212,40.225136,40.126439,40.089223,40.109492,40.179123,40.292608,40.437578,40.603154,40.782799,40.967897,41.144939,41.313250,41.467699,41.601758,41.714666,41.809813,41.885239,41.943516,41.988535,42.022666,42.048092,42.069165,42.086530,42.104114,42.121833,42.142042,42.165783,42.191608,42.221965,42.254796,42.289590,42.328149,42.366099,42.405872,42.443471,42.481510,42.516117,42.548903,42.579273,42.605058,42.628578,42.647735,42.664536,42.677335,42.687905,42.695147,42.699745,42.701569,42.702231,42.700144,42.697523,42.693061,42.687591,42.680646,42.675197,42.667884,42.662531,42.655941,42.647706,42.641485,42.630346,42.620508,42.603303,42.583521,42.560542,42.525901,42.485721,42.440008,42.382187,42.311927,42.235907,42.154544,42.058880,41.963209,41.858955,41.747787,41.640461,41.526311,41.414855,41.306616,41.194220,41.087704,40.976536,40.869859,40.757012,40.646205,40.529089,40.404039,40.275051,40.141517,39.995373,39.846768,39.687591,39.518258,39.345051,39.165727,38.983690,38.794205,38.598519,38.402867,38.205030,38.007766,37.804169,37.603414,37.398605,37.189538,36.979669,36.768574,36.549931,36.329476,36.107108,35.876052,35.642728,35.407477,35.163908,34.920703,34.669332,34.418810,34.160962,33.903666,33.638421,33.371334,33.094651,32.812821,32.519795,32.214142,31.897515,31.565483,31.222518,30.866680,30.501130,30.118698,29.723035,29.323894,28.921534,28.526620,28.135599,27.755955,27.378188,27.002497,26.611277,26.194371,25.728836,25.195517,24.570394,23.833538,22.965233,21.959171,20.808891,19.529523,18.142833,16.686109,15.204499,13.759932,12.416651,11.242348,10.304687,9.664333,9.363600,9.442842,9.908343,10.763567,11.976671,13.514472,15.316731,17.319832,19.456664,21.654443,23.848309,25.980196,28.002357,29.880578,31.592318,33.129644,34.493075,35.694366,36.749426,37.678822,38.504146,39.246604
0.828643,46.578646,46.468548,46.332594,46.167594,45.971596,45.740845,45.476843,45.176754,44.846154,44.483345,44.099656,43.694779,43.285456,42.871903,42.471504,42.092378,41.747257,41.438331,41.182092,40.976315,40.830608,40.740884,40.708438,40.727716,40.794051,40.897094,41.031041,41.187622,41.354305,41.522285,41.690024,41.846016,41.986348,42.111284,42.218812,42.305586,42.375977,42.430860,42.472597,42.504252,42.527940,42.546262,42.562578,42.577272,42.593181,42.611513,42.631523,42.655786,42.681600,42.711146,42.743382,42.778593,42.813272,42.849950,42.884381,42.919470,42.951338,42.982362,43.009805,43.033687,43.055446,43.073455,43.087878,43.100174,43.108773,43.115242,43.118706,43.119873,43.118419,43.115354,43.111049,43.104170,43.097404,43.088448,43.080657,43.070851,43.062598,43.051713,43.042730,43.029719,43.017724,42.999605,42.981485,42.956656,42.923409,42.887837,42.841486,42.783336,42.718513,42.644326,42.564049,42.469304,42.372663,42.264084,42.153172,42.038617,41.924488,41.804688,41.689573,41.570919,41.455661,41.343359,41.229488,41.113392,40.999849,40.880005,40.759789,40.630091,40.497919,40.354465,40.205263,40.050326,39.885257,39.710482,39.533451,39.347848,39.154626,38.959196,38.760162,38.560728,38.357034,38.149517,37.944639,37.734356,37.524172,37.313696,37.098369,36.877979,36.655828,36.431655,36.199074,35.966022,35.726344,35.480173,35.232080,34.980021,34.726141,34.466742,34.202346,33.936828,33.669194,33.393164,33.114334,32.824948,32.527580,32.220075,31.897240,31.563306,31.213878,30.855723,30.484526,30.095752,29.696910,29.287973,28.881364,28.474078,28.077867,27.685066,27.299939,26.913951,26.516748,26.094588,25.625008,25.090875,24.467346,23.733506,22.873683,21.873655,20.736117,19.465299,18.089428,16.638006,15.163100,13.719363,12.373456,11.192697,10.245008,9.587912,9.268821,9.327012,9.772605,10.601823,11.797941,13.314009,15.101072,17.094247,19.221838,21.416234,23.609509,25.744242,27.772284,29.658317,31.379236,32.926348,34.299834,35.511097,36.575749,37.514691,38.349398,39.100835
0.839196,46.612351,46.513021,46.390280,46.241419,46.063657,45.856159,45.616120,45.346741,45.045622,44.720502,44.370099,44.007646,43.632959,43.263356,42.901140,42.555546,42.243277,41.963433,41.729968,41.547021,41.413421,41.334235,41.305318,41.324484,41.384807,41.482011,41.604069,41.748348,41.901869,42.058506,42.211525,42.353888,42.485140,42.602158,42.700589,42.780921,42.846920,42.896836,42.935847,42.964093,42.985987,43.002755,43.016602,43.029844,43.044122,43.059096,43.077153,43.098502,43.121336,43.148534,43.176685,43.208585,43.240854,43.272710,43.305701,43.336185,43.366787,43.393881,43.419240,43.442325,43.461488,43.478047,43.491923,43.502101,43.510242,43.515006,43.517843,43.518005,43.515483,43.511552,43.504751,43.497399,43.487674,43.477540,43.467586,43.455451,43.444450,43.431906,43.417077,43.403291,43.385791,43.365173,43.338743,43.308871,43.272552,43.231107,43.178860,43.117625,43.044356,42.963997,42.877054,42.776680,42.673589,42.559750,42.445356,42.323379,42.203601,42.079533,41.959389,41.836851,41.717319,41.600395,41.481159,41.364526,41.243826,41.122003,40.997451,40.864333,40.727525,40.581988,40.428366,40.264907,40.095251,39.919754,39.733882,39.545212,39.349394,39.147382,38.945218,38.737027,38.530161,38.319875,38.106440,37.893282,37.679959,37.460873,37.242337,37.016936,36.791337,36.557760,36.323342,36.080243,35.836430,35.584078,35.331556,35.072923,34.808408,34.544453,34.273643,34.003694,33.726461,33.446471,33.162342,32.869248,32.566967,32.252112,31.927069,31.585683,31.233658,30.866721,30.489717,30.096027,29.690211,29.272401,28.856649,28.438489,28.028878,27.626845,27.232982,26.833495,26.426419,25.996670,25.521909,24.982691,24.359090,23.627551,22.772272,21.779671,20.650716,19.389640,18.021692,16.580660,15.109754,13.669778,12.322621,11.137055,10.178104,9.507239,9.174705,9.209955,9.634915,10.447205,11.619923,13.121209,14.891892,16.872689,18.993628,21.183003,23.375935,25.513304,27.546657,29.439545,31.169947,32.726100,34.110101,35.330830,36.405376,37.353702,38.197590,38.958166
0.849749,46.644416,46.555464,46.445206,46.311397,46.152383,45.965656,45.749922,45.506860,45.238551,44.943708,44.632013,44.302530,43.967392,43.635076,43.306991,42.998416,42.717670,42.467778,42.255877,42.091589,41.972791,41.901040,41.876336,41.894783,41.950442,42.039767,42.152954,42.281839,42.424086,42.565868,42.708138,42.838881,42.959523,43.067311,43.157967,43.232778,43.292012,43.339330,43.374077,43.400705,43.419624,43.434933,43.447054,43.458537,43.470823,43.483766,43.499913,43.517350,43.538698,43.561378,43.587921,43.614857,43.643852,43.674173,43.702694,43.731847,43.758199,43.784142,43.806598,43.827815,43.845354,43.860945,43.872853,43.882243,43.889257,43.893342,43.894653,43.894145,43.891018,43.885656,43.877757,43.868432,43.858272,43.846541,43.833250,43.820548,43.805377,43.790031,43.774523,43.754703,43.734827,43.710252,43.679872,43.647336,43.606411,43.555706,43.498443,43.434080,43.356157,43.272682,43.176165,43.075177,42.963246,42.847205,42.727909,42.604025,42.477311,42.352795,42.226431,42.103483,41.981074,41.859146,41.739554,41.617950,41.496902,41.372388,41.242861,41.109382,40.967198,40.818538,40.662767,40.496720,40.323861,40.144517,39.956947,39.761971,39.562657,39.359946,39.151296,38.942304,38.728782,38.515913,38.300189,38.082929,37.862441,37.642216,37.417547,37.187682,36.956997,36.718452,36.478516,36.230070,35.980347,35.724170,35.461799,35.198866,34.928376,34.658134,34.381295,34.105176,33.822076,33.538002,33.245252,32.946992,32.639582,32.322326,31.988967,31.644784,31.283255,30.912794,30.526749,30.127536,29.708707,29.285237,28.852854,28.424800,28.005070,27.589305,27.175850,26.768615,26.349069,25.904262,25.421307,24.878605,24.250475,23.519342,22.666210,21.680324,20.556698,19.306723,17.946264,16.511947,15.048945,13.611593,12.264209,11.074726,10.108062,9.425524,9.076354,9.097410,9.503361,10.292522,11.449722,12.931065,14.688781,16.659160,18.770897,20.956632,23.148392,25.287793,27.325894,29.226373,30.964741,32.530700,33.924579,35.155369,36.239224,37.197030,38.050103,38.819962
0.860302,46.674683,46.595390,46.497395,46.377933,46.236032,46.068856,45.877497,45.659660,45.420075,45.158133,44.876693,44.585846,44.284457,43.987534,43.696420,43.418467,43.165609,42.942519,42.756549,42.608416,42.501760,42.439629,42.418119,42.435244,42.487639,42.567149,42.669957,42.790320,42.916533,43.049116,43.175536,43.298128,43.408329,43.504189,43.587396,43.657051,43.712029,43.754771,43.786880,43.810099,43.827766,43.840548,43.851332,43.861472,43.871288,43.883253,43.896074,43.911635,43.930245,43.950066,43.972772,43.998121,44.023032,44.049457,44.076627,44.102306,44.126808,44.149545,44.169821,44.189117,44.205099,44.218934,44.230360,44.238677,44.244048,44.247503,44.248300,44.246528,44.242476,44.236500,44.227717,44.217234,44.205687,44.192546,44.177717,44.163006,44.145779,44.128972,44.108771,44.087120,44.063810,44.034448,44.003374,43.963772,43.920249,43.865716,43.804193,43.735324,43.653876,43.564385,43.467384,43.360659,43.247042,43.127709,43.003280,42.876936,42.749921,42.621476,42.494858,42.368937,42.245113,42.122992,42.001004,41.879209,41.755461,41.629525,41.499807,41.363600,41.221180,41.070354,40.912256,40.745477,40.570355,40.388508,40.198594,40.003231,39.801797,39.595037,39.385902,39.172687,38.958578,38.740851,38.523029,38.302748,38.080437,37.854282,37.626997,37.394758,37.156969,36.915616,36.670730,36.417772,36.162735,35.901482,35.635571,35.363489,35.090969,34.811832,34.532728,34.247470,33.962061,33.669284,33.374242,33.070556,32.757654,32.431599,32.095379,31.741235,31.376126,30.993730,30.603418,30.190924,29.766410,29.325375,28.882374,28.443418,28.001939,27.570102,27.147150,26.717728,26.286819,25.830812,25.336016,24.780941,24.149371,23.414827,22.561690,21.578355,20.461662,19.216780,17.866183,16.438970,14.980138,13.547146,12.200303,11.007787,10.034596,9.343010,8.980740,8.982875,9.371201,10.145436,11.281897,12.749851,14.493500,16.451199,18.555882,20.737223,22.927972,25.069280,27.111991,29.018944,30.766022,32.341042,33.744410,34.985144,36.079071,37.046012,37.908473,38.687351
0.870854,46.702975,46.632891,46.545989,46.440588,46.314245,46.166923,45.996008,45.804265,45.589654,45.358354,45.110101,44.848667,44.584677,44.317080,44.058462,43.815708,43.591107,43.392865,43.224637,43.094795,43.000406,42.945888,42.927730,42.944562,42.991206,43.065326,43.158757,43.264765,43.380509,43.500641,43.616758,43.724761,43.824956,43.914655,43.990211,44.051912,44.102880,44.141186,44.170877,44.191826,44.207588,44.218650,44.227796,44.236364,44.244716,44.254903,44.266263,44.278986,44.295019,44.312833,44.332074,44.354354,44.376987,44.400418,44.423260,44.446240,44.468278,44.488753,44.508102,44.524532,44.539842,44.552313,44.561913,44.569299,44.574350,44.576478,44.576833,44.574426,44.569884,44.562768,44.553213,44.542179,44.528909,44.514954,44.498929,44.482517,44.464268,44.443937,44.423231,44.399194,44.371061,44.341123,44.304427,44.264219,44.214635,44.159527,44.093589,44.021102,43.938144,43.845953,43.744054,43.635035,43.520033,43.399034,43.273950,43.146620,43.018046,42.889484,42.762296,42.636567,42.512555,42.390154,42.268116,42.146350,42.022765,41.896343,41.766254,41.629979,41.487205,41.336297,41.177675,41.010578,40.835354,40.652803,40.462763,40.266274,40.064156,39.857221,39.646578,39.432747,39.216769,38.998102,38.778192,38.556064,38.330889,38.104015,37.871943,37.636594,37.396753,37.152974,36.902010,36.647788,36.386055,36.120449,35.851218,35.576113,35.297348,35.015038,34.728018,34.440710,34.147244,33.852323,33.549021,33.239821,32.921082,32.592175,32.245945,31.888256,31.513363,31.121802,30.722058,30.298862,29.862844,29.407875,28.953509,28.491298,28.039980,27.586181,27.145249,26.700954,26.245339,25.776813,25.267915,24.702777,24.058591,23.320030,22.464520,21.481582,20.367579,19.128104,17.783297,16.361511,14.909418,13.478641,12.133039,10.937757,9.959780,9.257544,8.884263,8.872140,9.245812,10.000287,11.123186,12.573216,14.303775,16.252498,18.349400,20.525800,22.715751,24.858954,26.906126,28.819549,30.573971,32.158531,33.571513,34.821838,35.925549,36.902109,37.773674,38.561501
0.881407,46.729230,46.667613,46.591390,46.498386,46.387745,46.257269,46.107858,45.938253,45.748985,45.545106,45.326265,45.095656,44.862996,44.626835,44.400547,44.182616,43.984623,43.810001,43.664688,43.547920,43.466742,43.418171,43.403429,43.418939,43.461778,43.528727,43.611524,43.709643,43.813798,43.918672,44.023204,44.123554,44.212424,44.293595,44.360914,44.418564,44.463239,44.498541,44.525475,44.544294,44.558249,44.567747,44.575647,44.582290,44.589874,44.597718,44.607201,44.618814,44.631396,44.647269,44.664526,44.682569,44.702380,44.723719,44.744547,44.764149,44.784261,44.802519,44.818855,44.834548,44.847536,44.859120,44.867714,44.874475,44.878359,44.880233,44.879422,44.876770,44.871356,44.863580,44.853801,44.841637,44.828155,44.812668,44.796383,44.777823,44.758628,44.737441,44.713570,44.688201,44.658190,44.625782,44.586974,44.543932,44.492217,44.433567,44.367254,44.290813,44.206643,44.112547,44.010466,43.900389,43.784129,43.663060,43.537925,43.411456,43.282875,43.156170,43.029020,42.905325,42.781620,42.660414,42.540830,42.420002,42.296697,42.172465,42.042411,41.907499,41.765589,41.616914,41.459213,41.292436,41.119229,40.936762,40.748465,40.552917,40.351518,40.144657,39.934968,39.721123,39.504938,39.286743,39.066045,38.843293,38.617512,38.388734,38.155564,37.918800,37.676864,37.429309,37.176866,36.919561,36.655355,36.387435,36.112742,35.835124,35.551673,35.266513,34.976940,34.683020,34.386553,34.086864,33.778629,33.465491,33.140978,32.802373,32.452831,32.083529,31.702109,31.300626,30.890364,30.455458,30.006596,29.536577,29.066065,28.589793,28.111298,27.645967,27.180619,26.715622,26.243391,25.748364,25.222632,24.645967,23.991460,23.240550,22.379879,21.394923,20.281498,19.044848,17.703528,16.286535,14.837698,13.410291,12.064953,10.867831,9.883689,9.173829,8.789665,8.764551,9.122008,9.863874,10.969983,12.405563,14.124413,16.061369,18.151770,20.324271,22.512847,24.657728,26.708813,28.628234,30.390816,31.983788,33.406012,34.666471,35.779876,36.765922,37.646776,38.443421
0.891960,46.753408,46.699716,46.633022,46.552070,46.454902,46.341134,46.210540,46.062160,45.896407,45.717885,45.524884,45.325735,45.120511,44.913550,44.713532,44.526041,44.350841,44.197947,44.069615,43.969756,43.897995,43.855898,43.843691,43.858269,43.896986,43.957061,44.032276,44.117285,44.210191,44.306923,44.398851,44.488821,44.569737,44.640221,44.702782,44.752918,44.793912,44.825663,44.849905,44.867065,44.878800,44.887465,44.893611,44.899595,44.905175,44.911820,44.919603,44.929299,44.940370,44.952845,44.967527,44.983608,45.001494,45.019509,45.037009,45.054823,45.072496,45.088678,45.103239,45.117350,45.128985,45.139333,45.146989,45.152988,45.156249,45.157501,45.156173,45.152888,45.147062,45.139028,45.128490,45.116057,45.101988,45.086031,45.068858,45.049847,45.028934,45.006939,44.982016,44.955051,44.924247,44.888971,44.849256,44.803528,44.751480,44.691416,44.622997,44.546381,44.460675,44.366471,44.264515,44.154414,44.038799,43.919690,43.795493,43.671561,43.544393,43.419139,43.296768,43.174732,43.052943,42.935642,42.816183,42.697686,42.579127,42.455021,42.329566,42.197022,42.056181,41.909137,41.753897,41.591849,41.418922,41.241042,41.053078,40.861343,40.661021,40.458140,40.248770,40.038049,39.822466,39.605357,39.386373,39.164065,38.938327,38.709720,38.476570,38.238757,37.996075,37.748190,37.494556,37.235475,36.970291,36.699782,36.424391,36.143302,35.858918,35.569557,35.277094,34.981053,34.681968,34.375973,34.064530,33.746127,33.415868,33.070944,32.714289,32.336828,31.946389,31.534460,31.112811,30.668558,30.199280,29.720630,29.224871,28.729178,28.234264,27.747686,27.255156,26.772127,26.277388,25.760079,25.214071,24.619919,23.947185,23.188591,22.316549,21.326901,20.209276,18.972450,17.632180,16.217913,14.771071,13.344765,11.999362,10.799380,9.811109,9.092826,8.698413,8.661248,9.006414,9.731423,10.823258,12.247581,13.952627,15.881543,17.964070,20.132755,22.320445,24.466713,26.521791,28.446735,30.216603,31.817991,33.249508,34.519603,35.642638,36.638437,37.528205,38.333758
0.902513,46.775455,46.728950,46.671313,46.600809,46.516922,46.418263,46.304536,46.174977,46.032489,45.875361,45.709730,45.533926,45.355250,45.178257,45.002606,44.837893,44.688545,44.555416,44.442515,44.356005,44.293291,44.257944,44.247678,44.261574,44.296675,44.348526,44.416314,44.493043,44.575581,44.658603,44.743087,44.820382,44.893759,44.956538,45.012438,45.057245,45.094539,45.122852,45.143625,45.159001,45.169859,45.176982,45.182559,45.186958,45.191833,45.197054,45.203308,45.210464,45.220118,45.230662,45.243660,45.257403,45.271585,45.287708,45.302773,45.318831,45.333245,45.348022,45.361306,45.372956,45.383993,45.392648,45.399671,45.404910,45.407546,45.408261,45.406628,45.402803,45.396864,45.388396,45.377807,45.365166,45.350766,45.334732,45.316845,45.297484,45.276362,45.253041,45.227658,45.199488,45.168053,45.132129,45.091652,45.044820,44.991387,44.930955,44.862668,44.785639,44.700792,44.606709,44.505591,44.398971,44.284325,44.166803,44.048116,43.924345,43.803938,43.680292,43.562175,43.441817,43.327403,43.210289,43.097679,42.980789,42.866305,42.747101,42.621866,42.494743,42.357031,42.215534,42.062117,41.902501,41.736866,41.559502,41.378825,41.187671,40.994298,40.792030,40.589013,40.380450,40.167298,39.954240,39.736933,39.515626,39.293127,39.065718,38.833072,38.596261,38.354880,38.107612,37.854051,37.595029,37.330446,37.059594,36.783582,36.502225,36.216490,35.926460,35.632712,35.334770,35.031533,34.724094,34.407898,34.083492,33.749139,33.399769,33.032237,32.650708,32.246262,31.828869,31.389651,30.932562,30.455272,29.956732,29.442733,28.931546,28.415226,27.896049,27.389299,26.871926,26.357668,25.820527,25.251189,24.627949,23.943466,23.166217,22.283205,21.282358,20.157579,18.917625,17.574697,16.160208,14.713204,13.286521,11.939222,10.736604,9.741952,9.017539,8.611371,8.564896,8.894953,9.608999,10.686311,12.097048,13.792812,15.711215,17.788232,19.952593,22.139055,24.286690,26.345295,28.275790,30.052673,31.661943,33.102926,34.381987,35.514851,36.519807,37.418773,38.233049
0.913065,46.795318,46.755475,46.705891,46.645235,46.572945,46.487868,46.389820,46.278096,46.155240,46.020590,45.875541,45.725980,45.571769,45.416074,45.267186,45.123308,44.992906,44.878070,44.782875,44.707358,44.653492,44.623193,44.615029,44.627857,44.659154,44.705963,44.763844,44.832617,44.905415,44.978523,45.053077,45.122489,45.185001,45.241694,45.291287,45.331054,45.363702,45.389490,45.407941,45.421759,45.430915,45.437462,45.441861,45.445707,45.448997,45.453224,45.457731,45.463749,45.471353,45.480977,45.490925,45.503028,45.515595,45.528221,45.542207,45.555049,45.568609,45.580569,45.592662,45.602874,45.612606,45.620082,45.626401,45.630385,45.632763,45.632872,45.631008,45.627128,45.621020,45.612506,45.601954,45.589357,45.575086,45.558873,45.541088,45.521571,45.500237,45.476809,45.451064,45.422476,45.390546,45.354528,45.313422,45.266527,45.213331,45.153444,45.085208,45.009334,44.925393,44.835067,44.735168,44.630290,44.522228,44.408583,44.290141,44.174995,44.054815,43.940408,43.825072,43.709086,43.599988,43.487049,43.377101,43.269192,43.154938,43.040347,42.923830,42.797054,42.668261,42.527231,42.383324,42.228804,42.063818,41.893678,41.718760,41.532274,41.344683,41.146959,40.947219,40.745829,40.536585,40.326391,40.114905,39.896629,39.676511,39.453554,39.223128,38.988889,38.750594,38.504494,38.254487,37.997209,37.734009,37.464180,37.189997,36.909737,36.624615,36.334809,36.040552,35.741654,35.437225,35.127172,34.808125,34.480867,34.139222,33.783658,33.410952,33.019217,32.607728,32.179644,31.728487,31.258402,30.766336,30.247391,29.723092,29.182740,28.648782,28.105543,27.573793,27.030275,26.489915,25.921510,25.331955,24.684346,23.978494,23.178467,22.282557,21.265925,20.132377,18.885312,17.537471,16.118048,14.669035,13.238798,11.888877,10.680686,9.681248,8.948324,8.533591,8.473738,8.793813,9.492821,10.558750,11.958681,13.643068,15.553449,17.623193,19.784183,21.969347,24.118200,26.180231,28.116357,29.899653,31.517363,32.966472,34.254856,35.396556,36.411006,37.318862,38.141816
0.923618,46.813098,46.779160,46.736829,46.685303,46.623144,46.550578,46.466146,46.371496,46.265011,46.149543,46.026083,45.897944,45.764447,45.633416,45.503096,45.382203,45.270187,45.171546,45.087939,45.023505,44.978822,44.952789,44.946396,44.957638,44.985057,45.026038,45.078645,45.136744,45.200407,45.266875,45.329758,45.391834,45.447708,45.497385,45.539395,45.575225,45.604660,45.626555,45.643559,45.655208,45.663599,45.669029,45.673033,45.675694,45.678484,45.681247,45.684895,45.689950,45.695741,45.703596,45.711697,45.721848,45.732446,45.743615,45.754454,45.766379,45.777295,45.788571,45.798269,45.807891,45.815589,45.822324,45.827678,45.831119,45.832715,45.832671,45.830531,45.826547,45.820357,45.812147,45.801649,45.789443,45.775368,45.759433,45.742053,45.722663,45.701588,45.678173,45.652525,45.624311,45.592418,45.556583,45.516237,45.469685,45.417296,45.358902,45.292662,45.217773,45.137744,45.047740,44.954665,44.851878,44.748665,44.637289,44.528871,44.414028,44.304944,44.190779,44.081202,43.976462,43.870458,43.762696,43.658335,43.556397,43.449958,43.338040,43.224617,43.108379,42.980094,42.850453,42.707207,42.561960,42.402815,42.239043,42.070999,41.890461,41.706914,41.520975,41.327672,41.130283,40.926430,40.721884,40.514061,40.304841,40.089447,39.867628,39.644848,39.414882,39.177772,38.938426,38.689568,38.437601,38.176396,37.912016,37.640016,37.361307,37.079614,36.790862,36.498026,36.199952,35.895246,35.583577,35.263281,34.931422,34.586733,34.227362,33.846999,33.449698,33.027449,32.588969,32.126140,31.646250,31.133038,30.605117,30.054497,29.502624,28.936943,28.374403,27.811589,27.251832,26.673042,26.087539,25.460327,24.791130,24.056395,23.241767,22.322293,21.290662,20.142012,18.879302,17.522598,16.096809,14.642193,13.206863,11.849798,10.636751,9.628390,8.887961,8.463482,8.392498,8.699416,9.388384,10.442332,11.829363,13.503935,15.406864,17.470668,19.628217,21.811896,23.962013,26.027098,27.968240,29.758503,31.383514,32.840902,34.137790,35.288614,36.311761,37.228621,38.059948
0.934171,46.828975,46.800155,46.764444,46.720631,46.668313,46.606230,46.535186,46.453820,46.363751,46.266302,46.160529,46.051587,45.937885,45.826402,45.716590,45.611326,45.515936,45.431987,45.362567,45.307576,45.269137,45.247325,45.242381,45.252872,45.276595,45.313166,45.357360,45.409886,45.464184,45.522107,45.576785,45.629830,45.678629,45.722985,45.759690,45.791081,45.816418,45.836470,45.850760,45.861465,45.868498,45.873440,45.876416,45.878703,45.880487,45.882629,45.885641,45.889399,45.894231,45.899775,45.907058,45.914634,45.923430,45.933203,45.942722,45.952362,45.961575,45.971355,45.979785,45.987769,45.994680,46.000667,46.004789,46.007639,46.009044,46.008526,46.006310,46.002225,45.996171,45.988120,45.977933,45.966084,45.952519,45.937578,45.920356,45.901923,45.880980,45.858563,45.833531,45.805452,45.774790,45.739835,45.699655,45.655355,45.604645,45.546522,45.482444,45.412738,45.334882,45.248493,45.160258,45.064627,44.961870,44.861567,44.753560,44.647825,44.545572,44.441054,44.334665,44.236746,44.133835,44.038590,43.940504,43.838807,43.741672,43.635561,43.531377,43.415650,43.296855,43.171138,43.041257,42.896882,42.751552,42.595200,42.431715,42.258307,42.082363,41.904639,41.718980,41.525969,41.335421,41.137815,40.936660,40.728978,40.522644,40.306457,40.087861,39.866430,39.636930,39.399244,39.159862,38.911664,38.657087,38.394351,38.128951,37.854049,37.575375,37.292247,37.001856,36.704360,36.400801,36.089273,35.767682,35.434190,35.087119,34.721407,34.338316,33.930857,33.504438,33.051622,32.582917,32.084913,31.561038,31.017197,30.453022,29.873002,29.289996,28.708588,28.120257,27.522405,26.926334,26.306510,25.650034,24.957596,24.195128,23.345669,22.403010,21.350650,20.187089,18.910464,17.539838,16.102319,14.635036,13.192516,11.827884,10.604289,9.589134,8.837122,8.403351,8.321037,8.616130,9.293134,10.334622,11.712814,13.377164,15.271834,17.330868,19.484615,21.667105,23.818140,25.886403,27.832207,29.628327,31.260246,32.725990,34.031260,35.190364,36.222329,37.147498,37.986922
0.944724,46.843011,46.818760,46.788630,46.751980,46.707736,46.655931,46.595497,46.527682,46.451221,46.368266,46.280374,46.186705,46.092494,45.996293,45.904528,45.815551,45.734922,45.664800,45.604513,45.558207,45.526023,45.508346,45.504356,45.513528,45.535054,45.566247,45.605338,45.649027,45.697896,45.746982,45.794275,45.840186,45.883364,45.920150,45.953429,45.980016,46.002547,46.019253,46.032335,46.041278,46.047744,46.051604,46.054149,46.055702,46.057040,46.058689,46.060589,46.063410,46.067346,46.071659,46.077550,46.084084,46.090789,46.098401,46.106704,46.114790,46.122427,46.130759,46.138293,46.144861,46.151074,46.156014,46.159524,46.161830,46.162820,46.162044,46.159707,46.155718,46.149857,46.142127,46.132359,46.121337,46.108226,46.094126,46.077658,46.060106,46.039949,46.018539,45.994006,45.967649,45.937191,45.903460,45.866247,45.822257,45.773476,45.720074,45.657692,45.591844,45.515979,45.438240,45.350540,45.260419,45.169537,45.072954,44.971487,44.872752,44.777961,44.680612,44.581196,44.487035,44.394495,44.306353,44.211666,44.119870,44.026417,43.933337,43.829638,43.727571,43.616129,43.494521,43.369059,43.239877,43.099439,42.947701,42.792725,42.635203,42.468059,42.291913,42.115108,41.937754,41.752537,41.559896,41.366995,41.173453,40.969028,40.766263,40.555267,40.335943,40.114017,39.888890,39.654541,39.410825,39.165879,38.909308,38.648542,38.383579,38.108329,37.830526,37.542808,37.250569,36.948234,36.638406,36.316870,35.982563,35.632345,35.264983,34.875084,34.464658,34.029206,33.570037,33.086309,32.582350,32.046162,31.481202,30.903792,30.305360,29.705982,29.092134,28.483511,27.858948,27.228832,26.585028,25.903897,25.170364,24.383851,23.505463,22.540456,21.462732,20.269371,18.973189,17.588065,16.132588,14.655563,13.197330,11.821434,10.589757,9.561344,8.799573,8.354414,8.260248,8.544647,9.207695,10.239825,11.605813,13.262698,15.149977,17.202699,19.353279,21.534740,23.686496,25.757276,27.707299,29.509196,31.147888,32.621172,33.934334,35.102028,36.142072,37.075381,37.922395
0.955276,46.855202,46.835086,46.809960,46.779282,46.742341,46.699121,46.648594,46.591538,46.528473,46.459083,46.384132,46.307018,46.226422,46.147434,46.068646,45.995789,45.927276,45.867698,45.818499,45.779486,45.752335,45.737382,45.734438,45.742770,45.760629,45.787300,45.821527,45.859894,45.900193,45.943283,45.983922,46.024281,46.059775,46.092949,46.120288,46.144334,46.162890,46.178106,46.189001,46.197184,46.202403,46.205837,46.207709,46.208886,46.209725,46.210798,46.212076,46.214343,46.216922,46.220697,46.224878,46.230384,46.236071,46.242188,46.248263,46.255252,46.261585,46.268226,46.274597,46.280722,46.285895,46.290169,46.293177,46.295038,46.295623,46.294711,46.292398,46.288609,46.282901,46.275572,46.266858,46.256022,46.244194,46.230320,46.215593,46.198300,46.180065,46.159386,46.135914,46.110379,46.082509,46.050674,46.013830,45.973046,45.928356,45.876900,45.817855,45.754308,45.684898,45.612595,45.530431,45.449800,45.359517,45.269874,45.182427,45.091281,45.000643,44.907272,44.822787,44.732406,44.650978,44.562979,44.482461,44.397749,44.307895,44.222089,44.129183,44.027735,43.924121,43.817818,43.700824,43.572693,43.441136,43.306447,43.156663,43.004951,42.847643,42.689281,42.518012,42.350732,42.171197,41.995459,41.808059,41.620470,41.432130,41.231704,41.033370,40.822554,40.613013,40.390547,40.168463,39.933056,39.694128,39.451432,39.195733,38.938933,38.670187,38.397008,38.116379,37.829186,37.530151,37.222447,36.902612,36.568686,36.217851,35.847098,35.455401,35.037857,34.597423,34.129082,33.640684,33.122042,32.574446,31.999338,31.406539,30.791336,30.172314,29.541725,28.899790,28.259465,27.596145,26.922581,26.210783,25.451507,24.622555,23.723949,22.718995,21.618123,20.402275,19.081566,17.667927,16.198520,14.698835,13.228956,11.838190,10.589706,9.549896,8.775388,8.317661,8.212146,8.481887,9.135323,10.154172,11.511634,13.159026,15.039336,17.087041,19.234085,21.414000,23.566386,25.639653,27.593562,29.400783,31.045833,32.526254,33.847069,35.022483,36.070428,37.011369,37.865778
0.965829,46.865636,46.849127,46.828370,46.802911,46.772500,46.736363,46.694897,46.647636,46.594988,46.536908,46.475101,46.410976,46.343863,46.278132,46.212457,46.150982,46.095446,46.045779,46.003612,45.971722,45.948870,45.936666,45.934416,45.941774,45.957082,45.980434,46.008382,46.041814,46.076158,46.112156,46.148448,46.181359,46.213179,46.240885,46.264291,46.284901,46.301181,46.313963,46.323409,46.330473,46.334906,46.337789,46.339253,46.340032,46.340566,46.341054,46.342064,46.343355,46.345556,46.348026,46.351713,46.355538,46.360056,46.364921,46.370055,46.375703,46.380873,46.386641,46.391864,46.396530,46.400944,46.404782,46.407483,46.409040,46.409281,46.408305,46.406017,46.402339,46.397403,46.390496,46.382218,46.372719,46.361407,46.348448,46.334421,46.319298,46.301383,46.281956,46.261000,46.236378,46.210409,46.179658,46.147108,46.107995,46.066514,46.016887,45.965240,45.904349,45.840119,45.773730,45.697602,45.623756,45.540509,45.461815,45.374894,45.295192,45.208650,45.130664,45.046414,44.967680,44.890216,44.813402,44.740372,44.659490,44.583943,44.498584,44.416805,44.326999,44.227845,44.130100,44.017856,43.906739,43.780442,43.651375,43.520338,43.379080,43.227787,43.075868,42.923710,42.758529,42.597881,42.424431,42.255401,42.078050,41.892282,41.709762,41.514222,41.321206,41.114604,40.909613,40.690696,40.472518,40.240071,40.004186,39.764150,39.510559,39.255538,38.987195,38.713348,38.430640,38.139551,37.834083,37.517595,37.184134,36.833600,36.461934,36.067525,35.647570,35.200144,34.728709,34.229505,33.704520,33.149505,32.563662,31.952029,31.328191,30.684700,30.038165,29.379055,28.704602,28.024596,27.311179,26.574275,25.777417,24.927251,23.990262,22.958088,21.815727,20.575448,19.222473,17.790746,16.290560,14.775402,13.280662,11.872426,10.609616,9.556414,8.767050,8.292294,8.173422,8.432799,9.071688,10.081270,11.426856,13.065700,14.939141,16.982091,19.125549,21.304327,23.457068,25.532313,27.490246,29.302173,30.953603,32.440419,33.768632,34.951301,36.006524,36.954628,37.815994
0.976382,46.874511,46.861028,46.844172,46.823315,46.798328,46.768770,46.734279,46.695532,46.651769,46.604762,46.553398,46.500554,46.445126,46.390872,46.336554,46.285724,46.239165,46.198208,46.164408,46.137264,46.119015,46.108774,46.107138,46.113104,46.126699,46.145580,46.169692,46.197977,46.227022,46.258275,46.287635,46.316949,46.342695,46.366344,46.387316,46.404067,46.418088,46.429365,46.437378,46.443247,46.447235,46.449500,46.450702,46.451230,46.451543,46.451751,46.452334,46.453077,46.454621,46.456411,46.458971,46.462326,46.465606,46.469441,46.473753,46.478069,46.482229,46.486878,46.491176,46.494930,46.498613,46.501865,46.504192,46.505493,46.505681,46.504654,46.502542,46.499163,46.494341,46.488557,46.480804,46.472176,46.461437,46.450275,46.437475,46.422680,46.407278,46.388779,46.368860,46.347475,46.321921,46.295261,46.263162,46.229360,46.188408,46.145794,46.094763,46.043044,45.981986,45.921687,45.854994,45.781814,45.709053,45.638018,45.562525,45.483289,45.412168,45.334497,45.265845,45.191150,45.121197,45.055694,44.982926,44.916642,44.841471,44.770806,44.689572,44.607660,44.524364,44.427503,44.332299,44.222306,44.114159,43.990933,43.866075,43.735616,43.604610,43.463896,43.313845,43.168783,43.015101,42.852666,42.695135,42.524639,42.358633,42.179060,41.998921,41.813387,41.626227,41.424649,41.225009,41.010510,40.797079,40.568324,40.335803,40.099070,39.847460,39.593391,39.327348,39.051470,38.762692,38.464973,38.151092,37.819861,37.470819,37.099079,36.703066,36.280665,35.831508,35.353567,34.851294,34.319858,33.753837,33.160630,32.538711,31.901613,31.246790,30.575958,29.896576,29.203945,28.493451,27.762735,26.985079,26.167660,25.272442,24.301341,23.235101,22.069972,20.786629,19.411980,17.941725,16.421986,14.874347,13.362943,11.933428,10.651000,9.575555,8.771627,8.282845,8.149256,8.392231,9.020710,10.016660,11.353988,12.983343,14.849772,16.887546,19.027892,21.204666,23.357563,25.434738,27.395899,29.212851,30.869773,32.363030,33.697693,34.887197,35.949185,36.904073,37.771757
0.986935,46.881972,46.871102,46.857440,46.840570,46.820295,46.796217,46.768285,46.736460,46.700624,46.661761,46.620144,46.576418,46.532078,46.487114,46.443174,46.400887,46.362673,46.329557,46.300962,46.279435,46.264038,46.255960,46.254609,46.259953,46.270751,46.287317,46.307572,46.330188,46.355796,46.380855,46.406865,46.430387,46.453228,46.472683,46.490506,46.504739,46.516976,46.526021,46.533153,46.538080,46.541275,46.543252,46.544255,46.544614,46.544620,46.544711,46.544868,46.545433,46.546192,46.547535,46.549557,46.551723,46.554631,46.557362,46.560776,46.563987,46.567731,46.571284,46.574708,46.577710,46.580658,46.583397,46.585278,46.586432,46.586580,46.585674,46.583776,46.580547,46.576483,46.571074,46.564067,46.556021,46.547164,46.536314,46.524597,46.512075,46.497021,46.481496,46.463478,46.442515,46.420886,46.394675,46.367401,46.334114,46.297929,46.259424,46.212868,46.166264,46.110860,46.053854,45.993436,45.933420,45.868237,45.801364,45.729967,45.665891,45.595155,45.532960,45.464616,45.404690,45.342274,45.277063,45.218874,45.152925,45.092377,45.022165,44.955831,44.878256,44.803180,44.715077,44.624776,44.532591,44.430216,44.317457,44.208165,44.084121,43.964430,43.830490,43.701428,43.558696,43.421520,43.270824,43.120802,42.966751,42.813050,42.645391,42.481963,42.308633,42.129560,41.944385,41.748556,41.554802,41.345377,41.136769,40.915864,40.683043,40.448637,40.198233,39.944361,39.674143,39.396619,39.101247,38.792491,38.466854,38.118727,37.748953,37.353065,36.929769,36.478403,35.998618,35.490669,34.954455,34.384402,33.784026,33.156063,32.504463,31.837015,31.157465,30.457809,29.748911,29.015967,28.249870,27.448530,26.599560,25.671155,24.665258,23.569360,22.357032,21.043822,19.635233,18.136601,16.576960,15.008645,13.463595,12.013447,10.705904,9.612436,8.787807,8.283893,8.134511,8.364207,8.976886,9.963220,11.288515,12.910748,14.770096,16.802045,18.939382,21.114368,23.267189,25.345938,27.310168,29.130973,30.793172,32.292242,33.633045,34.828969,35.897403,36.858248,37.731743
0.997487,46.888039,46.879475,46.868510,46.855038,46.838702,46.819188,46.796753,46.770826,46.742261,46.710414,46.676979,46.641109,46.604607,46.568015,46.532284,46.498851,46.467699,46.439853,46.417310,46.399196,46.387115,46.380416,46.379459,46.383980,46.392949,46.406694,46.423516,46.442280,46.463629,46.484521,46.506294,46.526555,46.544731,46.561519,46.576587,46.588595,46.598633,46.606682,46.612374,46.616678,46.619356,46.621049,46.621866,46.622081,46.621891,46.621677,46.621677,46.621836,46.622439,46.623379,46.624565,46.626428,46.628353,46.630796,46.633118,46.635978,46.638541,46.641347,46.644091,46.646833,46.649210,46.651167,46.652892,46.653783,46.653901,46.653175,46.651341,46.648687,46.644763,46.639838,46.634135,46.627167,46.619010,46.609236,46.599139,46.586941,46.573867,46.560077,46.543198,46.525107,46.505737,46.482934,46.456145,46.428560,46.394590,46.358307,46.320321,46.274398,46.229489,46.176014,46.125005,46.065642,46.007348,45.947839,45.891172,45.831077,45.768124,45.709852,45.656201,45.600110,45.541574,45.490399,45.435903,45.380699,45.320549,45.264777,45.202428,45.132751,45.061996,44.990085,44.908982,44.817977,44.729992,44.627776,44.529228,44.416362,44.303287,44.190343,44.063556,43.942453,43.807804,43.678915,43.541303,43.394862,43.253818,43.098664,42.948131,42.787693,42.616921,42.444877,42.271051,42.081423,41.893403,41.689130,41.480951,41.267770,41.037520,40.804575,40.554437,40.295900,40.026476,39.737693,39.436212,39.113680,38.768669,38.401555,38.006571,37.583931,37.132100,36.650934,36.141778,35.602611,35.029844,34.423236,33.789282,33.131972,32.456900,31.760935,31.049684,30.322826,29.565745,28.780224,27.956682,27.067062,26.111603,25.071020,23.938970,22.689471,21.344816,19.888236,18.354366,16.770526,15.161366,13.594626,12.110034,10.783790,9.666975,8.821115,8.294008,8.127816,8.343777,8.943906,9.915972,11.232562,12.844663,14.697298,16.725048,18.858506,21.032044,23.184742,25.264847,27.231559,29.056123,30.722589,32.226955,33.573519,34.775316,35.849417,36.815861,37.694614
1.008040,46.892879,46.886267,46.877704,46.866930,46.853902,46.838499,46.820318,46.799884,46.776592,46.751480,46.723965,46.695726,46.665949,46.636394,46.607533,46.580559,46.555373,46.532825,46.514346,46.500199,46.490113,46.484927,46.484250,46.487820,46.495396,46.506721,46.520161,46.536446,46.553157,46.570896,46.588982,46.605885,46.621119,46.635522,46.647399,46.658018,46.666367,46.672698,46.677749,46.681097,46.683425,46.684804,46.685496,46.685604,46.685362,46.684889,46.684602,46.684548,46.684794,46.685453,46.686490,46.687633,46.689155,46.691079,46.692989,46.694896,46.697194,46.699254,46.701583,46.703610,46.705534,46.707312,46.708467,46.709271,46.709369,46.708636,46.707145,46.704602,46.701381,46.697141,46.691971,46.685582,46.678434,46.670573,46.660784,46.650898,46.638816,46.625968,46.612411,46.596450,46.578485,46.557094,46.535217,46.508151,46.480778,46.448767,46.413491,46.374932,46.330710,46.288359,46.238008,46.191171,46.136809,46.087772,46.031611,45.978862,45.930079,45.878952,45.825715,45.776759,45.731844,45.684162,45.633359,45.585003,45.538349,45.486294,45.427917,45.372686,45.306377,45.242724,45.170551,45.089084,45.010793,44.918912,44.826402,44.733715,44.627295,44.525934,44.415801,44.297104,44.184318,44.058157,43.937937,43.804180,43.671157,43.538449,43.391441,43.244211,43.096339,42.932957,42.768044,42.600867,42.417190,42.234785,42.035143,41.830535,41.619928,41.391165,41.157927,40.905716,40.645137,40.363746,40.068889,39.750231,39.412067,39.046395,38.655288,38.233653,37.783129,37.302201,36.792184,36.252774,35.678426,35.070254,34.433656,33.772109,33.087946,32.386639,31.664505,30.917837,30.146353,29.343519,28.486431,27.578479,26.592079,25.517708,24.337642,23.062516,21.673440,20.178030,18.611935,16.981140,15.346961,13.743243,12.228173,10.874615,9.729534,8.863697,8.318020,8.133148,8.329505,8.915556,9.877481,11.181631,12.786450,14.632138,16.654021,18.784599,20.956303,23.108637,25.189791,27.158915,28.986660,30.657274,32.166051,33.517756,34.724676,35.803974,36.775449,37.659168
1.018593,46.896763,46.891666,46.885055,46.876714,46.866432,46.854199,46.839889,46.823512,46.805351,46.785221,46.763525,46.740701,46.716905,46.693622,46.670145,46.648526,46.628007,46.610479,46.595576,46.583836,46.576027,46.571796,46.571270,46.574265,46.580683,46.589691,46.600607,46.613924,46.627611,46.642602,46.656726,46.670739,46.684125,46.695417,46.705562,46.714358,46.721322,46.726590,46.730739,46.733503,46.735481,46.736506,46.736983,46.736991,46.736669,46.736162,46.735693,46.735458,46.735597,46.736036,46.736674,46.737665,46.738820,46.740010,46.741555,46.743140,46.744755,46.746542,46.748463,46.750125,46.751661,46.752942,46.753975,46.754469,46.754506,46.753811,46.752356,46.750220,46.747502,46.743622,46.739199,46.734170,46.727655,46.720473,46.712820,46.703252,46.693717,46.682559,46.669394,46.656061,46.639345,46.621268,46.602158,46.578201,46.554274,46.524420,46.493255,46.459312,46.424916,46.383208,46.344272,46.298052,46.256309,46.207796,46.165011,46.116112,46.070948,46.026624,45.986252,45.940973,45.902324,45.858228,45.819703,45.777778,45.734525,45.686146,45.641153,45.589837,45.531256,45.475456,45.408039,45.343606,45.266552,45.193074,45.110998,45.024527,44.929284,44.834548,44.736061,44.638739,44.528507,44.424288,44.306934,44.195394,44.070316,43.945722,43.821400,43.682694,43.548377,43.403307,43.251890,43.093538,42.923301,42.749899,42.571877,42.379867,42.173734,41.963986,41.734836,41.498669,41.241725,40.973318,40.681366,40.370649,40.036432,39.677455,39.287924,38.870632,38.421145,37.941996,37.433756,36.894938,36.321906,35.713928,35.076135,34.412430,33.725967,33.016582,32.285731,31.532050,30.746584,29.918777,29.047391,28.104599,27.093245,25.980471,24.776442,23.451694,22.029646,20.494515,18.889215,17.225222,15.543893,13.905707,12.366467,10.975265,9.809527,8.913256,8.345878,8.143717,8.322890,8.895333,9.842037,11.136602,12.732787,14.571236,16.588756,18.715359,20.885474,23.037506,25.119549,27.090557,28.921183,30.595490,32.108313,33.464364,34.675643,35.759553,36.735864,37.624132
1.029146,46.899912,46.895933,46.890896,46.884469,46.876577,46.867081,46.855834,46.842966,46.828681,46.812824,46.795485,46.777417,46.759052,46.740072,46.722000,46.704221,46.688443,46.674245,46.662127,46.653071,46.646716,46.643342,46.643012,46.645543,46.650487,46.657975,46.667080,46.677245,46.688995,46.700503,46.712378,46.724199,46.734539,46.744126,46.752701,46.759526,46.765474,46.769972,46.773223,46.775650,46.777071,46.777915,46.778208,46.778147,46.777750,46.777310,46.776857,46.776581,46.776475,46.776724,46.777168,46.777761,46.778670,46.779636,46.780683,46.781984,46.783278,46.784845,46.786248,46.787756,46.788954,46.789936,46.790574,46.790926,46.790799,46.790091,46.788924,46.787032,46.784861,46.781615,46.778057,46.773216,46.768218,46.761785,46.755259,46.747436,46.738229,46.729095,46.717628,46.706027,46.691340,46.675619,46.659095,46.638210,46.616108,46.593144,46.564472,46.536936,46.503135,46.469081,46.435718,46.398438,46.357234,46.320802,46.278510,46.242078,46.200471,46.162406,46.125284,46.091765,46.056194,46.018276,45.985232,45.946548,45.909274,45.872984,45.828493,45.786880,45.735726,45.684004,45.631959,45.572276,45.508286,45.436129,45.367928,45.287453,45.211734,45.128121,45.036489,44.950629,44.856903,44.755326,44.659543,44.550931,44.447749,44.331233,44.219728,44.094265,43.973116,43.836888,43.699027,43.554176,43.406328,43.241686,43.076799,42.893626,42.707848,42.502471,42.287864,42.061935,41.814316,41.552035,41.272138,40.965972,40.639215,40.283809,39.899611,39.484066,39.038669,38.563254,38.057207,37.520773,36.950872,36.344420,35.708885,35.045371,34.357715,33.646503,32.910105,32.147847,31.348848,30.508353,29.617034,28.651302,27.612161,26.473953,25.224471,23.874376,22.401236,20.838126,19.180643,17.482700,15.762623,14.087546,12.513861,11.094239,9.892282,8.975952,8.384732,8.157411,8.320626,8.877675,9.812388,11.095948,12.682044,14.514700,16.526337,18.650109,20.818277,22.969999,25.052774,27.025307,28.858380,30.535910,32.052244,33.411972,34.627389,35.715306,36.695668,37.587982
1.039698,46.902445,46.899370,46.895463,46.890619,46.884552,46.877218,46.868680,46.858755,46.847417,46.835008,46.821809,46.807486,46.793078,46.778380,46.763746,46.750214,46.737287,46.726097,46.716883,46.709416,46.704475,46.701793,46.701526,46.703530,46.707771,46.713514,46.721069,46.729508,46.738644,46.747842,46.757357,46.766891,46.775278,46.783354,46.789934,46.795859,46.800386,46.804151,46.807042,46.808884,46.810082,46.810682,46.810907,46.810749,46.810414,46.810028,46.809638,46.809331,46.809121,46.809101,46.809332,46.809823,46.810342,46.811086,46.812010,46.813032,46.814021,46.815294,46.816405,46.817575,46.818526,46.819208,46.819769,46.819911,46.819711,46.819172,46.818055,46.816629,46.814572,46.812246,46.808857,46.805278,46.800829,46.795389,46.789489,46.782846,46.775806,46.766972,46.758106,46.746838,46.735647,46.722246,46.706164,46.690339,46.671553,46.649116,46.627522,46.600530,46.575278,46.544197,46.515885,46.481673,46.451339,46.415416,46.384450,46.348521,46.318100,46.285828,46.254329,46.223603,46.191168,46.163485,46.130902,46.102434,46.068366,46.034971,46.001966,45.960901,45.922545,45.878144,45.826928,45.778625,45.723081,45.663785,45.596985,45.530458,45.464629,45.387246,45.315136,45.231466,45.148986,45.067957,44.979253,44.882672,44.786980,44.691897,44.583761,44.480141,44.362708,44.248791,44.119566,43.992278,43.852945,43.701381,43.545192,43.382966,43.201664,43.015410,42.808302,42.592695,42.357206,42.100896,41.828980,41.531793,41.207718,40.859571,40.479031,40.070492,39.629196,39.155815,38.655048,38.122487,37.556084,36.955553,36.321940,35.662536,34.975768,34.264588,33.526912,32.757908,31.953439,31.101429,30.188079,29.208730,28.136357,26.973524,25.691665,24.305462,22.800023,21.184986,19.492638,17.748328,15.999425,14.280715,12.670997,11.217733,9.988442,9.041095,8.422739,8.178518,8.320858,8.862212,9.782657,11.056474,12.633836,14.459763,16.466510,18.587114,20.753680,22.904847,24.988152,26.962029,28.797199,30.477379,31.996641,33.359790,34.578640,35.670190,36.653986,37.549719
1.050251,46.904424,46.902102,46.899116,46.895384,46.890850,46.885253,46.878672,46.871145,46.862462,46.852892,46.842701,46.831604,46.820446,46.808826,46.797799,46.786904,46.777184,46.768234,46.761040,46.755195,46.751256,46.749205,46.749020,46.750567,46.753957,46.758535,46.764402,46.771094,46.778597,46.785888,46.793680,46.800767,46.807935,46.814034,46.819736,46.824257,46.828063,46.831214,46.833404,46.834997,46.835973,46.836377,46.836431,46.836244,46.835986,46.835655,46.835346,46.835054,46.834793,46.834677,46.834776,46.835023,46.835407,46.835899,46.836665,46.837444,46.838354,46.839174,46.840153,46.840942,46.841707,46.842330,46.842600,46.842691,46.842542,46.842120,46.841185,46.840013,46.838264,46.836117,46.833716,46.830631,46.826693,46.822734,46.817866,46.811906,46.805562,46.798866,46.790294,46.781237,46.771749,46.759541,46.747573,46.733232,46.716042,46.699500,46.679935,46.656929,46.633829,46.611207,46.585474,46.556425,46.528737,46.502914,46.472451,46.446670,46.416751,46.389745,46.365587,46.337767,46.314585,46.287371,46.264084,46.238083,46.211285,46.180951,46.150734,46.118074,46.085555,46.044814,46.006675,45.959260,45.911469,45.860353,45.809626,45.752323,45.688094,45.628587,45.562333,45.489247,45.421502,45.342844,45.269443,45.184458,45.100330,45.016724,44.920740,44.824777,44.728473,44.622495,44.506116,44.391208,44.260426,44.129828,43.986021,43.828125,43.666338,43.484423,43.291920,43.086543,42.860543,42.615386,42.346813,42.059137,41.741554,41.397918,41.025909,40.621180,40.183625,39.717819,39.219756,38.695109,38.134418,37.538426,36.911136,36.254408,35.573580,34.864807,34.126963,33.356582,32.544893,31.684683,30.758708,29.757975,28.670738,27.472507,26.169718,24.738470,23.195601,21.552977,19.819874,18.034326,16.233851,14.486475,12.830018,11.342465,10.081765,9.109305,8.468040,8.196780,8.324006,8.846156,9.754721,11.016755,12.586883,14.405645,16.408050,18.525198,20.690178,22.840847,24.924591,26.899517,28.736648,30.419046,31.941003,33.307009,34.528900,35.623434,36.610266,37.509056
1.060804,46.905942,46.904226,46.901989,46.899148,46.895688,46.891542,46.886526,46.880829,46.874228,46.867061,46.859084,46.850813,46.842137,46.833205,46.824709,46.816302,46.808833,46.801920,46.796230,46.791888,46.788819,46.787173,46.787015,46.788315,46.790773,46.794606,46.799260,46.804595,46.810132,46.816300,46.822040,46.828038,46.833284,46.838478,46.842780,46.846629,46.849749,46.852249,46.854002,46.855233,46.855974,46.856269,46.856204,46.855994,46.855724,46.855436,46.855202,46.854958,46.854754,46.854602,46.854505,46.854624,46.854811,46.855238,46.855738,46.856445,46.857082,46.857765,46.858488,46.859083,46.859726,46.860154,46.860394,46.860457,46.860325,46.859917,46.859287,46.858184,46.856868,46.855106,46.852834,46.850492,46.847270,46.844012,46.839697,46.835459,46.830241,46.823818,46.817549,46.809996,46.800823,46.791919,46.781127,46.768084,46.755649,46.740763,46.723008,46.706492,46.687235,46.666752,46.643393,46.622782,46.597782,46.574417,46.552978,46.527687,46.506693,46.482350,46.460539,46.440981,46.418246,46.399323,46.378356,46.354871,46.332393,46.310622,46.283311,46.258206,46.228694,46.194091,46.161926,46.124445,46.080994,46.040709,45.991175,45.942136,45.893847,45.835927,45.778882,45.723069,45.657378,45.596716,45.525677,45.459471,45.386229,45.305487,45.228954,45.140479,45.055570,44.961331,44.857044,44.749890,44.639244,44.512661,44.384523,44.238510,44.084559,43.920792,43.735565,43.537268,43.321019,43.084858,42.828971,42.544462,42.237563,41.898360,41.532302,41.133353,40.701343,40.239940,39.750855,39.229513,38.677147,38.086513,37.466266,36.819261,36.143351,35.438364,34.704985,33.934631,33.120537,32.252509,31.319688,30.304973,29.191846,27.973297,26.641547,25.183270,23.604962,21.912543,20.139374,18.318861,16.477966,14.691156,12.996910,11.473953,10.180564,9.178653,8.508530,8.219485,8.323399,8.831110,9.727342,10.978206,12.538385,14.350985,16.349113,18.463811,20.626909,22.777238,24.861404,26.837339,28.676102,30.360469,31.884802,33.253243,34.477530,35.574672,36.564151,37.465607
1.071357,46.907022,46.905830,46.904185,46.902090,46.899477,46.896340,46.892662,46.888282,46.883404,46.877956,46.871934,46.865568,46.859096,46.852430,46.845732,46.839545,46.833708,46.828429,46.824076,46.820682,46.818351,46.817142,46.817025,46.818043,46.819952,46.822820,46.826582,46.830638,46.835134,46.839964,46.844629,46.848999,46.853439,46.857241,46.860788,46.863952,46.866398,46.868240,46.869643,46.870652,46.871117,46.871285,46.871249,46.871044,46.870768,46.870487,46.870266,46.870071,46.869888,46.869767,46.869668,46.869651,46.869773,46.870089,46.870522,46.870975,46.871539,46.872023,46.872441,46.872954,46.873305,46.873678,46.873917,46.873983,46.873886,46.873550,46.872983,46.872196,46.870964,46.869526,46.867923,46.865693,46.863383,46.860297,46.857260,46.853541,46.848933,46.844420,46.838407,46.832091,46.825570,46.817624,46.807884,46.798641,46.787528,46.774137,46.761650,46.745531,46.729482,46.712417,46.696087,46.675916,46.658600,46.637679,46.620118,46.599256,46.580447,46.563639,46.545628,46.526497,46.509330,46.493910,46.475218,46.457527,46.440508,46.419192,46.400022,46.375452,46.350745,46.326163,46.294648,46.263010,46.231711,46.192394,46.156319,46.114897,46.067929,46.024909,45.976504,45.922419,45.872807,45.814161,45.756448,45.699705,45.636463,45.566323,45.499939,45.422382,45.344247,45.260992,45.175523,45.079532,44.972556,44.864545,44.740254,44.612544,44.469308,44.309439,44.140580,43.949125,43.744928,43.514780,43.266931,42.989845,42.689837,42.357058,41.997275,41.602825,41.180095,40.723453,40.241182,39.726768,39.182246,38.599584,37.989623,37.347283,36.679335,35.984112,35.254754,34.486619,33.673264,32.802288,31.859529,30.834192,29.704985,28.468494,27.102280,25.613008,24.005482,22.276367,20.464251,18.603582,16.727955,14.891169,13.168746,11.609653,10.282765,9.244021,8.553390,8.236469,8.324887,8.814348,9.696043,10.937397,12.489390,14.295944,16.290164,18.401772,20.563666,22.713605,24.798169,26.775105,28.615365,30.301413,31.827562,33.197954,34.424343,35.523729,36.515432,37.418995
1.081910,46.907723,46.906961,46.905836,46.904309,46.902404,46.900060,46.897295,46.894118,46.890393,46.886280,46.881871,46.877047,46.872102,46.867163,46.862105,46.857444,46.852948,46.849142,46.845844,46.843251,46.841465,46.840532,46.840460,46.841226,46.842709,46.845016,46.847707,46.851071,46.854508,46.858289,46.861930,46.865345,46.868694,46.871892,46.874617,46.876838,46.878821,46.880254,46.881408,46.882039,46.882372,46.882515,46.882512,46.882369,46.882116,46.881851,46.881584,46.881369,46.881221,46.881140,46.881102,46.881122,46.881243,46.881436,46.881736,46.882123,46.882445,46.882811,46.883114,46.883328,46.883610,46.883810,46.884019,46.884094,46.883993,46.883774,46.883352,46.882625,46.881825,46.880708,46.879199,46.877568,46.875539,46.873020,46.870586,46.867324,46.864147,46.859843,46.855755,46.850240,46.844410,46.838416,46.831095,46.822153,46.813745,46.803708,46.791568,46.780473,46.766180,46.753515,46.737581,46.723830,46.706930,46.692635,46.675510,46.661492,46.644748,46.631155,46.615170,46.602289,46.587073,46.573325,46.560797,46.546519,46.529927,46.515249,46.496539,46.477866,46.457516,46.437297,46.411134,46.387202,46.359061,46.326267,46.296342,46.258917,46.222067,46.186076,46.142346,46.102504,46.054558,46.010807,45.961835,45.910387,45.852945,45.799067,45.735257,45.674449,45.602798,45.529656,45.454267,45.368636,45.272364,45.174465,45.060746,44.943085,44.806993,44.660275,44.501000,44.319049,44.121138,43.902238,43.660093,43.394579,43.097600,42.775064,42.418297,42.033603,41.614068,41.167588,40.690874,40.184037,39.646006,39.076409,38.473960,37.840855,37.181968,36.495303,35.772984,35.009390,34.198307,33.326414,32.380039,31.342352,30.203556,28.942201,27.559671,26.042788,24.393485,22.634329,20.790044,18.879476,16.969663,15.093801,13.333551,11.734660,10.379007,9.310352,8.590493,8.255526,8.320238,8.796577,9.664731,10.893951,12.439463,14.240123,16.229848,18.339405,20.500255,22.649866,24.734803,26.712740,28.554126,30.241544,31.769187,33.141201,34.369329,35.470463,36.463939,37.369253
1.092462,46.908201,46.907691,46.906968,46.905944,46.904582,46.902900,46.900868,46.898514,46.895768,46.892764,46.889390,46.885895,46.882122,46.878357,46.874709,46.871070,46.867846,46.864931,46.862467,46.860509,46.859231,46.858526,46.858496,46.859079,46.860304,46.861944,46.864151,46.866553,46.869410,46.872196,46.875045,46.877905,46.880476,46.882701,46.884839,46.886516,46.887983,46.889176,46.889916,46.890419,46.890683,46.890824,46.890826,46.890713,46.890526,46.890264,46.889995,46.889796,46.889678,46.889621,46.889610,46.889667,46.889786,46.889931,46.890122,46.890378,46.890646,46.890850,46.891053,46.891210,46.891339,46.891501,46.891545,46.891586,46.891516,46.891317,46.890998,46.890456,46.889812,46.888850,46.887842,46.886486,46.884724,46.883016,46.880881,46.878236,46.875475,46.872657,46.868769,46.865099,46.860477,46.854714,46.849268,46.842634,46.834500,46.826255,46.818110,46.808329,46.796675,46.786445,46.773530,46.761266,46.749890,46.735992,46.723375,46.712123,46.698645,46.686684,46.676234,46.663737,46.653716,46.642668,46.630495,46.620187,46.606833,46.595093,46.579843,46.564674,46.548095,46.531604,46.512029,46.488740,46.465524,46.442699,46.413610,46.387349,46.354318,46.321940,46.290503,46.252043,46.217160,46.175011,46.133689,46.090151,46.047003,45.998216,45.946431,45.888026,45.831585,45.767664,45.695173,45.622309,45.535873,45.447349,45.346382,45.232034,45.111269,44.973806,44.818091,44.650470,44.461004,44.247862,44.015596,43.753257,43.467125,43.149434,42.799271,42.419505,42.010216,41.569179,41.100065,40.601338,40.074442,39.510080,38.917792,38.299622,37.648541,36.971647,36.255932,35.502076,34.693928,33.823467,32.874065,31.831007,30.676762,29.401247,27.997072,26.450322,24.775518,22.987905,21.097337,19.159667,17.200702,15.296679,13.489709,11.864275,10.468012,9.373375,8.629771,8.266912,8.316250,8.774710,9.629012,10.850169,12.387054,14.182921,16.169132,18.276761,20.436556,22.586103,24.671458,26.650252,28.492641,30.181204,31.709983,33.083276,34.312688,35.415086,36.409802,37.316592
1.103015,46.908513,46.908187,46.907710,46.907044,46.906146,46.904974,46.903509,46.901787,46.899837,46.897589,46.895185,46.892509,46.889818,46.886974,46.884253,46.881530,46.879057,46.876867,46.875069,46.873658,46.872674,46.872194,46.872189,46.872694,46.873635,46.874917,46.876552,46.878534,46.880559,46.882863,46.885079,46.887121,46.889139,46.890879,46.892337,46.893716,46.894798,46.895547,46.896127,46.896481,46.896715,46.896829,46.896794,46.896689,46.896566,46.896361,46.896204,46.896066,46.895963,46.895893,46.895872,46.895928,46.895965,46.896081,46.896213,46.896321,46.896504,46.896679,46.896837,46.896941,46.897049,46.897079,46.897086,46.897084,46.897021,46.896836,46.896560,46.896201,46.895610,46.894940,46.893997,46.893109,46.891905,46.890309,46.888828,46.886739,46.884573,46.882136,46.879618,46.876116,46.872399,46.868623,46.863872,46.858008,46.852623,46.846029,46.838119,46.830223,46.822591,46.812665,46.804096,46.794314,46.783292,46.774189,46.763097,46.753162,46.744484,46.734037,46.725826,46.716925,46.707233,46.699475,46.689784,46.681648,46.671077,46.661855,46.649604,46.638666,46.625413,46.609408,46.594921,46.576034,46.558933,46.536770,46.516851,46.491404,46.468561,46.441946,46.413933,46.381985,46.350776,46.320374,46.285880,46.246865,46.210635,46.166704,46.125170,46.074940,46.026268,45.967791,45.909575,45.839463,45.767690,45.682079,45.589899,45.489740,45.372126,45.243398,45.101749,44.937459,44.756253,44.555532,44.326490,44.075580,43.792534,43.483606,43.140189,42.769059,42.363240,41.931487,41.468304,40.982153,40.460234,39.910408,39.329011,38.717048,38.081679,37.410807,36.708804,35.959714,35.158914,34.291613,33.341177,32.293173,31.129868,29.842376,28.413190,26.849960,25.147804,23.319655,21.404762,19.420754,17.429655,15.483337,13.649359,11.980568,10.559775,9.432210,8.662494,8.277083,8.307398,8.750278,9.593269,10.803281,12.334001,14.124939,16.108249,18.213872,20.373162,22.522647,24.608438,26.588117,28.431373,30.120781,31.650507,33.024522,34.254734,35.357898,36.353630,37.261485
1.113568,46.908706,46.908517,46.908204,46.907772,46.907178,46.906399,46.905420,46.904216,46.902807,46.901239,46.899439,46.897567,46.895519,46.893503,46.891417,46.889492,46.887660,46.886014,46.884599,46.883558,46.882826,46.882483,46.882512,46.882868,46.883581,46.884644,46.885935,46.887342,46.889001,46.890575,46.892309,46.893897,46.895322,46.896663,46.897880,46.898786,46.899573,46.900107,46.900534,46.900798,46.900946,46.900995,46.900956,46.900902,46.900826,46.900741,46.900670,46.900629,46.900550,46.900450,46.900385,46.900369,46.900380,46.900336,46.900394,46.900418,46.900527,46.900642,46.900788,46.900923,46.901012,46.901048,46.901091,46.901055,46.900988,46.900849,46.900647,46.900311,46.899929,46.899375,46.898702,46.897863,46.896945,46.895984,46.894606,46.893357,46.891541,46.889847,46.887667,46.884895,46.882012,46.879137,46.875026,46.871254,46.866051,46.860766,46.855574,46.848742,46.842739,46.834826,46.828067,46.819542,46.811668,46.803709,46.796637,46.788790,46.780416,46.773845,46.765920,46.758967,46.752974,46.745496,46.739417,46.731588,46.725000,46.716108,46.708219,46.697648,46.687018,46.676514,46.663725,46.648527,46.633341,46.618488,46.600961,46.580362,46.560133,46.540399,46.515544,46.493326,46.465646,46.440659,46.409881,46.381615,46.349270,46.312205,46.274724,46.236597,46.192490,46.141633,46.088149,46.031100,45.961839,45.889286,45.802533,45.707598,45.603038,45.480021,45.346386,45.190238,45.018916,44.821326,44.603852,44.356069,44.084026,43.778247,43.445392,43.077660,42.682871,42.255016,41.803987,41.322508,40.814628,40.270542,39.702665,39.102225,38.476071,37.821295,37.125504,36.389439,35.593799,34.730190,33.781247,32.729521,31.560860,30.257409,28.816362,27.228262,25.496172,23.647057,21.690370,19.676532,17.654371,15.667132,13.797546,12.095016,10.638988,9.489416,8.688547,8.285930,8.293858,8.722149,9.554684,10.755819,12.280542,14.066322,16.047273,18.151630,20.310438,22.460057,24.546445,26.526801,28.370806,30.060877,31.591091,32.965552,34.196122,35.299771,36.296040,37.204606
1.124121,46.908784,46.908715,46.908542,46.908249,46.907866,46.907356,46.906716,46.905895,46.904945,46.903827,46.902608,46.901234,46.899815,46.898324,46.896800,46.895387,46.894045,46.892807,46.891812,46.890995,46.890462,46.890193,46.890211,46.890509,46.891051,46.891758,46.892702,46.893835,46.894951,46.896212,46.897429,46.898627,46.899706,46.900783,46.901586,46.902309,46.902827,46.903273,46.903572,46.903782,46.903875,46.903900,46.903910,46.903897,46.903870,46.903838,46.903809,46.903778,46.903690,46.903588,46.903491,46.903396,46.903306,46.903232,46.903201,46.903200,46.903248,46.903350,46.903480,46.903625,46.903762,46.903839,46.903883,46.903888,46.903858,46.903757,46.903588,46.903313,46.902976,46.902546,46.902037,46.901501,46.900854,46.899974,46.899058,46.897956,46.896866,46.895268,46.893560,46.891859,46.889676,46.886927,46.884426,46.880807,46.877546,46.873454,46.868927,46.863516,46.858817,46.852635,46.846787,46.841380,46.834596,46.829156,46.822370,46.816364,46.811130,46.805503,46.799960,46.794026,46.789430,46.783676,46.779079,46.773110,46.768107,46.761224,46.755103,46.747572,46.738447,46.730271,46.719095,46.709039,46.697099,46.682805,46.668813,46.655315,46.639275,46.620282,46.603467,46.582137,46.562988,46.539042,46.517289,46.490250,46.463327,46.436219,46.404657,46.368220,46.330489,46.290854,46.241816,46.191299,46.129307,46.061382,45.986427,45.898715,45.796866,45.686074,45.555360,45.411344,45.245157,45.057029,44.842628,44.604016,44.337137,44.040326,43.714570,43.355873,42.964855,42.548912,42.102287,41.634346,41.131844,40.603441,40.044465,39.455913,38.844545,38.196696,37.516929,36.786512,36.001961,35.142163,34.195644,33.142479,31.966099,30.655243,29.194345,27.585656,25.836551,23.955503,21.968022,19.925602,17.859691,15.846662,13.933824,12.206679,10.719588,9.535530,8.713039,8.289155,8.279362,8.693342,9.514653,10.708040,12.225820,14.008514,15.986887,18.090431,20.249125,22.399009,24.486130,26.467143,28.311689,30.002085,31.532497,32.907137,34.137830,35.241541,36.237919,37.146818
1.134673,46.908792,46.908786,46.908729,46.908573,46.908314,46.907983,46.907572,46.907034,46.906396,46.905628,46.904769,46.903861,46.902845,46.901834,46.900775,46.899706,46.898743,46.897838,46.897105,46.896496,46.896091,46.895878,46.895873,46.896049,46.896419,46.896964,46.897603,46.898412,46.899230,46.900127,46.901072,46.901919,46.902782,46.903500,46.904099,46.904608,46.905041,46.905362,46.905623,46.905789,46.905885,46.905941,46.905960,46.905967,46.905954,46.905925,46.905884,46.905777,46.905663,46.905549,46.905452,46.905349,46.905257,46.905201,46.905184,46.905186,46.905202,46.905267,46.905382,46.905495,46.905642,46.905734,46.905810,46.905860,46.905844,46.905781,46.905657,46.905477,46.905216,46.904901,46.904487,46.904096,46.903553,46.903055,46.902279,46.901494,46.900661,46.899455,46.898203,46.896956,46.895093,46.893383,46.890982,46.888833,46.885713,46.882928,46.879035,46.875646,46.871134,46.867325,46.862317,46.857657,46.852938,46.848747,46.843591,46.839645,46.834658,46.830882,46.826248,46.822710,46.818305,46.814885,46.810502,46.806964,46.802687,46.797451,46.792191,46.786996,46.780546,46.772710,46.764783,46.756981,46.746547,46.737415,46.725337,46.714751,46.700808,46.688513,46.672372,46.658115,46.639802,46.623373,46.602612,46.583584,46.561334,46.535448,46.510686,46.479837,46.449466,46.411521,46.370490,46.325758,46.270308,46.210835,46.138087,46.056940,45.966147,45.857956,45.738514,45.597381,45.438484,45.257588,45.054547,44.823039,44.563268,44.271685,43.953244,43.600066,43.220796,42.811183,42.375608,41.912728,41.425344,40.903004,40.355658,39.784626,39.180469,38.550409,37.877245,37.161407,36.381787,35.529538,34.586030,33.531991,32.351831,31.028891,29.555892,27.931807,26.153471,24.249559,22.232818,20.158481,18.063978,16.008411,14.070881,12.304007,10.787674,9.582923,8.736155,8.287377,8.262734,8.664295,9.472981,10.658918,12.172005,13.951453,15.928181,18.031040,20.189833,22.340304,24.428190,26.409805,28.254796,29.945350,31.475777,32.850272,34.080702,35.184141,36.180341,37.089266
1.145226,46.908792,46.908792,46.908788,46.908745,46.908611,46.908395,46.908114,46.907784,46.907359,46.906877,46.906281,46.905633,46.904959,46.904224,46.903494,46.902796,46.902087,46.901477,46.900914,46.900478,46.900156,46.899974,46.899934,46.900052,46.900297,46.900666,46.901140,46.901666,46.902288,46.902980,46.903577,46.904202,46.904809,46.905318,46.905735,46.906135,46.906451,46.906723,46.906917,46.907070,46.907186,46.907260,46.907297,46.907291,46.907268,46.907217,46.907139,46.907019,46.906902,46.906801,46.906708,46.906634,46.906589,46.906558,46.906548,46.906562,46.906582,46.906630,46.906685,46.906780,46.906865,46.906973,46.907056,46.907091,46.907077,46.907042,46.906973,46.906860,46.906659,46.906452,46.906227,46.905875,46.905570,46.905172,46.904636,46.904112,46.903333,46.902645,46.901730,46.900546,46.899446,46.897820,46.896346,46.894282,46.892470,46.889824,46.887528,46.884300,46.881573,46.877930,46.874943,46.871429,46.867859,46.863871,46.860796,46.857448,46.853775,46.850677,46.847991,46.844632,46.842064,46.838807,46.836262,46.832892,46.829649,46.826609,46.822741,46.818378,46.812856,46.807940,46.801204,46.795226,46.787922,46.779175,46.771569,46.761432,46.752548,46.742003,46.730515,46.716866,46.704759,46.689114,46.675059,46.656912,46.639952,46.618436,46.596292,46.573264,46.544203,46.514610,46.477109,46.435767,46.389567,46.333836,46.267195,46.194043,46.107417,46.005687,45.890701,45.760586,45.608773,45.432917,45.235019,45.012899,44.758405,44.478188,44.163372,43.822096,43.446894,43.045860,42.619481,42.171349,41.692346,41.181342,40.648805,40.084721,39.498864,38.876015,38.219659,37.509966,36.742948,35.896541,34.954755,33.900935,32.716752,31.385496,29.901812,28.255407,26.461933,24.525720,22.484866,20.379989,18.249463,16.170170,14.192498,12.402469,10.857097,9.620515,8.751369,8.285336,8.246020,8.632156,9.432993,10.611623,12.119829,13.896081,15.871737,17.974279,20.133386,22.284590,24.373197,26.355415,28.200791,29.891458,31.421690,32.795768,34.025590,35.128477,36.124210,37.032929
1.155779,46.908792,46.908792,46.908792,46.908791,46.908761,46.908649,46.908477,46.908255,46.907979,46.907666,46.907300,46.906879,46.906402,46.905899,46.905386,46.904898,46.904408,46.903979,46.903580,46.903273,46.903030,46.902891,46.902852,46.902907,46.903060,46.903303,46.903641,46.904022,46.904438,46.904852,46.905307,46.905718,46.906087,46.906464,46.906787,46.907082,46.907361,46.907568,46.907742,46.907871,46.907974,46.908060,46.908123,46.908130,46.908093,46.908023,46.907924,46.907824,46.907728,46.907653,46.907577,46.907520,46.907478,46.907452,46.907437,46.907444,46.907465,46.907497,46.907545,46.907602,46.907678,46.907731,46.907791,46.907809,46.907788,46.907762,46.907709,46.907648,46.907587,46.907480,46.907291,46.907134,46.906859,46.906592,46.906276,46.905794,46.905297,46.904705,46.904024,46.903362,46.902322,46.901388,46.900150,46.898750,46.897021,46.895523,46.893355,46.891521,46.888937,46.886827,46.884322,46.881744,46.878774,46.876163,46.873582,46.871132,46.869071,46.866857,46.864333,46.862180,46.860362,46.857940,46.856016,46.853507,46.851160,46.848963,46.845757,46.842938,46.839250,46.834591,46.830525,46.824845,46.819207,46.813777,46.806516,46.800214,46.792608,46.783522,46.774581,46.765844,46.754308,46.744095,46.730734,46.718414,46.702268,46.686919,46.667252,46.646524,46.622930,46.595885,46.565921,46.527810,46.486374,46.434137,46.376487,46.307057,46.224415,46.132356,46.021816,45.898118,45.753268,45.584542,45.395928,45.179195,44.934355,44.657745,44.355113,44.017874,43.655786,43.261706,42.847747,42.405162,41.937239,41.443298,40.917556,40.371767,39.793227,39.185742,38.541436,37.842492,37.084288,36.243288,35.306722,34.252520,33.063625,31.726821,30.227446,28.569423,26.749409,24.796173,22.728707,20.586551,18.429705,16.319247,14.314766,12.487818,10.918478,9.659909,8.768534,8.283468,8.225507,8.602036,9.392015,10.564998,12.069161,13.843247,15.818052,17.920654,20.080379,22.232530,24.321947,26.304673,28.150416,29.841096,31.370977,32.744399,33.973514,35.075548,36.070500,36.978814
1.166332,46.908792,46.908792,46.908792,46.908792,46.908792,46.908765,46.908690,46.908554,46.908380,46.908176,46.907925,46.907654,46.907364,46.907028,46.906699,46.906357,46.906014,46.905709,46.905435,46.905205,46.905039,46.904930,46.904890,46.904921,46.904997,46.905156,46.905359,46.905590,46.905824,46.906105,46.906359,46.906633,46.906916,46.907171,46.907437,46.907663,46.907856,46.908038,46.908188,46.908311,46.908417,46.908484,46.908541,46.908568,46.908551,46.908480,46.908400,46.908325,46.908257,46.908191,46.908135,46.908084,46.908044,46.908014,46.907998,46.907993,46.908005,46.908026,46.908054,46.908102,46.908126,46.908168,46.908206,46.908229,46.908257,46.908237,46.908210,46.908167,46.908123,46.908052,46.907964,46.907856,46.907717,46.907535,46.907254,46.907015,46.906680,46.906201,46.905769,46.905243,46.904507,46.903756,46.902980,46.901809,46.900789,46.899527,46.897966,46.896685,46.894823,46.893326,46.891509,46.889392,46.887759,46.885858,46.883762,46.882238,46.880301,46.878895,46.877399,46.875664,46.874184,46.872898,46.871101,46.869730,46.868074,46.866014,46.864269,46.861623,46.858894,46.856159,46.852314,46.848950,46.844712,46.839555,46.835103,46.829126,46.823303,46.817649,46.810087,46.803527,46.794499,46.786490,46.776868,46.766155,46.753112,46.739548,46.725207,46.707724,46.687560,46.662967,46.635422,46.604204,46.565607,46.519708,46.463785,46.401207,46.324054,46.235811,46.133010,46.015526,45.875403,45.717839,45.532449,45.323293,45.086318,44.822405,44.523808,44.199993,43.842584,43.463343,43.054799,42.628523,42.172365,41.684999,41.177455,40.639076,40.079108,39.484236,38.846839,38.161005,37.409904,36.577931,35.643654,34.589511,33.397719,32.050959,30.543228,28.864583,27.027627,25.051131,22.957544,20.787281,18.604835,16.456565,14.422788,12.574615,10.972587,9.690545,8.778871,8.278359,8.207375,8.570277,9.353538,10.519735,12.020855,13.793350,15.767687,17.870621,20.031349,22.184485,24.274925,26.258296,28.104327,29.794912,31.324336,32.697041,33.925164,35.026181,36.020167,36.927762
1.176884,46.908792,46.908792,46.908792,46.908792,46.908792,46.908792,46.908774,46.908719,46.908621,46.908485,46.908332,46.908150,46.907952,46.907745,46.907522,46.907288,46.907072,46.906853,46.906669,46.906504,46.906380,46.906296,46.906255,46.906249,46.906281,46.906365,46.906457,46.906596,46.906740,46.906911,46.907092,46.907286,46.907472,46.907674,46.907839,46.908007,46.908156,46.908286,46.908416,46.908519,46.908611,46.908681,46.908733,46.908744,46.908726,46.908706,46.908658,46.908622,46.908570,46.908516,46.908471,46.908435,46.908400,46.908378,46.908362,46.908356,46.908348,46.908357,46.908358,46.908374,46.908390,46.908417,46.908450,46.908484,46.908514,46.908546,46.908536,46.908504,46.908467,46.908418,46.908347,46.908258,46.908170,46.908022,46.907874,46.907745,46.907491,46.907210,46.906923,46.906484,46.906110,46.905638,46.905051,46.904204,46.903482,46.902434,46.901561,46.900508,46.899197,46.898167,46.896903,46.895401,46.894272,46.892745,46.891626,46.890192,46.889130,46.887963,46.886761,46.885944,46.884984,46.883809,46.882973,46.881701,46.880711,46.879268,46.878051,46.876171,46.874222,46.872271,46.869689,46.866869,46.863342,46.860303,46.856528,46.852487,46.848124,46.842799,46.838186,46.831969,46.825717,46.819637,46.811360,46.802858,46.793955,46.782037,46.770103,46.755343,46.737136,46.717956,46.692703,46.663691,46.630078,46.588359,46.538516,46.477737,46.409022,46.326224,46.229206,46.114139,45.984234,45.829672,45.655961,45.454850,45.223903,44.966382,44.681686,44.362589,44.020422,43.646589,43.254556,42.834434,42.393360,41.918575,41.421312,40.902203,40.349727,39.770205,39.144662,38.471195,37.728153,36.899555,35.968968,34.914997,33.719515,32.364895,30.845383,29.151081,27.297894,25.292139,23.176507,20.978972,18.767814,16.590704,14.528474,12.653030,11.025758,9.723328,8.791368,8.270565,8.187787,8.540364,9.316044,10.477649,11.975366,13.746868,15.721120,17.824900,19.986673,22.141121,24.232421,26.216569,28.062925,29.753356,31.282166,32.653952,33.881022,34.980815,35.973652,36.880196
1.187437,46.908792,46.908792,46.908792,46.908792,46.908792,46.908792,46.908792,46.908781,46.908746,46.908668,46.908573,46.908459,46.908324,46.908181,46.908035,46.907878,46.907732,46.907583,46.907453,46.907334,46.907239,46.907165,46.907118,46.907096,46.907105,46.907136,46.907194,46.907271,46.907372,46.907498,46.907622,46.907765,46.907888,46.908023,46.908138,46.908262,46.908367,46.908474,46.908566,46.908646,46.908712,46.908775,46.908789,46.908792,46.908785,46.908778,46.908773,46.908753,46.908746,46.908722,46.908688,46.908659,46.908631,46.908607,46.908592,46.908576,46.908565,46.908557,46.908556,46.908562,46.908574,46.908589,46.908615,46.908639,46.908669,46.908701,46.908728,46.908717,46.908684,46.908629,46.908556,46.908494,46.908422,46.908337,46.908278,46.908167,46.908103,46.907914,46.907762,46.907448,46.907171,46.906789,46.906469,46.905920,46.905374,46.904812,46.904082,46.903215,46.902520,46.901707,46.900705,46.899956,46.898909,46.898121,46.897212,46.896311,46.895325,46.894523,46.893897,46.893141,46.892548,46.892104,46.891351,46.890664,46.890007,46.889005,46.888003,46.887052,46.885534,46.884287,46.882185,46.880347,46.877773,46.875227,46.872838,46.869445,46.866133,46.862974,46.858628,46.854838,46.850170,46.844434,46.838616,46.832595,46.824141,46.815036,46.805208,46.792807,46.777296,46.759759,46.739487,46.712649,46.682392,46.643189,46.598753,46.542592,46.478715,46.401107,46.307922,46.202185,46.076808,45.931233,45.760850,45.567777,45.350426,45.099626,44.824922,44.516000,44.182012,43.825239,43.442437,43.034508,42.603443,42.148130,41.664510,41.152964,40.616877,40.049977,39.435926,38.770536,38.037534,37.214683,36.287157,35.232339,34.031475,32.671179,31.136198,29.430816,27.552620,25.527415,23.383067,21.166228,18.919717,16.718320,14.631925,12.726779,11.078054,9.748725,8.800109,8.265130,8.167121,8.512265,9.279939,10.437791,11.933217,13.704010,15.678642,17.783523,19.946813,22.102528,24.194896,26.179810,28.026425,29.716692,31.244905,32.615751,33.841592,34.940040,35.931472,36.836831
1.197990,46.908792,46.908792,46.908792,46.908792,46.908792,46.908792,46.908792,46.908792,46.908786,46.908766,46.908710,46.908640,46.908558,46.908464,46.908359,46.908256,46.908147,46.908046,46.907946,46.907862,46.907787,46.907726,46.907686,46.907664,46.907663,46.907684,46.907722,46.907783,46.907854,46.907923,46.908015,46.908097,46.908191,46.908277,46.908366,46.908458,46.908534,46.908613,46.908680,46.908739,46.908781,46.908791,46.908792,46.908792,46.908792,46.908792,46.908792,46.908792,46.908792,46.908785,46.908781,46.908763,46.908758,46.908739,46.908724,46.908709,46.908699,46.908694,46.908693,46.908697,46.908705,46.908719,46.908733,46.908754,46.908760,46.908771,46.908790,46.908792,46.908780,46.908752,46.908702,46.908657,46.908599,46.908556,46.908502,46.908465,46.908407,46.908381,46.908255,46.908185,46.907939,46.907719,46.907418,46.907166,46.906851,46.906349,46.905952,46.905395,46.904743,46.904225,46.903556,46.903042,46.902440,46.901719,46.901200,46.900498,46.900030,46.899488,46.898913,46.898545,46.898170,46.897767,46.897482,46.896992,46.896627,46.896069,46.895309,46.894754,46.893771,46.892775,46.891789,46.890108,46.888672,46.886627,46.884866,46.882386,46.879938,46.877563,46.874342,46.871595,46.867674,46.864103,46.859646,46.853977,46.848316,46.840982,46.831654,46.821235,46.809370,46.793440,46.774791,46.752778,46.723563,46.690110,46.647013,46.597730,46.535550,46.462857,46.378227,46.274886,46.155727,46.016929,45.858537,45.674041,45.460970,45.225441,44.955731,44.663465,44.338092,43.990568,43.620473,43.232091,42.811550,42.367153,41.897793,41.406419,40.880705,40.326442,39.723673,39.067990,38.341192,37.525782,36.599207,35.543148,34.337744,32.967381,31.423711,29.697499,27.802394,25.758178,23.589280,21.338760,19.068667,16.839798,14.726506,12.793036,11.123999,9.773879,8.805310,8.257237,8.147627,8.484091,9.246410,10.399900,11.894050,13.664563,15.640065,17.746671,19.911387,22.068808,24.162492,26.148352,27.995193,29.685235,31.212832,32.582721,33.807267,34.904173,35.894237,36.798353
1.208543,46.908792,46.908792,46.908792,46.908792,46.908792,46.908792,46.908792,46.908792,46.908792,46.908790,46.908777,46.908747,46.908697,46.908633,46.908569,46.908497,46.908426,46.908358,46.908286,46.908224,46.908170,46.908125,46.908096,46.908079,46.908073,46.908083,46.908105,46.908135,46.908181,46.908227,46.908282,46.908347,46.908408,46.908474,46.908543,46.908602,46.908664,46.908715,46.908758,46.908780,46.908792,46.908792,46.908792,46.908792,46.908792,46.908792,46.908792,46.908792,46.908792,46.908792,46.908792,46.908792,46.908789,46.908789,46.908779,46.908778,46.908773,46.908772,46.908772,46.908772,46.908775,46.908782,46.908783,46.908791,46.908792,46.908792,46.908792,46.908792,46.908792,46.908784,46.908783,46.908751,46.908734,46.908701,46.908672,46.908637,46.908614,46.908591,46.908578,46.908515,46.908495,46.908315,46.908172,46.907938,46.907719,46.907516,46.907160,46.906822,46.906493,46.906006,46.905590,46.905104,46.904732,46.904259,46.903972,46.903536,46.903280,46.902890,46.902675,46.902344,46.902081,46.901862,46.901716,46.901516,46.901273,46.900894,46.900601,46.900094,46.899669,46.898922,46.898308,46.897234,46.896112,46.894967,46.893310,46.891892,46.890161,46.888226,46.885889,46.883872,46.880965,46.877966,46.874849,46.870825,46.865498,46.859546,46.852802,46.843497,46.832766,46.820386,46.803380,46.783875,46.757612,46.726246,46.688973,46.641081,46.585912,46.516642,46.435682,46.341512,46.228797,46.095054,45.942170,45.766150,45.567942,45.337406,45.084759,44.801368,44.491470,44.157032,43.797166,43.422978,43.020233,42.587134,42.135961,41.655706,41.143517,40.599284,40.012516,39.363941,38.645464,37.833146,36.908185,35.850168,34.640414,33.261394,31.700741,29.960197,28.048487,25.975276,23.785146,21.508467,19.211411,16.959073,14.812835,12.860911,11.163816,9.798400,8.810596,8.248418,8.128935,8.455755,9.213128,10.364458,11.857387,13.628319,15.605345,17.713630,19.880382,22.039833,24.135200,26.122033,27.969397,29.659293,31.186171,32.554887,33.778025,34.873552,35.862165,36.764872
1.219095,46.908792,46.908792,46.908792,46.908792,46.908792,46.908792,46.908792,46.908792,46.908792,46.908792,46.908791,46.908788,46.908769,46.908741,46.908698,46.908651,46.908605,46.908556,46.908509,46.908464,46.908426,46.908395,46.908371,46.908356,46.908349,46.908351,46.908363,46.908381,46.908411,46.908444,46.908486,46.908528,46.908574,46.908624,46.908668,46.908713,46.908758,46.908774,46.908791,46.908792,46.908792,46.908792,46.908792,46.908792,46.908792,46.908792,46.908792,46.908792,46.908792,46.908792,46.908792,46.908792,46.908792,46.908792,46.908792,46.908792,46.908792,46.908792,46.908792,46.908792,46.908792,46.908792,46.908792,46.908792,46.908792,46.908792,46.908792,46.908792,46.908792,46.908792,46.908792,46.908792,46.908782,46.908781,46.908770,46.908751,46.908748,46.908734,46.908725,46.908718,46.908718,46.908655,46.908617,46.908465,46.908317,46.908150,46.907980,46.907743,46.907546,46.907191,46.906967,46.906610,46.906316,46.906077,46.905811,46.905644,46.905421,46.905324,46.905140,46.905055,46.904865,46.904738,46.904647,46.904535,46.904422,46.904329,46.904073,46.903870,46.903485,46.903164,46.902611,46.902022,46.901310,46.900441,46.899618,46.898313,46.897215,46.895665,46.894350,46.892467,46.890782,46.888613,46.886019,46.882564,46.878954,46.873733,46.868121,46.860254,46.851120,46.840446,46.825634,46.807616,46.785787,46.757496,46.721390,46.679458,46.625879,46.564141,46.486935,46.398524,46.290174,46.167422,46.020306,45.855731,45.662142,45.448523,45.201574,44.933949,44.633765,44.313153,43.974696,43.608239,43.220668,42.810251,42.367386,41.902014,41.409664,40.877667,40.297217,39.661567,38.946695,38.139314,37.215248,36.155088,34.937237,33.549405,31.974986,30.220161,28.282379,26.189664,23.971341,21.675751,19.351868,17.065974,14.900763,12.918745,11.205042,9.815836,8.815542,8.237179,8.108756,8.428353,9.181626,10.330358,11.823205,13.595147,15.573764,17.684517,19.853594,22.015261,24.112402,26.100658,27.948628,29.638522,31.164769,32.532300,33.754038,34.848034,35.835116,36.736460
1.229648,46.908792,46.908792,46.908792,46.908792,46.908792,46.908792,46.908792,46.908792,46.908792,46.908792,46.908792,46.908792,46.908792,46.908784,46.908769,46.908752,46.908717,46.908685,46.908652,46.908621,46.908594,46.908572,46.908554,46.908542,46.908537,46.908538,46.908546,46.908561,46.908579,46.908605,46.908632,46.908665,46.908698,46.908730,46.908765,46.908781,46.908788,46.908792,46.908792,46.908792,46.908792,46.908792,46.908792,46.908792,46.908792,46.908792,46.908792,46.908792,46.908792,46.908792,46.908792,46.908792,46.908792,46.908792,46.908792,46.908792,46.908792,46.908792,46.908792,46.908792,46.908792,46.908792,46.908792,46.908792,46.908792,46.908792,46.908792,46.908792,46.908792,46.908792,46.908792,46.908792,46.908792,46.908792,46.908792,46.908792,46.908792,46.908785,46.908783,46.908783,46.908783,46.908783,46.908751,46.908737,46.908647,46.908529,46.908374,46.908233,46.908109,46.907915,46.907774,46.907555,46.907410,46.907199,46.907056,46.906955,46.906839,46.906785,46.906708,46.906717,46.906689,46.906611,46.906594,46.906542,46.906480,46.906411,46.906344,46.906168,46.905967,46.905771,46.905427,46.905142,46.904640,46.904129,46.903724,46.903056,46.902201,46.901072,46.900101,46.898740,46.897518,46.895872,46.893716,46.891485,46.888089,46.884345,46.879321,46.872682,46.865277,46.855090,46.843488,46.827654,46.807457,46.780979,46.749898,46.710375,46.660830,46.603648,46.531548,46.448899,46.347020,46.229395,46.094711,45.934178,45.755996,45.547739,45.319706,45.058569,44.775714,44.473569,44.142954,43.799518,43.427964,43.026326,42.606326,42.152469,41.671192,41.152134,40.587308,39.958212,39.249502,38.444698,37.520971,36.457383,35.233601,33.831703,32.247298,30.469579,28.517351,26.401859,24.158822,21.829820,19.482991,17.174227,14.980551,12.975024,11.237550,9.834195,8.814793,8.226791,8.086865,8.401479,9.150097,10.297667,11.790682,13.564034,15.545273,17.658387,19.830313,21.994594,24.093912,26.083498,27.932238,29.622335,31.148150,32.514744,33.735021,34.827416,35.812943,36.713019
1.240201,46.908792,46.908792,46.908792,46.908792,46.908792,46.908792,46.908792,46.908792,46.908792,46.908792,46.908792,46.908792,46.908792,46.908792,46.908791,46.908790,46.908777,46.908768,46.908754,46.908734,46.908715,46.908698,46.908686,46.908677,46.908674,46.908675,46.908680,46.908691,46.908705,46.908721,46.908741,46.908764,46.908775,46.908785,46.908791,46.908792,46.908792,46.908792,46.908792,46.908792,46.908792,46.908792,46.908792,46.908792,46.908792,46.908792,46.908792,46.908792,46.908792,46.908792,46.908792,46.908792,46.908792,46.908792,46.908792,46.908792,46.908792,46.908792,46.908792,46.908792,46.908792,46.908792,46.908792,46.908792,46.908792,46.908792,46.908792,46.908792,46.908792,46.908792,46.908792,46.908792,46.908792,46.908792,46.908792,46.908792,46.908792,46.908792,46.908792,46.908792,46.908792,46.908792,46.908792,46.908792,46.908745,46.908703,46.908648,46.908538,46.908449,46.908334,46.908247,46.908113,46.908009,46.907914,46.907819,46.907741,46.907667,46.907631,46.907623,46.907634,46.907644,46.907697,46.907700,46.907709,46.907718,46.907684,46.907654,46.907635,46.907517,46.907369,46.907220,46.906974,46.906799,46.906515,46.906203,46.905775,46.905297,46.904826,46.903953,46.903105,46.902172,46.900786,46.899351,46.897251,46.894930,46.891405,46.887190,46.882141,46.875059,46.867067,46.855910,46.841884,46.824593,46.800685,46.772523,46.735246,46.691832,46.636363,46.572458,46.492210,46.400641,46.290549,46.161823,46.012871,45.839364,45.648582,45.426740,45.186517,44.914604,44.627950,44.313139,43.982301,43.627431,43.250207,42.838949,42.407229,41.939920,41.433167,40.874301,40.254059,39.553668,38.750762,37.825925,36.756713,35.525890,34.114400,32.510469,30.720059,28.740497,26.601404,24.333114,21.985258,19.608286,17.273571,15.055216,13.026724,11.268477,9.847194,8.814505,8.212101,8.065614,8.373288,9.119429,10.265611,11.759290,13.534822,15.518532,17.635131,19.810104,21.977287,24.078620,26.070013,27.919708,29.610175,31.135767,32.501523,33.720624,34.811536,35.795581,36.694340
1.250754,46.908792,46.908792,46.908792,46.908792,46.908792,46.908792,46.908792,46.908792,46.908792,46.908792,46.908792,46.908792,46.908792,46.908792,46.908792,46.908792,46.908792,46.908791,46.908791,46.908782,46.908777,46.908773,46.908769,46.908766,46.908765,46.908766,46.908767,46.908770,46.908776,46.908779,46.908785,46.908792,46.908792,46.908792,46.908792,46.908792,46.908792,46.908792,46.908792,46.908792,46.908792,46.908792,46.908792,46.908792,46.908792,46.908792,46.908792,46.908792,46.908792,46.908792,46.908792,46.908792,46.908792,46.908792,46.908792,46.908792,46.908792,46.908792,46.908792,46.908792,46.908792,46.908792,46.908792,46.908792,46.908792,46.908792,46.908792,46.908792,46.908792,46.908792,46.908792,46.908792,46.908792,46.908792,46.908792,46.908792,46.908792,46.908792,46.908792,46.908792,46.908792,46.908792,46.908792,46.908792,46.908792,46.908780,46.908780,46.908746,46.908677,46.908617,46.908538,46.908480,46.908419,46.908356,46.908286,46.908239,46.908205,46.908178,46.908172,46.908184,46.908207,46.908249,46.908304,46.908342,46.908399,46.908408,46.908409,46.908391,46.908359,46.908272,46.908229,46.908105,46.907983,46.907794,46.907619,46.907486,46.907202,46.906849,46.906382,46.905866,46.905141,46.904077,46.902864,46.901472,46.899301,46.896867,46.893166,46.888632,46.883103,46.875430,46.866389,46.854105,46.838146,46.816674,46.791224,46.757245,46.717568,46.666384,46.607394,46.534751,46.445924,46.345062,46.222141,46.082084,45.924370,45.739099,45.537114,45.303830,45.054684,44.776084,44.485854,44.171960,43.830191,43.470210,43.075424,42.659294,42.203359,41.712329,41.166008,40.551773,39.856452,39.055256,38.129152,37.054671,35.815210,34.391404,32.771636,30.962520,28.964752,26.798512,24.504924,22.127352,19.727695,17.363933,15.124321,13.073313,11.297351,9.854693,8.809613,8.197397,8.041249,8.345004,9.087969,10.233936,11.728804,13.506631,15.493411,17.613447,19.791922,21.962204,24.066118,26.059487,27.910449,29.601403,31.126723,32.491863,33.710032,34.799779,35.782478,36.679947
1.261307,46.908792,46.908792,46.908792,46.908792,46.908792,46.908792,46.908792,46.908792,46.908792,46.908792,46.908792,46.908792,46.908792,46.908792,46.908792,46.908792,46.908792,46.908792,46.908792,46.908792,46.908792,46.908792,46.908792,46.908792,46.908792,46.908792,46.908792,46.908792,46.908792,46.908792,46.908792,46.908792,46.908792,46.908792,46.908792,46.908792,46.908792,46.908792,46.908792,46.908792,46.908792,46.908792,46.908792,46.908792,46.908792,46.908792,46.908792,46.908792,46.908792,46.908792,46.908792,46.908792,46.908792,46.908792,46.908792,46.908792,46.908792,46.908792,46.908792,46.908792,46.908792,46.908792,46.908792,46.908792,46.908792,46.908792,46.908792,46.908792,46.908792,46.908792,46.908792,46.908792,46.908792,46.908792,46.908792,46.908792,46.908792,46.908792,46.908792,46.908792,46.908792,46.908792,46.908792,46.908792,46.908792,46.908792,46.908792,46.908789,46.908768,46.908768,46.908726,46.908714,46.908674,46.908634,46.908609,46.908585,46.908566,46.908552,46.908556,46.908567,46.908588,46.908614,46.908632,46.908680,46.908713,46.908722,46.908723,46.908706,46.908677,46.908651,46.908614,46.908557,46.908505,46.908471,46.908387,46.908270,46.908174,46.907974,46.907633,46.907333,46.906836,46.906088,46.905276,46.903975,46.902462,46.900169,46.897513,46.893500,46.888781,46.882070,46.874123,46.862765,46.848475,46.830606,46.806100,46.777157,46.738873,46.694423,46.638841,46.570003,46.491253,46.393521,46.283374,46.150132,45.999847,45.832358,45.636792,45.425514,45.184083,44.929855,44.648300,44.355953,44.031674,43.685135,43.315007,42.907624,42.472538,41.988570,41.453252,40.850151,40.157218,39.358386,38.430157,37.351012,36.099152,34.661727,33.030596,31.196112,29.176105,26.992921,24.674002,22.270260,19.837118,17.454675,15.184604,13.117158,11.316996,9.859869,8.801147,8.177611,8.015795,8.313977,9.055419,10.201457,11.698127,13.478601,15.469357,17.592777,19.775483,21.948704,24.055665,26.050895,27.903276,29.594820,31.120309,32.485049,33.702416,34.791211,35.772880,36.669111
1.271859,46.908792,46.908792,46.908792,46.908792,46.908792,46.908792,46.908792,46.908792,46.908792,46.908792,46.908792,46.908792,46.908792,46.908792,46.908792,46.908792,46.908792,46.908792,46.908792,46.908792,46.908792,46.908792,46.908792,46.908792,46.908792,46.908792,46.908792,46.908792,46.908792,46.908792,46.908792,46.908792,46.908792,46.908792,46.908792,46.908792,46.908792,46.908792,46.908792,46.908792,46.908792,46.908792,46.908792,46.908792,46.908792,46.908792,46.908792,46.908792,46.908792,46.908792,46.908792,46.908792,46.908792,46.908792,46.908792,46.908792,46.908792,46.908792,46.908792,46.908792,46.908792,46.908792,46.908792,46.908792,46.908792,46.908792,46.908792,46.908792,46.908792,46.908792,46.908792,46.908792,46.908792,46.908792,46.908792,46.908792,46.908792,46.908792,46.908792,46.908792,46.908792,46.908792,46.908792,46.908792,46.908792,46.908792,46.908792,46.908792,46.908792,46.908792,46.908792,46.908783,46.908771,46.908771,46.908761,46.908750,46.908748,46.908748,46.908749,46.908757,46.908757,46.908768,46.908775,46.908775,46.908784,46.908788,46.908790,46.908781,46.908781,46.908760,46.908745,46.908725,46.908707,46.908691,46.908669,46.908613,46.908600,46.908484,46.908286,46.908006,46.907656,46.907252,46.906512,46.905649,46.904224,46.902534,46.900165,46.896792,46.892740,46.886938,46.880053,46.870584,46.857473,46.841661,46.819657,46.793559,46.758773,46.718234,46.665834,46.605496,46.529366,46.442894,46.336363,46.217429,46.074798,45.915648,45.740010,45.535898,45.318152,45.072284,44.816343,44.533198,44.235184,43.901982,43.545103,43.161017,42.733890,42.268064,41.742462,41.143439,40.456857,39.658181,38.726824,37.642070,36.380109,34.931440,33.278098,31.426576,29.387734,27.173040,24.832206,22.402384,19.943275,17.532289,15.244674,13.150213,11.335678,9.862088,8.787379,8.155382,7.986696,8.281324,9.021072,10.167653,11.666321,13.450532,15.444747,17.572882,19.759166,21.936345,24.046052,26.043556,27.897228,29.589621,31.115437,32.480035,33.696868,34.784852,35.765578,36.660779
1.282412,46.908792,46.908792,46.908792,46.908792,46.908792,46.908792,46.908792,46.908792,46.908792,46.908792,46.908792,46.908792,46.908792,46.908792,46.908792,46.908792,46.908792,46.908792,46.908792,46.908792,46.908792,46.908792,46.908792,46.908792,46.908792,46.908792,46.908792,46.908792,46.908792,46.908792,46.908792,46.908792,46.908792,46.908792,46.908792,46.908792,46.908792,46.908792,46.908792,46.908792,46.908792,46.908792,46.908792,46.908792,46.908792,46.908792,46.908792,46.908792,46.908792,46.908792,46.908792,46.908792,46.908792,46.908792,46.908792,46.908792,46.908792,46.908792,46.908792,46.908792,46.908792,46.908792,46.908792,46.908792,46.908792,46.908792,46.908792,46.908792,46.908792,46.908792,46.908792,46.908792,46.908792,46.908792,46.908792,46.908792,46.908792,46.908792,46.908792,46.908792,46.908792,46.908792,46.908792,46.908792,46.908792,46.908792,46.908792,46.908792,46.908792,46.908792,46.908792,46.908792,46.908792,46.908792,46.908792,46.908792,46.908792,46.908792,46.908792,46.908792,46.908792,46.908792,46.908792,46.908792,46.908792,46.908792,46.908792,46.908792,46.908792,46.908788,46.908788,46.908776,46.908771,46.908766,46.908761,46.908756,46.908746,46.908686,46.908559,46.908373,46.908083,46.907734,46.907189,46.906507,46.905332,46.903802,46.901762,46.899228,46.895382,46.890874,46.884664,46.875996,46.865425,46.850319,46.832151,46.807993,46.776491,46.738499,46.693265,46.635092,46.568521,46.487174,46.388761,46.276310,46.149482,45.998906,45.836081,45.650262,45.444364,45.215158,44.972321,44.715560,44.426929,44.119518,43.779465,43.404175,42.997890,42.538974,42.025862,41.434119,40.751542,39.953428,39.019602,37.925970,36.654898,35.192299,33.521621,31.653188,29.584945,27.353050,24.979096,22.523336,20.042200,17.609470,15.292516,13.182323,11.344696,9.856075,8.772006,8.130336,7.953912,8.245672,8.984421,10.132156,11.633398,13.420976,15.419847,17.552086,19.742550,21.923491,24.036234,26.036262,27.891831,29.585112,31.111216,32.475700,33.692214,34.779543,35.759407,36.653872
1.292965,46.908792,46.908792,46.908792,46.908792,46.908792,46.908792,46.908792,46.908792,46.908792,46.908792,46.908792,46.908792,46.908792,46.908792,46.908792,46.908792,46.908792,46.908792,46.908792,46.908792,46.908792,46.908792,46.908792,46.908792,46.908792,46.908792,46.908792,46.908792,46.908792,46.908792,46.908792,46.908792,46.908792,46.908792,46.908792,46.908792,46.908792,46.908792,46.908792,46.908792,46.908792,46.908792,46.908792,46.908792,46.908792,46.908792,46.908792,46.908792,46.908792,46.908792,46.908792,46.908792,46.908792,46.908792,46.908792,46.908792,46.908792,46.908792,46.908792,46.908792,46.908792,46.908792,46.908792,46.908792,46.908792,46.908792,46.908792,46.908792,46.908792,46.908792,46.908792,46.908792,46.908792,46.908792,46.908792,46.908792,46.908792,46.908792,46.908792,46.908792,46.908792,46.908792,46.908792,46.908792,46.908792,46.908792,46.908792,46.908792,46.908792,46.908792,46.908792,46.908792,46.908792,46.908792,46.908792,46.908792,46.908792,46.908792,46.908792,46.908792,46.908792,46.908792,46.908792,46.908792,46.908792,46.908792,46.908792,46.908792,46.908792,46.908792,46.908792,46.908792,46.908792,46.908791,46.908789,46.908787,46.908787,46.908764,46.908677,46.908527,46.908286,46.907989,46.907543,46.906943,46.906113,46.904748,46.903026,46.900900,46.897641,46.893765,46.888098,46.881215,46.871135,46.858938,46.841591,46.819964,46.793505,46.758188,46.717234,46.664206,46.603518,46.526955,46.440784,46.337560,46.215393,46.082116,45.925368,45.757082,45.562582,45.357969,45.132494,44.884977,44.622441,44.324424,44.005257,43.645918,43.251009,42.809702,42.302003,41.720369,41.039665,40.242300,39.305007,38.204103,36.924188,35.442865,33.760189,31.865171,29.781107,27.521248,25.121904,22.643879,20.137133,17.673300,15.339509,13.203481,11.350290,9.848273,8.749526,8.100295,7.918670,8.206746,8.945261,10.094370,11.598931,13.390392,15.393146,17.530241,19.725000,21.909732,24.025688,26.028224,27.885689,29.580267,31.106907,32.471316,33.687328,34.774181,35.753487,36.647403
1.303518,46.908792,46.908792,46.908792,46.908792,46.908792,46.908792,46.908792,46.908792,46.908792,46.908792,46.908792,46.908792,46.908792,46.908792,46.908792,46.908792,46.908792,46.908792,46.908792,46.908792,46.908792,46.908792,46.908792,46.908792,46.908792,46.908792,46.908792,46.908792,46.908792,46.908792,46.908792,46.908792,46.908792,46.908792,46.908792,46.908792,46.908792,46.908792,46.908792,46.908792,46.908792,46.908792,46.908792,46.908792,46.908792,46.908792,46.908792,46.908792,46.908792,46.908792,46.908792,46.908792,46.908792,46.908792,46.908792,46.908792,46.908792,46.908792,46.908792,46.908792,46.908792,46.908792,46.908792,46.908792,46.908792,46.908792,46.908792,46.908792,46.908792,46.908792,46.908792,46.908792,46.908792,46.908792,46.908792,46.908792,46.908792,46.908792,46.908792,46.908792,46.908792,46.908792,46.908792,46.908792,46.908792,46.908792,46.908792,46.908792,46.908792,46.908792,46.908792,46.908792,46.908792,46.908792,46.908792,46.908792,46.908792,46.908792,46.908792,46.908792,46.908792,46.908792,46.908792,46.908792,46.908792,46.908792,46.908792,46.908792,46.908792,46.908792,46.908792,46.908792,46.908792,46.908792,46.908792,46.908792,46.908792,46.908792,46.908723,46.908594,46.908415,46.908137,46.907809,46.907348,46.906591,46.905589,46.904063,46.902149,46.899715,46.896244,46.891350,46.885054,46.877027,46.865931,46.850700,46.831590,46.807065,46.777348,46.739354,46.691255,46.634472,46.568305,46.487733,46.390749,46.283825,46.158778,46.017808,45.856273,45.684400,45.487859,45.279169,45.057502,44.804153,44.531436,44.221237,43.884613,43.500497,43.068729,42.574629,41.996561,41.320960,40.523081,39.581186,38.475096,37.180673,35.689472,33.983667,32.074685,29.961292,27.680842,25.260137,22.749352,20.217747,17.736373,15.374378,13.223311,11.350334,9.833740,8.723626,8.066086,7.878877,8.165153,8.903307,10.054382,11.561759,13.357299,15.365349,17.506560,19.706183,21.894379,24.013935,26.018897,27.878222,29.574000,31.101326,32.465878,33.681548,34.767817,35.746707,36.640267
1.314070,46.908792,46.908792,46.908792,46.908792,46.908792,46.908792,46.908792,46.908792,46.908792,46.908792,46.908792,46.908792,46.908792,46.908792,46.908792,46.908792,46.908792,46.908792,46.908792,46.908792,46.908792,46.908792,46.908792,46.908792,46.908792,46.908792,46.908792,46.908792,46.908792,46.908792,46.908792,46.908792,46.908792,46.908792,46.908792,46.908792,46.908792,46.908792,46.908792,46.908792,46.908792,46.908792,46.908792,46.908792,46.908792,46.908792,46.908792,46.908792,46.908792,46.908792,46.908792,46.908792,46.908792,46.908792,46.908792,46.908792,46.908792,46.908792,46.908792,46.908792,46.908792,46.908792,46.908792,46.908792,46.908792,46.908792,46.908792,46.908792,46.908792,46.908792,46.908792,46.908792,46.908792,46.908792,46.908792,46.908792,46.908792,46.908792,46.908792,46.908792,46.908792,46.908792,46.908792,46.908792,46.908792,46.908792,46.908792,46.908792,46.908792,46.908792,46.908792,46.908792,46.908792,46.908792,46.908792,46.908792,46.908792,46.908792,46.908792,46.908792,46.908792,46.908792,46.908792,46.908792,46.908792,46.908792,46.908792,46.908792,46.908792,46.908792,46.908792,46.908792,46.908792,46.908792,46.908792,46.908792,46.908792,46.908792,46.908768,46.908663,46.908493,46.908271,46.907990,46.907578,46.907083,46.906163,46.905023,46.903349,46.901345,46.898245,46.894454,46.889078,46.881448,46.871693,46.859481,46.842860,46.820347,46.793854,46.758542,46.717798,46.666682,46.603273,46.529812,46.443501,46.346100,46.228898,46.102906,45.954896,45.797571,45.616773,45.428488,45.215605,44.987373,44.723649,44.437213,44.108849,43.741759,43.323953,42.834869,42.265872,41.591724,40.793811,39.848230,38.734705,37.429152,35.923441,34.200186,32.271085,30.135547,27.831373,25.382488,22.853713,20.297299,17.786183,15.408081,13.232354,11.344929,9.814220,8.694254,8.027123,7.836382,8.120006,8.858567,10.011686,11.522372,13.322517,15.335000,17.480977,19.685016,21.877429,24.000018,26.007824,27.868737,29.565644,31.093484,32.458266,33.673896,34.759765,35.738109,36.631354
1.324623,46.908792,46.908792,46.908792,46.908792,46.908792,46.908792,46.908792,46.908792,46.908792,46.908792,46.908792,46.908792,46.908792,46.908792,46.908792,46.908792,46.908792,46.908792,46.908792,46.908792,46.908792,46.908792,46.908792,46.908792,46.908792,46.908792,46.908792,46.908792,46.908792,46.908792,46.908792,46.908792,46.908792,46.908792,46.908792,46.908792,46.908792,46.908792,46.908792,46.908792,46.908792,46.908792,46.908792,46.908792,46.908792,46.908792,46.908792,46.908792,46.908792,46.908792,46.908792,46.908792,46.908792,46.908792,46.908792,46.908792,46.908792,46.908792,46.908792,46.908792,46.908792,46.908792,46.908792,46.908792,46.908792,46.908792,46.908792,46.908792,46.908792,46.908792,46.908792,46.908792,46.908792,46.908792,46.908792,46.908792,46.908792,46.908792,46.908792,46.908792,46.908792,46.908792,46.908792,46.908792,46.908792,46.908792,46.908792,46.908792,46.908792,46.908792,46.908792,46.908792,46.908792,46.908792,46.908792,46.908792,46.908792,46.908792,46.908792,46.908792,46.908792,46.908792,46.908792,46.908792,46.908792,46.908792,46.908792,46.908792,46.908792,46.908792,46.908792,46.908792,46.908792,46.908792,46.908792,46.908792,46.908792,46.908792,46.908792,46.908711,46.908583,46.908386,46.908149,46.907799,46.907358,46.906769,46.905776,46.904375,46.902737,46.900163,46.896945,46.892083,46.886070,46.877296,46.866695,46.852245,46.832452,46.809030,46.777459,46.741027,46.693520,46.639629,46.573487,46.493233,46.404952,46.298276,46.180677,46.052263,45.901922,45.743775,45.567436,45.371028,45.155303,44.915413,44.637459,44.330448,43.976108,43.566765,43.086588,42.523327,41.851987,41.053775,40.104812,38.981428,37.668394,36.143890,34.408835,32.457035,30.299770,27.972229,25.502779,22.942609,20.362344,17.834540,15.429707,13.239935,11.333945,9.789700,8.658244,7.985520,7.789672,8.071632,8.810638,9.965854,11.480507,13.284533,15.301779,17.453119,19.661405,21.857580,23.983724,25.993690,27.856519,29.554451,31.082796,32.447679,33.663203,34.748927,35.727004,36.619984
1.335176,46.908792,46.908792,46.908792,46.908792,46.908792,46.908792,46.908792,46.908792,46.908792,46.908792,46.908792,46.908792,46.908792,46.908792,46.908792,46.908792,46.908792,46.908792,46.908792,46.908792,46.908792,46.908792,46.908792,46.908792,46.908792,46.908792,46.908792,46.908792,46.908792,46.908792,46.908792,46.908792,46.908792,46.908792,46.908792,46.908792,46.908792,46.908792,46.908792,46.908792,46.908792,46.908792,46.908792,46.908792,46.908792,46.908792,46.908792,46.908792,46.908792,46.908792,46.908792,46.908792,46.908792,46.908792,46.908792,46.908792,46.908792,46.908792,46.908792,46.908792,46.908792,46.908792,46.908792,46.908792,46.908792,46.908792,46.908792,46.908792,46.908792,46.908792,46.908792,46.908792,46.908792,46.908792,46.908792,46.908792,46.908792,46.908792,46.908792,46.908792,46.908792,46.908792,46.908792,46.908792,46.908792,46.908792,46.908792,46.908792,46.908792,46.908792,46.908792,46.908792,46.908792,46.908792,46.908792,46.908792,46.908792,46.908792,46.908792,46.908792,46.908792,46.908792,46.908792,46.908792,46.908792,46.908792,46.908792,46.908792,46.908792,46.908792,46.908792,46.908792,46.908792,46.908792,46.908792,46.908792,46.908792,46.908792,46.908792,46.908747,46.908656,46.908500,46.908292,46.907998,46.907656,46.907112,46.906331,46.905331,46.903931,46.901829,46.898969,46.895214,46.889550,46.882660,46.873091,46.860550,46.843347,46.822850,46.794809,46.762422,46.719894,46.671641,46.612192,46.542010,46.457776,46.366341,46.257151,46.141041,46.007872,45.856997,45.695772,45.522587,45.322598,45.090914,44.835012,44.535718,44.196963,43.796261,43.326667,42.768956,42.100126,41.300819,40.347998,39.217102,37.893267,36.357420,34.600397,32.628983,30.456905,28.099795,25.606761,23.029537,20.425684,17.869672,15.449768,13.237038,11.319157,9.758816,8.618893,7.938538,7.739226,8.019687,8.759401,9.917000,11.435109,13.244211,15.265965,17.422067,19.634563,21.834803,23.963859,25.976361,27.840703,29.539640,31.068508,32.433425,33.648745,34.734274,35.712376,36.605372
1.345729,46.908792,46.908792,46.908792,46.908792,46.908792,46.908792,46.908792,46.908792,46.908792,46.908792,46.908792,46.908792,46.908792,46.908792,46.908792,46.908792,46.908792,46.908792,46.908792,46.908792,46.908792,46.908792,46.908792,46.908792,46.908792,46.908792,46.908792,46.908792,46.908792,46.908792,46.908792,46.908792,46.908792,46.908792,46.908792,46.908792,46.908792,46.908792,46.908792,46.908792,46.908792,46.908792,46.908792,46.908792,46.908792,46.908792,46.908792,46.908792,46.908792,46.908792,46.908792,46.908792,46.908792,46.908792,46.908792,46.908792,46.908792,46.908792,46.908792,46.908792,46.908792,46.908792,46.908792,46.908792,46.908792,46.908792,46.908792,46.908792,46.908792,46.908792,46.908792,46.908792,46.908792,46.908792,46.908792,46.908792,46.908792,46.908792,46.908792,46.908792,46.908792,46.908792,46.908792,46.908792,46.908792,46.908792,46.908792,46.908792,46.908792,46.908792,46.908792,46.908792,46.908792,46.908792,46.908792,46.908792,46.908792,46.908792,46.908792,46.908792,46.908792,46.908792,46.908792,46.908792,46.908792,46.908792,46.908792,46.908792,46.908792,46.908792,46.908792,46.908792,46.908792,46.908792,46.908792,46.908792,46.908792,46.908792,46.908792,46.908777,46.908720,46.908582,46.908406,46.908189,46.907891,46.907451,46.906852,46.905996,46.904853,46.903394,46.901066,46.897756,46.892930,46.887039,46.878366,46.867374,46.853740,46.834366,46.811563,46.780760,46.745460,46.699540,46.646156,46.583019,46.511702,46.424687,46.328785,46.224331,46.100826,45.970736,45.824027,45.662091,45.473729,45.263742,45.015600,44.735952,44.403779,44.017819,43.555641,43.000756,42.335525,41.534928,40.577925,39.441163,38.103554,36.556114,34.782938,32.792821,30.596773,28.224164,25.708159,23.101314,20.474956,17.903287,15.458341,13.232408,11.295416,9.724426,8.576059,7.888240,7.685069,7.964255,8.704739,9.864802,11.386765,13.200051,15.227240,17.387432,19.604769,21.808709,23.940583,25.955354,27.821147,29.520866,31.049939,32.414760,33.629853,34.715132,35.693093,36.586303
1.356281,46.908792,46.908792,46.908792,46.908792,46.908792,46.908792,46.908792,46.908792,46.908792,46.908792,46.908792,46.908792,46.908792,46.908792,46.908792,46.908792,46.908792,46.908792,46.908792,46.908792,46.908792,46.908792,46.908792,46.908792,46.908792,46.908792,46.908792,46.908792,46.908792,46.908792,46.908792,46.908792,46.908792,46.908792,46.908792,46.908792,46.908792,46.908792,46.908792,46.908792,46.908792,46.908792,46.908792,46.908792,46.908792,46.908792,46.908792,46.908792,46.908792,46.908792,46.908792,46.908792,46.908792,46.908792,46.908792,46.908792,46.908792,46.908792,46.908792,46.908792,46.908792,46.908792,46.908792,46.908792,46.908792,46.908792,46.908792,46.908792,46.908792,46.908792,46.908792,46.908792,46.908792,46.908792,46.908792,46.908792,46.908792,46.908792,46.908792,46.908792,46.908792,46.908792,46.908792,46.908792,46.908792,46.908792,46.908792,46.908792,46.908792,46.908792,46.908792,46.908792,46.908792,46.908792,46.908792,46.908792,46.908792,46.908792,46.908792,46.908792,46.908792,46.908792,46.908792,46.908792,46.908792,46.908792,46.908792,46.908792,46.908792,46.908792,46.908792,46.908792,46.908792,46.908792,46.908792,46.908792,46.908792,46.908792,46.908792,46.908792,46.908752,46.908670,46.908529,46.908328,46.908079,46.907777,46.907308,46.906601,46.905774,46.904590,46.902716,46.899778,46.896112,46.890580,46.883814,46.873946,46.862176,46.846231,46.824670,46.799617,46.767356,46.726572,46.680805,46.622807,46.557024,46.483689,46.395342,46.298962,46.193951,46.070421,45.940691,45.789533,45.622341,45.422945,45.188502,44.921392,44.600864,44.222486,43.769630,43.220689,42.556384,41.755481,40.793319,39.650278,38.302572,36.742038,34.953107,32.947807,30.732032,28.331797,25.793707,23.171020,20.519803,17.924539,15.465395,13.219885,11.268326,9.686673,8.527146,7.834665,7.627033,7.905242,8.646603,9.809623,11.335184,13.153265,15.184517,17.349630,19.571201,21.778708,23.913413,25.930224,27.797254,29.497551,31.026625,32.391228,33.605952,34.690879,35.668678,36.562028
1.366834,46.908792,46.908792,46.908792,46.908792,46.908792,46.908792,46.908792,46.908792,46.908792,46.908792,46.908792,46.908792,46.908792,46.908792,46.908792,46.908792,46.908792,46.908792,46.908792,46.908792,46.908792,46.908792,46.908792,46.908792,46.908792,46.908792,46.908792,46.908792,46.908792,46.908792,46.908792,46.908792,46.908792,46.908792,46.908792,46.908792,46.908792,46.908792,46.908792,46.908792,46.908792,46.908792,46.908792,46.908792,46.908792,46.908792,46.908792,46.908792,46.908792,46.908792,46.908792,46.908792,46.908792,46.908792,46.908792,46.908792,46.908792,46.908792,46.908792,46.908792,46.908792,46.908792,46.908792,46.908792,46.908792,46.908792,46.908792,46.908792,46.908792,46.908792,46.908792,46.908792,46.908792,46.908792,46.908792,46.908792,46.908792,46.908792,46.908792,46.908792,46.908792,46.908792,46.908792,46.908792,46.908792,46.908792,46.908792,46.908792,46.908792,46.908792,46.908792,46.908792,46.908792,46.908792,46.908792,46.908792,46.908792,46.908792,46.908792,46.908792,46.908792,46.908792,46.908792,46.908792,46.908792,46.908792,46.908792,46.908792,46.908792,46.908792,46.908792,46.908792,46.908792,46.908792,46.908792,46.908792,46.908792,46.908792,46.908792,46.908792,46.908792,46.908737,46.908615,46.908471,46.908273,46.908020,46.907622,46.907145,46.906388,46.905444,46.903968,46.901821,46.898617,46.893944,46.888210,46.880131,46.869567,46.855148,46.838068,46.815416,46.785951,46.751097,46.709077,46.660974,46.600719,46.533291,46.459191,46.373505,46.274181,46.166136,46.049150,45.911438,45.754412,45.568512,45.352690,45.092131,44.787200,44.417440,43.968356,43.425281,42.763025,41.961327,40.996223,39.844171,38.489724,36.912474,35.110802,33.088002,30.850114,28.435566,25.873250,23.229095,20.559865,17.944375,15.461807,13.202038,11.238002,9.642075,8.475932,7.776658,7.565735,7.843051,8.585571,9.750943,11.280724,13.102548,15.139059,17.308614,19.533691,21.744522,23.882068,25.900543,27.768585,29.469281,30.998353,32.362492,33.576615,34.661108,35.638717,36.532185
1.377387,46.908792,46.908792,46.908792,46.908792,46.908792,46.908792,46.908792,46.908792,46.908792,46.908792,46.908792,46.908792,46.908792,46.908792,46.908792,46.908792,46.908792,46.908792,46.908792,46.908792,46.908792,46.908792,46.908792,46.908792,46.908792,46.908792,46.908792,46.908792,46.908792,46.908792,46.908792,46.908792,46.908792,46.908792,46.908792,46.908792,46.908792,46.908792,46.908792,46.908792,46.908792,46.908792,46.908792,46.908792,46.908792,46.908792,46.908792,46.908792,46.908792,46.908792,46.908792,46.908792,46.908792,46.908792,46.908792,46.908792,46.908792,46.908792,46.908792,46.908792,46.908792,46.908792,46.908792,46.908792,46.908792,46.908792,46.908792,46.908792,46.908792,46.908792,46.908792,46.908792,46.908792,46.908792,46.908792,46.908792,46.908792,46.908792,46.908792,46.908792,46.908792,46.908792,46.908792,46.908792,46.908792,46.908792,46.908792,46.908792,46.908792,46.908792,46.908792,46.908792,46.908792,46.908792,46.908792,46.908792,46.908792,46.908792,46.908792,46.908792,46.908792,46.908792,46.908792,46.908792,46.908792,46.908792,46.908792,46.908792,46.908792,46.908792,46.908792,46.908792,46.908792,46.908792,46.908792,46.908792,46.908792,46.908792,46.908792,46.908792,46.908792,46.908767,46.908704,46.908573,46.908424,46.908205,46.907944,46.907509,46.906998,46.906215,46.905104,46.903395,46.900571,46.897068,46.892002,46.884773,46.875582,46.864220,46.848178,46.828438,46.804796,46.774459,46.736199,46.692152,46.642367,46.582891,46.512899,46.436688,46.353592,46.257192,46.149246,46.027001,45.879638,45.709091,45.499657,45.255399,44.957941,44.596655,44.155291,43.615183,42.954884,42.152481,41.183032,40.026438,38.661244,37.072030,35.258260,33.213826,30.960438,28.526171,25.946569,23.276083,20.586964,17.954837,15.456692,13.176883,11.201130,9.595391,8.418871,7.714204,7.500985,7.777305,8.520971,9.689277,11.222364,13.048480,15.089583,17.263314,19.492730,21.706454,23.846326,25.866215,27.735065,29.435851,30.964598,32.328138,33.541566,34.625397,35.602627,36.496140
1.387940,46.908792,46.908792,46.908792,46.908792,46.908792,46.908792,46.908792,46.908792,46.908792,46.908792,46.908792,46.908792,46.908792,46.908792,46.908792,46.908792,46.908792,46.908792,46.908792,46.908792,46.908792,46.908792,46.908792,46.908792,46.908792,46.908792,46.908792,46.908792,46.908792,46.908792,46.908792,46.908792,46.908792,46.908792,46.908792,46.908792,46.908792,46.908792,46.908792,46.908792,46.908792,46.908792,46.908792,46.908792,46.908792,46.908792,46.908792,46.908792,46.908792,46.908792,46.908792,46.908792,46.908792,46.908792,46.908792,46.908792,46.908792,46.908792,46.908792,46.908792,46.908792,46.908792,46.908792,46.908792,46.908792,46.908792,46.908792,46.908792,46.908792,46.908792,46.908792,46.908792,46.908792,46.908792,46.908792,46.908792,46.908792,46.908792,46.908792,46.908792,46.908792,46.908792,46.908792,46.908792,46.908792,46.908792,46.908792,46.908792,46.908792,46.908792,46.908792,46.908792,46.908792,46.908792,46.908792,46.908792,46.908792,46.908792,46.908792,46.908792,46.908792,46.908792,46.908792,46.908792,46.908792,46.908792,46.908792,46.908792,46.908792,46.908792,46.908792,46.908792,46.908792,46.908792,46.908792,46.908792,46.908792,46.908792,46.908792,46.908792,46.908792,46.908792,46.908750,46.908675,46.908539,46.908388,46.908186,46.907845,46.907410,46.906882,46.906007,46.904680,46.902356,46.899451,46.894973,46.889457,46.881269,46.871470,46.857724,46.840748,46.820316,46.792811,46.761873,46.723400,46.676434,46.623841,46.566080,46.496723,46.423436,46.335090,46.238296,46.130192,45.994710,45.835627,45.637610,45.403419,45.113427,44.760301,44.325421,43.789738,43.132110,42.328453,41.356502,40.191860,38.818997,37.220478,35.388687,33.333414,31.062766,28.604259,26.008025,23.318021,20.612135,17.958810,15.443474,13.150126,11.157905,9.541898,8.359277,7.648883,7.432018,7.707936,8.452787,9.623629,11.160117,12.991144,15.036053,17.214543,19.447206,21.664383,23.806314,25.827511,27.696715,29.397191,30.925181,32.287825,33.500411,34.583434,35.560111,36.453539
1.398492,46.908792,46.908792,46.908792,46.908792,46.908792,46.908792,46.908792,46.908792,46.908792,46.908792,46.908792,46.908792,46.908792,46.908792,46.908792,46.908792,46.908792,46.908792,46.908792,46.908792,46.908792,46.908792,46.908792,46.908792,46.908792,46.908792,46.908792,46.908792,46.908792,46.908792,46.908792,46.908792,46.908792,46.908792,46.908792,46.908792,46.908792,46.908792,46.908792,46.908792,46.908792,46.908792,46.908792,46.908792,46.908792,46.908792,46.908792,46.908792,46.908792,46.908792,46.908792,46.908792,46.908792,46.908792,46.908792,46.908792,46.908792,46.908792,46.908792,46.908792,46.908792,46.908792,46.908792,46.908792,46.908792,46.908792,46.908792,46.908792,46.908792,46.908792,46.908792,46.908792,46.908792,46.908792,46.908792,46.908792,46.908792,46.908792,46.908792,46.908792,46.908792,46.908792,46.908792,46.908792,46.908792,46.908792,46.908792,46.908792,46.908792,46.908792,46.908792,46.908792,46.908792,46.908792,46.908792,46.908792,46.908792,46.908792,46.908792,46.908792,46.908792,46.908792,46.908792,46.908792,46.908792,46.908792,46.908792,46.908792,46.908792,46.908792,46.908792,46.908792,46.908792,46.908792,46.908792,46.908792,46.908792,46.908792,46.908792,46.908792,46.908792,46.908792,46.908792,46.908736,46.908653,46.908517,46.908368,46.908144,46.907785,46.907345,46.906755,46.905591,46.903927,46.901264,46.897916,46.892792,46.886547,46.877808,46.866003,46.851447,46.833028,46.811141,46.782083,46.748417,46.710285,46.662608,46.611973,46.551009,46.484372,46.410926,46.324579,46.224289,46.099792,45.948890,45.766123,45.538971,45.257625,44.913131,44.482470,43.951276,43.294228,42.490069,41.513913,40.344247,38.961698,37.352220,35.511660,33.436881,31.152040,28.675869,26.058345,23.354867,20.625203,17.954454,15.424742,13.116567,11.111687,9.486351,8.293962,7.578623,7.359459,7.634689,8.380637,9.554145,11.094383,12.929475,14.979444,17.161500,19.398113,21.617872,23.761625,25.783937,27.653357,29.353377,30.880389,32.241713,33.452995,34.535059,35.511035,36.404086
1.409045,46.908792,46.908792,46.908792,46.908792,46.908792,46.908792,46.908792,46.908792,46.908792,46.908792,46.908792,46.908792,46.908792,46.908792,46.908792,46.908792,46.908792,46.908792,46.908792,46.908792,46.908792,46.908792,46.908792,46.908792,46.908792,46.908792,46.908792,46.908792,46.908792,46.908792,46.908792,46.908792,46.908792,46.908792,46.908792,46.908792,46.908792,46.908792,46.908792,46.908792,46.908792,46.908792,46.908792,46.908792,46.908792,46.908792,46.908792,46.908792,46.908792,46.908792,46.908792,46.908792,46.908792,46.908792,46.908792,46.908792,46.908792,46.908792,46.908792,46.908792,46.908792,46.908792,46.908792,46.908792,46.908792,46.908792,46.908792,46.908792,46.908792,46.908792,46.908792,46.908792,46.908792,46.908792,46.908792,46.908792,46.908792,46.908792,46.908792,46.908792,46.908792,46.908792,46.908792,46.908792,46.908792,46.908792,46.908792,46.908792,46.908792,46.908792,46.908792,46.908792,46.908792,46.908792,46.908792,46.908792,46.908792,46.908792,46.908792,46.908792,46.908792,46.908792,46.908792,46.908792,46.908792,46.908792,46.908792,46.908792,46.908792,46.908792,46.908792,46.908792,46.908792,46.908792,46.908792,46.908792,46.908792,46.908792,46.908792,46.908792,46.908792,46.908792,46.908792,46.908777,46.908727,46.908640,46.908507,46.908339,46.908110,46.907751,46.907301,46.906433,46.905014,46.902914,46.899972,46.896122,46.890593,46.882853,46.873584,46.861263,46.844912,46.826134,46.801046,46.771907,46.738829,46.698866,46.651366,46.601697,46.543629,46.474703,46.397834,46.307234,46.197333,46.056344,45.878662,45.660557,45.390357,45.049537,44.626577,44.097182,43.442349,42.637161,41.657914,40.483024,39.094166,37.475156,35.618683,33.534313,31.229143,28.741152,26.103450,23.381835,20.634417,17.948681,15.398784,13.078195,11.060990,9.425474,8.226183,7.504918,7.283216,7.557566,8.304705,9.480487,11.024998,12.864126,14.918493,17.104577,19.344643,21.566952,23.712587,25.735618,27.605000,29.304228,30.829918,32.189588,33.399186,34.479756,35.454772,36.347469
1.419598,46.908792,46.908792,46.908792,46.908792,46.908792,46.908792,46.908792,46.908792,46.908792,46.908792,46.908792,46.908792,46.908792,46.908792,46.908792,46.908792,46.908792,46.908792,46.908792,46.908792,46.908792,46.908792,46.908792,46.908792,46.908792,46.908792,46.908792,46.908792,46.908792,46.908792,46.908792,46.908792,46.908792,46.908792,46.908792,46.908792,46.908792,46.908792,46.908792,46.908792,46.908792,46.908792,46.908792,46.908792,46.908792,46.908792,46.908792,46.908792,46.908792,46.908792,46.908792,46.908792,46.908792,46.908792,46.908792,46.908792,46.908792,46.908792,46.908792,46.908792,46.908792,46.908792,46.908792,46.908792,46.908792,46.908792,46.908792,46.908792,46.908792,46.908792,46.908792,46.908792,46.908792,46.908792,46.908792,46.908792,46.908792,46.908792,46.908792,46.908792,46.908792,46.908792,46.908792,46.908792,46.908792,46.908792,46.908792,46.908792,46.908792,46.908792,46.908792,46.908792,46.908792,46.908792,46.908792,46.908792,46.908792,46.908792,46.908792,46.908792,46.908792,46.908792,46.908792,46.908792,46.908792,46.908792,46.908792,46.908792,46.908792,46.908792,46.908792,46.908792,46.908792,46.908792,46.908792,46.908792,46.908792,46.908792,46.908792,46.908792,46.908792,46.908792,46.908792,46.908792,46.908792,46.908722,46.908637,46.908509,46.908327,46.908093,46.907687,46.907145,46.906097,46.904274,46.901964,46.898443,46.893782,46.887854,46.879250,46.868597,46.855766,46.839140,46.818527,46.792490,46.764014,46.727949,46.689721,46.643290,46.592617,46.536153,46.465913,46.386100,46.282971,46.149094,45.984219,45.774002,45.507647,45.175559,44.755255,44.230432,43.576196,42.770353,41.788602,40.609604,39.211299,37.582702,35.718586,33.617037,31.301724,28.793051,26.143423,23.399630,20.639862,17.933103,15.371884,13.033722,11.007392,9.359499,8.152869,7.427161,7.202612,7.476234,8.224376,9.403219,10.950969,12.794880,14.852900,17.043525,19.286648,21.511908,23.659058,25.682597,27.551649,29.249705,30.773796,32.131604,33.339157,34.417946,35.391665,36.283852
1.430151,46.908792,46.908792,46.908792,46.908792,46.908792,46.908792,46.908792,46.908792,46.908792,46.908792,46.908792,46.908792,46.908792,46.908792,46.908792,46.908792,46.908792,46.908792,46.908792,46.908792,46.908792,46.908792,46.908792,46.908792,46.908792,46.908792,46.908792,46.908792,46.908792,46.908792,46.908792,46.908792,46.908792,46.908792,46.908792,46.908792,46.908792,46.908792,46.908792,46.908792,46.908792,46.908792,46.908792,46.908792,46.908792,46.908792,46.908792,46.908792,46.908792,46.908792,46.908792,46.908792,46.908792,46.908792,46.908792,46.908792,46.908792,46.908792,46.908792,46.908792,46.908792,46.908792,46.908792,46.908792,46.908792,46.908792,46.908792,46.908792,46.908792,46.908792,46.908792,46.908792,46.908792,46.908792,46.908792,46.908792,46.908792,46.908792,46.908792,46.908792,46.908792,46.908792,46.908792,46.908792,46.908792,46.908792,46.908792,46.908792,46.908792,46.908792,46.908792,46.908792,46.908792,46.908792,46.908792,46.908792,46.908792,46.908792,46.908792,46.908792,46.908792,46.908792,46.908792,46.908792,46.908792,46.908792,46.908792,46.908792,46.908792,46.908792,46.908792,46.908792,46.908792,46.908792,46.908792,46.908792,46.908792,46.908792,46.908792,46.908792,46.908792,46.908792,46.908792,46.908792,46.908792,46.908773,46.908723,46.908635,46.908535,46.908331,46.908050,46.907615,46.906759,46.905494,46.903375,46.900706,46.896675,46.891434,46.884850,46.875439,46.864462,46.849585,46.831907,46.811415,46.784864,46.756285,46.720633,46.683471,46.639821,46.587113,46.528706,46.454756,46.357849,46.236159,46.075530,45.872813,45.616091,45.286981,44.872745,44.349468,43.697155,42.890703,41.907006,40.722854,39.317920,37.680688,35.806021,33.694336,31.360936,28.841688,26.171491,23.416006,20.635272,17.914697,15.338405,12.986561,10.948240,9.290493,8.077057,7.345747,7.117352,7.390241,8.139736,9.320956,10.872865,12.720367,14.783275,16.977710,19.224262,21.452016,23.600629,25.624720,27.493293,29.190108,30.712217,32.067794,33.273141,34.349891,35.322056,36.213251
1.440704,46.908792,46.908792,46.908792,46.908792,46.908792,46.908792,46.908792,46.908792,46.908792,46.908792,46.908792,46.908792,46.908792,46.908792,46.908792,46.908792,46.908792,46.908792,46.908792,46.908792,46.908792,46.908792,46.908792,46.908792,46.908792,46.908792,46.908792,46.908792,46.908792,46.908792,46.908792,46.908792,46.908792,46.908792,46.908792,46.908792,46.908792,46.908792,46.908792,46.908792,46.908792,46.908792,46.908792,46.908792,46.908792,46.908792,46.908792,46.908792,46.908792,46.908792,46.908792,46.908792,46.908792,46.908792,46.908792,46.908792,46.908792,46.908792,46.908792,46.908792,46.908792,46.908792,46.908792,46.908792,46.908792,46.908792,46.908792,46.908792,46.908792,46.908792,46.908792,46.908792,46.908792,46.908792,46.908792,46.908792,46.908792,46.908792,46.908792,46.908792,46.908792,46.908792,46.908792,46.908792,46.908792,46.908792,46.908792,46.908792,46.908792,46.908792,46.908792,46.908792,46.908792,46.908792,46.908792,46.908792,46.908792,46.908792,46.908792,46.908792,46.908792,46.908792,46.908792,46.908792,46.908792,46.908792,46.908792,46.908792,46.908792,46.908792,46.908792,46.908792,46.908792,46.908792,46.908792,46.908792,46.908792,46.908792,46.908792,46.908792,46.908792,46.908792,46.908792,46.908792,46.908792,46.908792,46.908774,46.908739,46.908652,46.908550,46.908302,46.907966,46.907328,46.906386,46.904767,46.902314,46.899260,46.894693,46.889159,46.881647,46.871517,46.859863,46.844259,46.826859,46.804160,46.779700,46.749138,46.717341,46.678297,46.635821,46.580978,46.514276,46.428166,46.310338,46.160269,45.964058,45.710647,45.388777,44.976560,44.457100,43.805607,42.998667,42.012722,40.824422,39.413517,37.769699,35.882091,33.760492,31.414283,28.880719,26.197649,23.422024,20.629795,17.893531,15.298684,12.936809,10.883752,9.218558,7.995604,7.259535,7.027762,7.299702,8.050069,9.233913,10.789164,12.641421,14.708351,16.906576,19.156939,21.386943,23.537362,25.561908,27.429948,29.125322,30.645290,31.998454,33.201256,34.275719,35.245939,36.135882
1.451256,46.908792,46.908792,46.908792,46.908792,46.908792,46.908792,46.908792,46.908792,46.908792,46.908792,46.908792,46.908792,46.908792,46.908792,46.908792,46.908792,46.908792,46.908792,46.908792,46.908792,46.908792,46.908792,46.908792,46.908792,46.908792,46.908792,46.908792,46.908792,46.908792,46.908792,46.908792,46.908792,46.908792,46.908792,46.908792,46.908792,46.908792,46.908792,46.908792,46.908792,46.908792,46.908792,46.908792,46.908792,46.908792,46.908792,46.908792,46.908792,46.908792,46.908792,46.908792,46.908792,46.908792,46.908792,46.908792,46.908792,46.908792,46.908792,46.908792,46.908792,46.908792,46.908792,46.908792,46.908792,46.908792,46.908792,46.908792,46.908792,46.908792,46.908792,46.908792,46.908792,46.908792,46.908792,46.908792,46.908792,46.908792,46.908792,46.908792,46.908792,46.908792,46.908792,46.908792,46.908792,46.908792,46.908792,46.908792,46.908792,46.908792,46.908792,46.908792,46.908792,46.908792,46.908792,46.908792,46.908792,46.908792,46.908792,46.908792,46.908792,46.908792,46.908792,46.908792,46.908792,46.908792,46.908792,46.908792,46.908792,46.908792,46.908792,46.908792,46.908792,46.908792,46.908792,46.908792,46.908792,46.908792,46.908792,46.908792,46.908792,46.908792,46.908792,46.908792,46.908792,46.908792,46.908792,46.908792,46.908792,46.908742,46.908684,46.908514,46.908231,46.907804,46.906971,46.905702,46.903902,46.901093,46.897646,46.892547,46.886152,46.878375,46.867642,46.855459,46.839373,46.821709,46.800063,46.773986,46.745614,46.714922,46.677016,46.628796,46.570134,46.487406,46.379168,46.233904,46.042594,45.797118,45.477743,45.070615,44.552409,43.902467,43.095311,42.106767,40.914469,39.498887,37.847592,35.952513,33.818554,31.462090,28.911040,26.213389,23.426961,20.615165,17.865794,15.258320,12.879943,10.818015,9.140421,7.910609,7.168832,6.933643,7.204388,7.955524,9.141658,10.700513,12.556306,14.627881,16.830415,19.083892,21.316920,23.468825,25.494023,27.361499,29.055477,30.573346,31.923770,33.123767,34.195509,35.163496,36.052041
1.461809,46.908792,46.908792,46.908792,46.908792,46.908792,46.908792,46.908792,46.908792,46.908792,46.908792,46.908792,46.908792,46.908792,46.908792,46.908792,46.908792,46.908792,46.908792,46.908792,46.908792,46.908792,46.908792,46.908792,46.908792,46.908792,46.908792,46.908792,46.908792,46.908792,46.908792,46.908792,46.908792,46.908792,46.908792,46.908792,46.908792,46.908792,46.908792,46.908792,46.908792,46.908792,46.908792,46.908792,46.908792,46.908792,46.908792,46.908792,46.908792,46.908792,46.908792,46.908792,46.908792,46.908792,46.908792,46.908792,46.908792,46.908792,46.908792,46.908792,46.908792,46.908792,46.908792,46.908792,46.908792,46.908792,46.908792,46.908792,46.908792,46.908792,46.908792,46.908792,46.908792,46.908792,46.908792,46.908792,46.908792,46.908792,46.908792,46.908792,46.908792,46.908792,46.908792,46.908792,46.908792,46.908792,46.908792,46.908792,46.908792,46.908792,46.908792,46.908792,46.908792,46.908792,46.908792,46.908792,46.908792,46.908792,46.908792,46.908792,46.908792,46.908792,46.908792,46.908792,46.908792,46.908792,46.908792,46.908792,46.908792,46.908792,46.908792,46.908792,46.908792,46.908792,46.908792,46.908792,46.908792,46.908792,46.908792,46.908792,46.908792,46.908792,46.908792,46.908792,46.908792,46.908792,46.908792,46.908792,46.908792,46.908792,46.908758,46.908695,46.908475,46.908095,46.907525,46.906560,46.904991,46.902907,46.899744,46.895881,46.890295,46.883760,46.875163,46.863977,46.851482,46.835209,46.816788,46.796486,46.771439,46.745438,46.711611,46.672076,46.616406,46.541086,46.438509,46.297741,46.114592,45.871706,45.558402,45.153158,44.638132,43.988662,43.181230,42.191352,40.995374,39.575677,37.915621,36.011970,33.869369,31.499543,28.939437,26.225874,23.424852,20.598343,17.834150,15.210695,12.820874,10.747036,9.059231,7.821189,7.072966,6.834793,7.104174,7.855751,9.043807,10.605511,12.465822,14.541398,16.747913,19.005609,21.241174,23.395115,25.420952,27.288097,28.980690,30.496287,31.843895,33.040694,34.109385,35.074914,35.961683
1.472362,46.908792,46.908792,46.908792,46.908792,46.908792,46.908792,46.908792,46.908792,46.908792,46.908792,46.908792,46.908792,46.908792,46.908792,46.908792,46.908792,46.908792,46.908792,46.908792,46.908792,46.908792,46.908792,46.908792,46.908792,46.908792,46.908792,46.908792,46.908792,46.908792,46.908792,46.908792,46.908792,46.908792,46.908792,46.908792,46.908792,46.908792,46.908792,46.908792,46.908792,46.908792,46.908792,46.908792,46.908792,46.908792,46.908792,46.908792,46.908792,46.908792,46.908792,46.908792,46.908792,46.908792,46.908792,46.908792,46.908792,46.908792,46.908792,46.908792,46.908792,46.908792,46.908792,46.908792,46.908792,46.908792,46.908792,46.908792,46.908792,46.908792,46.908792,46.908792,46.908792,46.908792,46.908792,46.908792,46.908792,46.908792,46.908792,46.908792,46.908792,46.908792,46.908792,46.908792,46.908792,46.908792,46.908792,46.908792,46.908792,46.908792,46.908792,46.908792,46.908792,46.908792,46.908792,46.908792,46.908792,46.908792,46.908792,46.908792,46.908792,46.908792,46.908792,46.908792,46.908792,46.908792,46.908792,46.908792,46.908792,46.908792,46.908792,46.908792,46.908792,46.908792,46.908792,46.908792,46.908792,46.908792,46.908792,46.908792,46.908792,46.908792,46.908792,46.908792,46.908792,46.908792,46.908792,46.908792,46.908792,46.908792,46.908788,46.908780,46.908628,46.908374,46.907877,46.907103,46.905987,46.904158,46.901796,46.898285,46.894046,46.888316,46.880769,46.872173,46.860720,46.848150,46.832017,46.814101,46.794709,46.770834,46.744254,46.707280,46.659443,46.589231,46.489400,46.356174,46.175645,45.939364,45.628179,45.227478,44.713541,44.065170,43.257482,42.265868,41.067843,39.643073,37.977036,36.066983,33.912150,31.534786,28.958907,26.235899,23.416907,20.579804,17.797137,15.163171,12.759844,10.671146,8.974301,7.727765,6.973981,6.731657,6.998794,7.750459,8.940312,10.504879,12.368914,14.448672,16.659511,18.920937,21.160066,23.315874,25.342707,27.209562,28.900676,30.413880,31.758515,32.952226,34.017695,34.980382,35.864983
1.482915,46.908792,46.908792,46.908792,46.908792,46.908792,46.908792,46.908792,46.908792,46.908792,46.908792,46.908792,46.908792,46.908792,46.908792,46.908792,46.908792,46.908792,46.908792,46.908792,46.908792,46.908792,46.908792,46.908792,46.908792,46.908792,46.908792,46.908792,46.908792,46.908792,46.908792,46.908792,46.908792,46.908792,46.908792,46.908792,46.908792,46.908792,46.908792,46.908792,46.908792,46.908792,46.908792,46.908792,46.908792,46.908792,46.908792,46.908792,46.908792,46.908792,46.908792,46.908792,46.908792,46.908792,46.908792,46.908792,46.908792,46.908792,46.908792,46.908792,46.908792,46.908792,46.908792,46.908792,46.908792,46.908792,46.908792,46.908792,46.908792,46.908792,46.908792,46.908792,46.908792,46.908792,46.908792,46.908792,46.908792,46.908792,46.908792,46.908792,46.908792,46.908792,46.908792,46.908792,46.908792,46.908792,46.908792,46.908792,46.908792,46.908792,46.908792,46.908792,46.908792,46.908792,46.908792,46.908792,46.908792,46.908792,46.908792,46.908792,46.908792,46.908792,46.908792,46.908792,46.908792,46.908792,46.908792,46.908792,46.908792,46.908792,46.908792,46.908792,46.908792,46.908792,46.908792,46.908792,46.908792,46.908792,46.908792,46.908792,46.908792,46.908792,46.908792,46.908792,46.908792,46.908792,46.908792,46.908792,46.908792,46.908792,46.908792,46.908789,46.908723,46.908531,46.908211,46.907572,46.906625,46.905317,46.903228,46.900616,46.896777,46.891976,46.886182,46.878350,46.869584,46.858080,46.845074,46.830735,46.812984,46.794667,46.770230,46.740142,46.694643,46.629042,46.536028,46.406177,46.230067,45.996918,45.691012,45.291826,44.780902,44.133222,43.325385,42.332427,41.131832,39.702266,38.032442,36.112957,33.952215,31.561770,28.977766,26.240248,23.409618,20.554412,17.761234,15.109621,12.694648,10.595141,8.887314,7.631715,6.869736,6.623639,6.888418,7.639711,8.830884,10.398259,12.266016,14.349849,16.565641,18.830914,21.072908,23.231205,25.258910,27.125466,28.815171,30.326042,31.667788,32.858074,33.920318,34.879879,35.761973
1.493467,46.908792,46.908792,46.908792,46.908792,46.908792,46.908792,46.908792,46.908792,46.908792,46.908792,46.908792,46.908792,46.908792,46.908792,46.908792,46.908792,46.908792,46.908792,46.908792,46.908792,46.908792,46.908792,46.908792,46.908792,46.908792,46.908792,46.908792,46.908792,46.908792,46.908792,46.908792,46.908792,46.908792,46.908792,46.908792,46.908792,46.908792,46.908792,46.908792,46.908792,46.908792,46.908792,46.908792,46.908792,46.908792,46.908792,46.908792,46.908792,46.908792,46.908792,46.908792,46.908792,46.908792,46.908792,46.908792,46.908792,46.908792,46.908792,46.908792,46.908792,46.908792,46.908792,46.908792,46.908792,46.908792,46.908792,46.908792,46.908792,46.908792,46.908792,46.908792,46.908792,46.908792,46.908792,46.908792,46.908792,46.908792,46.908792,46.908792,46.908792,46.908792,46.908792,46.908792,46.908792,46.908792,46.908792,46.908792,46.908792,46.908792,46.908792,46.908792,46.908792,46.908792,46.908792,46.908792,46.908792,46.908792,46.908792,46.908792,46.908792,46.908792,46.908792,46.908792,46.908792,46.908792,46.908792,46.908792,46.908792,46.908792,46.908792,46.908792,46.908792,46.908792,46.908792,46.908792,46.908792,46.908792,46.908792,46.908792,46.908792,46.908792,46.908792,46.908792,46.908792,46.908792,46.908792,46.908792,46.908792,46.908792,46.908792,46.908792,46.908738,46.908622,46.908367,46.907978,46.907244,46.906081,46.904576,46.902246,46.899230,46.895498,46.890244,46.884262,46.876301,46.867551,46.856242,46.844276,46.829448,46.813435,46.794511,46.767393,46.726163,46.664560,46.575550,46.449642,46.277429,46.048798,45.744707,45.348926,44.840012,44.193730,43.385884,42.392071,41.188393,39.756419,38.080751,36.155943,33.984769,31.587685,28.989591,26.239890,23.397847,20.528905,17.721627,15.056139,12.627709,10.514120,8.795512,7.531881,6.763293,6.510930,6.773139,7.523685,8.715885,10.285942,12.156952,14.245691,16.465383,18.734692,20.980272,23.140507,25.169403,27.035778,28.724178,30.232859,31.571442,32.758352,33.817010,34.773386,35.652754
1.504020,46.908792,46.908792,46.908792,46.908792,46.908792,46.908792,46.908792,46.908792,46.908792,46.908792,46.908792,46.908792,46.908792,46.908792,46.908792,46.908792,46.908792,46.908792,46.908792,46.908792,46.908792,46.908792,46.908792,46.908792,46.908792,46.908792,46.908792,46.908792,46.908792,46.908792,46.908792,46.908792,46.908792,46.908792,46.908792,46.908792,46.908792,46.908792,46.908792,46.908792,46.908792,46.908792,46.908792,46.908792,46.908792,46.908792,46.908792,46.908792,46.908792,46.908792,46.908792,46.908792,46.908792,46.908792,46.908792,46.908792,46.908792,46.908792,46.908792,46.908792,46.908792,46.908792,46.908792,46.908792,46.908792,46.908792,46.908792,46.908792,46.908792,46.908792,46.908792,46.908792,46.908792,46.908792,46.908792,46.908792,46.908792,46.908792,46.908792,46.908792,46.908792,46.908792,46.908792,46.908792,46.908792,46.908792,46.908792,46.908792,46.908792,46.908792,46.908792,46.908792,46.908792,46.908792,46.908792,46.908792,46.908792,46.908792,46.908792,46.908792,46.908792,46.908792,46.908792,46.908792,46.908792,46.908792,46.908792,46.908792,46.908792,46.908792,46.908792,46.908792,46.908792,46.908792,46.908792,46.908792,46.908792,46.908792,46.908792,46.908792,46.908792,46.908792,46.908792,46.908792,46.908792,46.908792,46.908792,46.908792,46.908792,46.908792,46.908792,46.908764,46.908657,46.908493,46.908184,46.907595,46.906803,46.905466,46.903773,46.901377,46.898024,46.894105,46.888708,46.882672,46.875130,46.866208,46.855346,46.844062,46.830869,46.813652,46.790832,46.753343,46.696029,46.608804,46.486535,46.319362,46.092538,45.792898,45.399136,44.892224,44.246952,43.439767,42.445140,41.239523,39.803637,38.124057,36.192270,34.015924,31.607412,29.002103,26.241018,23.382859,20.502233,17.681043,15.003196,12.557753,10.432874,8.704005,7.428415,6.652178,6.394619,6.653514,7.402308,8.595111,10.167302,12.042217,14.134610,16.359164,18.632573,20.881214,23.044197,25.074154,26.940542,28.627726,30.134064,31.469734,32.653067,33.708022,34.660939,35.537561
1.514573,46.908792,46.908792,46.908792,46.908792,46.908792,46.908792,46.908792,46.908792,46.908792,46.908792,46.908792,46.908792,46.908792,46.908792,46.908792,46.908792,46.908792,46.908792,46.908792,46.908792,46.908792,46.908792,46.908792,46.908792,46.908792,46.908792,46.908792,46.908792,46.908792,46.908792,46.908792,46.908792,46.908792,46.908792,46.908792,46.908792,46.908792,46.908792,46.908792,46.908792,46.908792,46.908792,46.908792,46.908792,46.908792,46.908792,46.908792,46.908792,46.908792,46.908792,46.908792,46.908792,46.908792,46.908792,46.908792,46.908792,46.908792,46.908792,46.908792,46.908792,46.908792,46.908792,46.908792,46.908792,46.908792,46.908792,46.908792,46.908792,46.908792,46.908792,46.908792,46.908792,46.908792,46.908792,46.908792,46.908792,46.908792,46.908792,46.908792,46.908792,46.908792,46.908792,46.908792,46.908792,46.908792,46.908792,46.908792,46.908792,46.908792,46.908792,46.908792,46.908792,46.908792,46.908792,46.908792,46.908792,46.908792,46.908792,46.908792,46.908792,46.908792,46.908792,46.908792,46.908792,46.908792,46.908792,46.908792,46.908792,46.908792,46.908792,46.908792,46.908792,46.908792,46.908792,46.908792,46.908792,46.908792,46.908792,46.908792,46.908792,46.908792,46.908792,46.908792,46.908792,46.908792,46.908792,46.908792,46.908792,46.908792,46.908792,46.908792,46.908783,46.908695,46.908547,46.908295,46.907930,46.907222,46.906300,46.904866,46.902819,46.900380,46.896892,46.892882,46.887446,46.881491,46.873799,46.865660,46.855942,46.844522,46.831339,46.810133,46.777280,46.721607,46.638842,46.519156,46.355105,46.131834,45.833838,45.443705,44.937847,44.294544,43.487582,42.492461,41.285539,39.847400,38.162445,36.227031,34.041999,31.627766,29.010119,26.237890,23.369023,20.476940,17.638307,14.948174,12.488813,10.352390,8.608703,7.323960,6.539952,6.275579,6.529216,7.276411,8.469062,10.043215,11.920876,14.017467,16.246230,18.523534,20.776145,22.941579,24.973053,26.839678,28.525795,30.030031,31.362552,32.542312,33.593589,34.542934,35.416624
1.525126,46.908792,46.908792,46.908792,46.908792,46.908792,46.908792,46.908792,46.908792,46.908792,46.908792,46.908792,46.908792,46.908792,46.908792,46.908792,46.908792,46.908792,46.908792,46.908792,46.908792,46.908792,46.908792,46.908792,46.908792,46.908792,46.908792,46.908792,46.908792,46.908792,46.908792,46.908792,46.908792,46.908792,46.908792,46.908792,46.908792,46.908792,46.908792,46.908792,46.908792,46.908792,46.908792,46.908792,46.908792,46.908792,46.908792,46.908792,46.908792,46.908792,46.908792,46.908792,46.908792,46.908792,46.908792,46.908792,46.908792,46.908792,46.908792,46.908792,46.908792,46.908792,46.908792,46.908792,46.908792,46.908792,46.908792,46.908792,46.908792,46.908792,46.908792,46.908792,46.908792,46.908792,46.908792,46.908792,46.908792,46.908792,46.908792,46.908792,46.908792,46.908792,46.908792,46.908792,46.908792,46.908792,46.908792,46.908792,46.908792,46.908792,46.908792,46.908792,46.908792,46.908792,46.908792,46.908792,46.908792,46.908792,46.908792,46.908792,46.908792,46.908792,46.908792,46.908792,46.908792,46.908792,46.908792,46.908792,46.908792,46.908792,46.908792,46.908792,46.908792,46.908792,46.908792,46.908792,46.908792,46.908792,46.908792,46.908792,46.908792,46.908792,46.908792,46.908792,46.908792,46.908792,46.908792,46.908792,46.908792,46.908792,46.908792,46.908792,46.908789,46.908733,46.908603,46.908403,46.908098,46.907634,46.906813,46.905681,46.904185,46.902102,46.899296,46.895889,46.891882,46.886521,46.880761,46.873462,46.865485,46.857000,46.845150,46.827856,46.796979,46.744764,46.663948,46.547191,46.386012,46.164916,45.870557,45.481829,44.978911,44.336314,43.530382,42.535169,41.327212,39.886824,38.198634,36.258409,34.067495,31.645713,29.020522,26.237857,23.357155,20.448737,17.598333,14.894086,12.422217,10.269101,8.514367,7.219477,6.424026,6.152588,6.402268,7.145940,8.338132,9.913349,11.794055,13.894110,16.126703,18.408525,20.664475,22.832550,24.865904,26.732937,28.418252,29.920505,31.250119,32.426255,33.473601,34.419372,35.289936
1.535678,46.908792,46.908792,46.908792,46.908792,46.908792,46.908792,46.908792,46.908792,46.908792,46.908792,46.908792,46.908792,46.908792,46.908792,46.908792,46.908792,46.908792,46.908792,46.908792,46.908792,46.908792,46.908792,46.908792,46.908792,46.908792,46.908792,46.908792,46.908792,46.908792,46.908792,46.908792,46.908792,46.908792,46.908792,46.908792,46.908792,46.908792,46.908792,46.908792,46.908792,46.908792,46.908792,46.908792,46.908792,46.908792,46.908792,46.908792,46.908792,46.908792,46.908792,46.908792,46.908792,46.908792,46.908792,46.908792,46.908792,46.908792,46.908792,46.908792,46.908792,46.908792,46.908792,46.908792,46.908792,46.908792,46.908792,46.908792,46.908792,46.908792,46.908792,46.908792,46.908792,46.908792,46.908792,46.908792,46.908792,46.908792,46.908792,46.908792,46.908792,46.908792,46.908792,46.908792,46.908792,46.908792,46.908792,46.908792,46.908792,46.908792,46.908792,46.908792,46.908792,46.908792,46.908792,46.908792,46.908792,46.908792,46.908792,46.908792,46.908792,46.908792,46.908792,46.908792,46.908792,46.908792,46.908792,46.908792,46.908792,46.908792,46.908792,46.908792,46.908792,46.908792,46.908792,46.908792,46.908792,46.908792,46.908792,46.908792,46.908792,46.908792,46.908792,46.908792,46.908792,46.908792,46.908792,46.908792,46.908792,46.908792,46.908792,46.908792,46.908792,46.908762,46.908655,46.908494,46.908245,46.907842,46.907303,46.906446,46.905243,46.903468,46.901372,46.898507,46.895306,46.891205,46.886288,46.880330,46.874172,46.866609,46.857780,46.841765,46.813270,46.763409,46.685541,46.571818,46.412719,46.194254,45.902225,45.515764,45.014862,44.373817,43.568805,42.573765,41.365365,39.923054,38.233134,36.287753,34.093008,31.662173,29.029649,26.235773,23.343602,20.426000,17.562053,14.840045,12.355710,10.188550,8.422108,7.112578,6.307972,6.029240,6.271729,7.012130,8.202923,9.778630,11.661150,13.764725,16.000894,18.286762,20.546262,22.717577,24.752548,26.620236,28.304904,29.805349,31.132097,32.304740,33.348313,34.290267,35.157611
1.546231,46.908792,46.908792,46.908792,46.908792,46.908792,46.908792,46.908792,46.908792,46.908792,46.908792,46.908792,46.908792,46.908792,46.908792,46.908792,46.908792,46.908792,46.908792,46.908792,46.908792,46.908792,46.908792,46.908792,46.908792,46.908792,46.908792,46.908792,46.908792,46.908792,46.908792,46.908792,46.908792,46.908792,46.908792,46.908792,46.908792,46.908792,46.908792,46.908792,46.908792,46.908792,46.908792,46.908792,46.908792,46.908792,46.908792,46.908792,46.908792,46.908792,46.908792,46.908792,46.908792,46.908792,46.908792,46.908792,46.908792,46.908792,46.908792,46.908792,46.908792,46.908792,46.908792,46.908792,46.908792,46.908792,46.908792,46.908792,46.908792,46.908792,46.908792,46.908792,46.908792,46.908792,46.908792,46.908792,46.908792,46.908792,46.908792,46.908792,46.908792,46.908792,46.908792,46.908792,46.908792,46.908792,46.908792,46.908792,46.908792,46.908792,46.908792,46.908792,46.908792,46.908792,46.908792,46.908792,46.908792,46.908792,46.908792,46.908792,46.908792,46.908792,46.908792,46.908792,46.908792,46.908792,46.908792,46.908792,46.908792,46.908792,46.908792,46.908792,46.908792,46.908792,46.908792,46.908792,46.908792,46.908792,46.908792,46.908792,46.908792,46.908792,46.908792,46.908792,46.908792,46.908792,46.908792,46.908792,46.908792,46.908792,46.908792,46.908792,46.908792,46.908779,46.908707,46.908573,46.908377,46.908042,46.907615,46.906923,46.905987,46.904768,46.903014,46.900680,46.897934,46.894627,46.890687,46.886307,46.880823,46.875268,46.867463,46.854397,46.828014,46.779780,46.704090,46.592104,46.435346,46.220454,45.929720,45.546211,45.046445,44.407808,43.603723,42.609128,41.400641,39.957578,38.265558,36.316961,34.117426,31.681575,29.039128,26.238577,23.335748,20.402786,17.525421,14.792834,12.290472,10.112117,8.328598,7.007751,6.193112,5.903310,6.140252,6.875868,8.063763,9.639271,11.523219,13.629116,15.869211,18.158615,20.421718,22.595883,24.633095,26.501541,28.185760,29.684442,31.008438,32.177700,33.217450,34.155644,35.019623
1.556784,46.908792,46.908792,46.908792,46.908792,46.908792,46.908792,46.908792,46.908792,46.908792,46.908792,46.908792,46.908792,46.908792,46.908792,46.908792,46.908792,46.908792,46.908792,46.908792,46.908792,46.908792,46.908792,46.908792,46.908792,46.908792,46.908792,46.908792,46.908792,46.908792,46.908792,46.908792,46.908792,46.908792,46.908792,46.908792,46.908792,46.908792,46.908792,46.908792,46.908792,46.908792,46.908792,46.908792,46.908792,46.908792,46.908792,46.908792,46.908792,46.908792,46.908792,46.908792,46.908792,46.908792,46.908792,46.908792,46.908792,46.908792,46.908792,46.908792,46.908792,46.908792,46.908792,46.908792,46.908792,46.908792,46.908792,46.908792,46.908792,46.908792,46.908792,46.908792,46.908792,46.908792,46.908792,46.908792,46.908792,46.908792,46.908792,46.908792,46.908792,46.908792,46.908792,46.908792,46.908792,46.908792,46.908792,46.908792,46.908792,46.908792,46.908792,46.908792,46.908792,46.908792,46.908792,46.908792,46.908792,46.908792,46.908792,46.908792,46.908792,46.908792,46.908792,46.908792,46.908792,46.908792,46.908792,46.908792,46.908792,46.908792,46.908792,46.908792,46.908792,46.908792,46.908792,46.908792,46.908792,46.908792,46.908792,46.908792,46.908792,46.908792,46.908792,46.908792,46.908792,46.908792,46.908792,46.908792,46.908792,46.908792,46.908792,46.908792,46.908792,46.908792,46.908749,46.908633,46.908470,46.908229,46.907844,46.907369,46.906613,46.905612,46.904270,46.902595,46.900392,46.897614,46.894635,46.890804,46.886830,46.882142,46.875855,46.864515,46.839597,46.793996,46.719512,46.610513,46.455508,46.242929,45.954488,45.572646,45.075453,44.437888,43.635362,42.642288,41.434057,39.990683,38.296788,36.346472,34.142021,31.701545,29.052346,26.243154,23.330121,20.385423,17.496507,14.746265,12.230745,10.035743,8.240796,6.906163,6.076884,5.777889,6.006923,6.736888,7.921325,9.495605,11.380051,13.488171,15.731025,18.024233,20.290884,22.468039,24.507239,26.376660,28.060459,29.557569,30.879058,32.044836,33.080878,34.015422,34.875997
1.567337,46.908792,46.908792,46.908792,46.908792,46.908792,46.908792,46.908792,46.908792,46.908792,46.908792,46.908792,46.908792,46.908792,46.908792,46.908792,46.908792,46.908792,46.908792,46.908792,46.908792,46.908792,46.908792,46.908792,46.908792,46.908792,46.908792,46.908792,46.908792,46.908792,46.908792,46.908792,46.908792,46.908792,46.908792,46.908792,46.908792,46.908792,46.908792,46.908792,46.908792,46.908792,46.908792,46.908792,46.908792,46.908792,46.908792,46.908792,46.908792,46.908792,46.908792,46.908792,46.908792,46.908792,46.908792,46.908792,46.908792,46.908792,46.908792,46.908792,46.908792,46.908792,46.908792,46.908792,46.908792,46.908792,46.908792,46.908792,46.908792,46.908792,46.908792,46.908792,46.908792,46.908792,46.908792,46.908792,46.908792,46.908792,46.908792,46.908792,46.908792,46.908792,46.908792,46.908792,46.908792,46.908792,46.908792,46.908792,46.908792,46.908792,46.908792,46.908792,46.908792,46.908792,46.908792,46.908792,46.908792,46.908792,46.908792,46.908792,46.908792,46.908792,46.908792,46.908792,46.908792,46.908792,46.908792,46.908792,46.908792,46.908792,46.908792,46.908792,46.908792,46.908792,46.908792,46.908792,46.908792,46.908792,46.908792,46.908792,46.908792,46.908792,46.908792,46.908792,46.908792,46.908792,46.908792,46.908792,46.908792,46.908792,46.908792,46.908792,46.908792,46.908792,46.908771,46.908695,46.908557,46.908379,46.908065,46.907668,46.907097,46.906381,46.905365,46.904044,46.902222,46.900212,46.897577,46.894655,46.891337,46.887806,46.882780,46.872606,46.849599,46.805248,46.733411,46.625606,46.473454,46.262167,45.976907,45.596694,45.101502,44.465597,43.664878,42.673454,41.466198,40.022806,38.328481,36.375936,34.168885,31.723936,29.069772,26.250680,23.329213,20.373112,17.471058,14.706463,12.177566,9.966899,8.153194,6.804259,5.963275,5.654001,5.871947,6.595843,7.776063,9.347644,11.231963,13.341454,15.587251,17.883405,20.153777,22.333718,24.375138,26.245426,27.929020,29.424722,30.743696,31.906288,32.938629,33.869403,34.726882
1.577889,46.908792,46.908792,46.908792,46.908792,46.908792,46.908792,46.908792,46.908792,46.908792,46.908792,46.908792,46.908792,46.908792,46.908792,46.908792,46.908792,46.908792,46.908792,46.908792,46.908792,46.908792,46.908792,46.908792,46.908792,46.908792,46.908792,46.908792,46.908792,46.908792,46.908792,46.908792,46.908792,46.908792,46.908792,46.908792,46.908792,46.908792,46.908792,46.908792,46.908792,46.908792,46.908792,46.908792,46.908792,46.908792,46.908792,46.908792,46.908792,46.908792,46.908792,46.908792,46.908792,46.908792,46.908792,46.908792,46.908792,46.908792,46.908792,46.908792,46.908792,46.908792,46.908792,46.908792,46.908792,46.908792,46.908792,46.908792,46.908792,46.908792,46.908792,46.908792,46.908792,46.908792,46.908792,46.908792,46.908792,46.908792,46.908792,46.908792,46.908792,46.908792,46.908792,46.908792,46.908792,46.908792,46.908792,46.908792,46.908792,46.908792,46.908792,46.908792,46.908792,46.908792,46.908792,46.908792,46.908792,46.908792,46.908792,46.908792,46.908792,46.908792,46.908792,46.908792,46.908792,46.908792,46.908792,46.908792,46.908792,46.908792,46.908792,46.908792,46.908792,46.908792,46.908792,46.908792,46.908792,46.908792,46.908792,46.908792,46.908792,46.908792,46.908792,46.908792,46.908792,46.908792,46.908792,46.908792,46.908792,46.908792,46.908792,46.908792,46.908792,46.908792,46.908792,46.908737,46.908637,46.908479,46.908267,46.907932,46.907475,46.906893,46.906114,46.905076,46.903832,46.902105,46.900236,46.897931,46.895319,46.892255,46.888665,46.879642,46.858213,46.815093,46.744536,46.639413,46.488775,46.279544,45.996023,45.618888,45.124904,44.491899,43.693071,42.703128,41.497128,40.054838,38.360691,36.407495,34.198516,31.748996,29.090177,26.264044,23.333437,20.367791,17.449686,14.674153,12.126191,9.901280,8.071461,6.707094,5.853368,5.529040,5.737483,6.453274,7.627737,9.196032,11.079380,13.189679,15.437342,17.736623,20.009734,22.192752,24.236070,26.107645,27.791204,29.285633,30.602270,31.761742,32.790631,33.717948,34.572493
1.588442,46.908792,46.908792,46.908792,46.908792,46.908792,46.908792,46.908792,46.908792,46.908792,46.908792,46.908792,46.908792,46.908792,46.908792,46.908792,46.908792,46.908792,46.908792,46.908792,46.908792,46.908792,46.908792,46.908792,46.908792,46.908792,46.908792,46.908792,46.908792,46.908792,46.908792,46.908792,46.908792,46.908792,46.908792,46.908792,46.908792,46.908792,46.908792,46.908792,46.908792,46.908792,46.908792,46.908792,46.908792,46.908792,46.908792,46.908792,46.908792,46.908792,46.908792,46.908792,46.908792,46.908792,46.908792,46.908792,46.908792,46.908792,46.908792,46.908792,46.908792,46.908792,46.908792,46.908792,46.908792,46.908792,46.908792,46.908792,46.908792,46.908792,46.908792,46.908792,46.908792,46.908792,46.908792,46.908792,46.908792,46.908792,46.908792,46.908792,46.908792,46.908792,46.908792,46.908792,46.908792,46.908792,46.908792,46.908792,46.908792,46.908792,46.908792,46.908792,46.908792,46.908792,46.908792,46.908792,46.908792,46.908792,46.908792,46.908792,46.908792,46.908792,46.908792,46.908792,46.908792,46.908792,46.908792,46.908792,46.908792,46.908792,46.908792,46.908792,46.908792,46.908792,46.908792,46.908792,46.908792,46.908792,46.908792,46.908792,46.908792,46.908792,46.908792,46.908792,46.908792,46.908792,46.908792,46.908792,46.908792,46.908792,46.908792,46.908792,46.908792,46.908792,46.908792,46.908782,46.908698,46.908578,46.908400,46.908144,46.907803,46.907347,46.906735,46.906020,46.904952,46.903758,46.902160,46.900466,46.898305,46.896114,46.893022,46.885691,46.864989,46.823788,46.754799,46.650730,46.502355,46.295348,46.013556,45.638204,45.147439,44.516470,43.719463,42.731916,41.527930,40.087300,38.394075,36.440926,34.230472,31.778931,29.114311,26.283392,23.341987,20.366865,17.437851,14.644370,12.084446,9.839227,7.996403,6.615668,5.743387,5.406687,5.604392,6.308844,7.477127,9.040907,10.922279,13.032458,15.281690,17.583125,19.859324,22.044743,24.090392,25.963085,27.646824,29.140254,30.454837,31.611461,32.637015,33.561189,34.412915
1.598995,46.908792,46.908792,46.908792,46.908792,46.908792,46.908792,46.908792,46.908792,46.908792,46.908792,46.908792,46.908792,46.908792,46.908792,46.908792,46.908792,46.908792,46.908792,46.908792,46.908792,46.908792,46.908792,46.908792,46.908792,46.908792,46.908792,46.908792,46.908792,46.908792,46.908792,46.908792,46.908792,46.908792,46.908792,46.908792,46.908792,46.908792,46.908792,46.908792,46.908792,46.908792,46.908792,46.908792,46.908792,46.908792,46.908792,46.908792,46.908792,46.908792,46.908792,46.908792,46.908792,46.908792,46.908792,46.908792,46.908792,46.908792,46.908792,46.908792,46.908792,46.908792,46.908792,46.908792,46.908792,46.908792,46.908792,46.908792,46.908792,46.908792,46.908792,46.908792,46.908792,46.908792,46.908792,46.908792,46.908792,46.908792,46.908792,46.908792,46.908792,46.908792,46.908792,46.908792,46.908792,46.908792,46.908792,46.908792,46.908792,46.908792,46.908792,46.908792,46.908792,46.908792,46.908792,46.908792,46.908792,46.908792,46.908792,46.908792,46.908792,46.908792,46.908792,46.908792,46.908792,46.908792,46.908792,46.908792,46.908792,46.908792,46.908792,46.908792,46.908792,46.908792,46.908792,46.908792,46.908792,46.908792,46.908792,46.908792,46.908792,46.908792,46.908792,46.908792,46.908792,46.908792,46.908792,46.908792,46.908792,46.908792,46.908792,46.908792,46.908792,46.908792,46.908792,46.908789,46.908755,46.908653,46.908523,46.908329,46.908068,46.907699,46.907216,46.906633,46.905898,46.904943,46.903827,46.902382,46.900891,46.899023,46.896853,46.890162,46.871077,46.830631,46.763398,46.661019,46.514100,46.309017,46.029911,45.656871,45.167857,44.539420,43.745999,42.760731,41.558967,40.120941,38.429098,36.476884,34.266075,31.812016,29.144596,26.306260,23.358926,20.370962,17.430913,14.623120,12.047202,9.787032,7.923071,6.525121,5.639691,5.286145,5.470868,6.165373,7.323963,8.883015,10.760703,12.870085,15.120031,17.423364,19.702045,21.890149,23.937772,25.811957,27.495941,28.988675,30.301518,31.455626,32.478327,33.399493,34.248858
1.609548,46.908792,46.908792,46.908792,46.908792,46.908792,46.908792,46.908792,46.908792,46.908792,46.908792,46.908792,46.908792,46.908792,46.908792,46.908792,46.908792,46.908792,46.908792,46.908792,46.908792,46.908792,46.908792,46.908792,46.908792,46.908792,46.908792,46.908792,46.908792,46.908792,46.908792,46.908792,46.908792,46.908792,46.908792,46.908792,46.908792,46.908792,46.908792,46.908792,46.908792,46.908792,46.908792,46.908792,46.908792,46.908792,46.908792,46.908792,46.908792,46.908792,46.908792,46.908792,46.908792,46.908792,46.908792,46.908792,46.908792,46.908792,46.908792,46.908792,46.908792,46.908792,46.908792,46.908792,46.908792,46.908792,46.908792,46.908792,46.908792,46.908792,46.908792,46.908792,46.908792,46.908792,46.908792,46.908792,46.908792,46.908792,46.908792,46.908792,46.908792,46.908792,46.908792,46.908792,46.908792,46.908792,46.908792,46.908792,46.908792,46.908792,46.908792,46.908792,46.908792,46.908792,46.908792,46.908792,46.908792,46.908792,46.908792,46.908792,46.908792,46.908792,46.908792,46.908792,46.908792,46.908792,46.908792,46.908792,46.908792,46.908792,46.908792,46.908792,46.908792,46.908792,46.908792,46.908792,46.908792,46.908792,46.908792,46.908792,46.908792,46.908792,46.908792,46.908792,46.908792,46.908792,46.908792,46.908792,46.908792,46.908792,46.908792,46.908792,46.908792,46.908792,46.908792,46.908792,46.908782,46.908725,46.908612,46.908474,46.908286,46.907997,46.907610,46.907174,46.906624,46.905909,46.905044,46.903984,46.902767,46.901481,46.899668,46.894214,46.875822,46.836957,46.770663,46.670506,46.525013,46.321801,46.044308,45.673632,45.188193,44.562125,43.771800,42.789067,41.591496,40.155729,38.466066,36.515214,34.304865,31.849890,29.178767,26.336650,23.379956,20.383435,17.431042,14.610669,12.014719,9.737222,7.859071,6.442680,5.535884,5.169261,5.336729,6.019411,7.170161,8.721250,10.595134,12.702697,14.952559,17.257469,19.538305,21.728702,23.778593,25.654121,27.338786,28.831091,30.142644,31.294801,32.315011,33.233788,34.081058
1.620101,46.908792,46.908792,46.908792,46.908792,46.908792,46.908792,46.908792,46.908792,46.908792,46.908792,46.908792,46.908792,46.908792,46.908792,46.908792,46.908792,46.908792,46.908792,46.908792,46.908792,46.908792,46.908792,46.908792,46.908792,46.908792,46.908792,46.908792,46.908792,46.908792,46.908792,46.908792,46.908792,46.908792,46.908792,46.908792,46.908792,46.908792,46.908792,46.908792,46.908792,46.908792,46.908792,46.908792,46.908792,46.908792,46.908792,46.908792,46.908792,46.908792,46.908792,46.908792,46.908792,46.908792,46.908792,46.908792,46.908792,46.908792,46.908792,46.908792,46.908792,46.908792,46.908792,46.908792,46.908792,46.908792,46.908792,46.908792,46.908792,46.908792,46.908792,46.908792,46.908792,46.908792,46.908792,46.908792,46.908792,46.908792,46.908792,46.908792,46.908792,46.908792,46.908792,46.908792,46.908792,46.908792,46.908792,46.908792,46.908792,46.908792,46.908792,46.908792,46.908792,46.908792,46.908792,46.908792,46.908792,46.908792,46.908792,46.908792,46.908792,46.908792,46.908792,46.908792,46.908792,46.908792,46.908792,46.908792,46.908792,46.908792,46.908792,46.908792,46.908792,46.908792,46.908792,46.908792,46.908792,46.908792,46.908792,46.908792,46.908792,46.908792,46.908792,46.908792,46.908792,46.908792,46.908792,46.908792,46.908792,46.908792,46.908792,46.908792,46.908792,46.908792,46.908792,46.908792,46.908792,46.908776,46.908692,46.908582,46.908428,46.908223,46.907954,46.907577,46.907139,46.906644,46.906043,46.905307,46.904332,46.903341,46.901987,46.897122,46.880135,46.842261,46.777592,46.678408,46.535221,46.333552,46.058599,45.689972,45.207307,44.584384,43.797616,42.818434,41.623999,40.191797,38.505886,36.556821,34.347161,31.891780,29.218622,26.371432,23.409619,20.403977,17.436655,14.601701,11.991174,9.695754,7.798703,6.362950,5.437198,5.053041,5.204609,5.873841,7.013897,8.557514,10.425542,12.530416,14.779502,17.085203,19.367868,21.560850,23.612835,25.490215,27.175729,28.668162,29.978976,31.129688,32.148116,33.064944,33.910669
1.630653,46.908792,46.908792,46.908792,46.908792,46.908792,46.908792,46.908792,46.908792,46.908792,46.908792,46.908792,46.908792,46.908792,46.908792,46.908792,46.908792,46.908792,46.908792,46.908792,46.908792,46.908792,46.908792,46.908792,46.908792,46.908792,46.908792,46.908792,46.908792,46.908792,46.908792,46.908792,46.908792,46.908792,46.908792,46.908792,46.908792,46.908792,46.908792,46.908792,46.908792,46.908792,46.908792,46.908792,46.908792,46.908792,46.908792,46.908792,46.908792,46.908792,46.908792,46.908792,46.908792,46.908792,46.908792,46.908792,46.908792,46.908792,46.908792,46.908792,46.908792,46.908792,46.908792,46.908792,46.908792,46.908792,46.908792,46.908792,46.908792,46.908792,46.908792,46.908792,46.908792,46.908792,46.908792,46.908792,46.908792,46.908792,46.908792,46.908792,46.908792,46.908792,46.908792,46.908792,46.908792,46.908792,46.908792,46.908792,46.908792,46.908792,46.908792,46.908792,46.908792,46.908792,46.908792,46.908792,46.908792,46.908792,46.908792,46.908792,46.908792,46.908792,46.908792,46.908792,46.908792,46.908792,46.908792,46.908792,46.908792,46.908792,46.908792,46.908792,46.908792,46.908792,46.908792,46.908792,46.908792,46.908792,46.908792,46.908792,46.908792,46.908792,46.908792,46.908792,46.908792,46.908792,46.908792,46.908792,46.908792,46.908792,46.908792,46.908792,46.908792,46.908792,46.908792,46.908792,46.908792,46.908788,46.908758,46.908668,46.908551,46.908401,46.908218,46.907927,46.907601,46.907178,46.906727,46.906157,46.905569,46.904766,46.903872,46.899634,46.883463,46.846910,46.783299,46.686042,46.544220,46.344414,46.071371,45.706048,45.225899,44.607005,43.822872,42.849352,41.658301,40.230740,38.547262,36.601622,34.393478,31.938450,29.263725,26.413354,23.443671,20.429886,17.452432,14.601430,11.974389,9.662555,7.741471,6.287763,5.342082,4.939083,5.073451,5.729145,6.855020,8.389681,10.252016,12.353054,14.601085,16.907208,19.191599,21.386791,23.441194,25.320695,27.007640,28.500680,29.811276,30.961141,31.978269,32.893761,33.738365
1.641206,46.908792,46.908792,46.908792,46.908792,46.908792,46.908792,46.908792,46.908792,46.908792,46.908792,46.908792,46.908792,46.908792,46.908792,46.908792,46.908792,46.908792,46.908792,46.908792,46.908792,46.908792,46.908792,46.908792,46.908792,46.908792,46.908792,46.908792,46.908792,46.908792,46.908792,46.908792,46.908792,46.908792,46.908792,46.908792,46.908792,46.908792,46.908792,46.908792,46.908792,46.908792,46.908792,46.908792,46.908792,46.908792,46.908792,46.908792,46.908792,46.908792,46.908792,46.908792,46.908792,46.908792,46.908792,46.908792,46.908792,46.908792,46.908792,46.908792,46.908792,46.908792,46.908792,46.908792,46.908792,46.908792,46.908792,46.908792,46.908792,46.908792,46.908792,46.908792,46.908792,46.908792,46.908792,46.908792,46.908792,46.908792,46.908792,46.908792,46.908792,46.908792,46.908792,46.908792,46.908792,46.908792,46.908792,46.908792,46.908792,46.908792,46.908792,46.908792,46.908792,46.908792,46.908792,46.908792,46.908792,46.908792,46.908792,46.908792,46.908792,46.908792,46.908792,46.908792,46.908792,46.908792,46.908792,46.908792,46.908792,46.908792,46.908792,46.908792,46.908792,46.908792,46.908792,46.908792,46.908792,46.908792,46.908792,46.908792,46.908792,46.908792,46.908792,46.908792,46.908792,46.908792,46.908792,46.908792,46.908792,46.908792,46.908792,46.908792,46.908792,46.908792,46.908792,46.908792,46.908792,46.908792,46.908792,46.908738,46.908656,46.908536,46.908390,46.908218,46.907947,46.907648,46.907284,46.906847,46.906376,46.905888,46.905182,46.901788,46.886503,46.851044,46.788850,46.692833,46.552252,46.355051,46.083924,45.720825,45.243713,44.628460,43.850001,42.879545,41.694768,40.271055,38.591704,36.649252,34.444503,31.990046,29.314411,26.459973,23.485862,20.461223,17.472007,14.610020,11.966289,9.631161,7.691713,6.217128,5.252528,4.825715,4.943464,5.583157,6.695602,8.220753,10.075577,12.171990,14.417755,16.724074,19.009884,21.207449,23.264758,25.146629,26.835733,28.329966,29.640974,30.790460,31.806895,32.721578,33.565566
1.651759,46.908792,46.908792,46.908792,46.908792,46.908792,46.908792,46.908792,46.908792,46.908792,46.908792,46.908792,46.908792,46.908792,46.908792,46.908792,46.908792,46.908792,46.908792,46.908792,46.908792,46.908792,46.908792,46.908792,46.908792,46.908792,46.908792,46.908792,46.908792,46.908792,46.908792,46.908792,46.908792,46.908792,46.908792,46.908792,46.908792,46.908792,46.908792,46.908792,46.908792,46.908792,46.908792,46.908792,46.908792,46.908792,46.908792,46.908792,46.908792,46.908792,46.908792,46.908792,46.908792,46.908792,46.908792,46.908792,46.908792,46.908792,46.908792,46.908792,46.908792,46.908792,46.908792,46.908792,46.908792,46.908792,46.908792,46.908792,46.908792,46.908792,46.908792,46.908792,46.908792,46.908792,46.908792,46.908792,46.908792,46.908792,46.908792,46.908792,46.908792,46.908792,46.908792,46.908792,46.908792,46.908792,46.908792,46.908792,46.908792,46.908792,46.908792,46.908792,46.908792,46.908792,46.908792,46.908792,46.908792,46.908792,46.908792,46.908792,46.908792,46.908792,46.908792,46.908792,46.908792,46.908792,46.908792,46.908792,46.908792,46.908792,46.908792,46.908792,46.908792,46.908792,46.908792,46.908792,46.908792,46.908792,46.908792,46.908792,46.908792,46.908792,46.908792,46.908792,46.908792,46.908792,46.908792,46.908792,46.908792,46.908792,46.908792,46.908792,46.908792,46.908792,46.908792,46.908792,46.908792,46.908792,46.908792,46.908782,46.908736,46.908648,46.908538,46.908395,46.908239,46.907995,46.907730,46.907396,46.907056,46.906645,46.906216,46.903244,46.889256,46.854743,46.793524,46.699054,46.560082,46.364515,46.096407,45.735795,45.262690,44.650922,43.876994,42.911386,41.731829,40.312566,38.639736,36.700663,34.498730,32.046262,29.370323,26.513730,23.533608,20.500541,17.501430,14.621799,11.962809,9.608153,7.650058,6.149033,5.164920,4.716935,4.815182,5.437693,6.536753,8.048676,9.896154,11.987104,14.230857,16.536810,18.824183,21.024298,23.084721,24.969596,26.661263,28.157498,29.469664,30.619689,31.635974,32.550308,33.394270
1.662312,46.908792,46.908792,46.908792,46.908792,46.908792,46.908792,46.908792,46.908792,46.908792,46.908792,46.908792,46.908792,46.908792,46.908792,46.908792,46.908792,46.908792,46.908792,46.908792,46.908792,46.908792,46.908792,46.908792,46.908792,46.908792,46.908792,46.908792,46.908792,46.908792,46.908792,46.908792,46.908792,46.908792,46.908792,46.908792,46.908792,46.908792,46.908792,46.908792,46.908792,46.908792,46.908792,46.908792,46.908792,46.908792,46.908792,46.908792,46.908792,46.908792,46.908792,46.908792,46.908792,46.908792,46.908792,46.908792,46.908792,46.908792,46.908792,46.908792,46.908792,46.908792,46.908792,46.908792,46.908792,46.908792,46.908792,46.908792,46.908792,46.908792,46.908792,46.908792,46.908792,46.908792,46.908792,46.908792,46.908792,46.908792,46.908792,46.908792,46.908792,46.908792,46.908792,46.908792,46.908792,46.908792,46.908792,46.908792,46.908792,46.908792,46.908792,46.908792,46.908792,46.908792,46.908792,46.908792,46.908792,46.908792,46.908792,46.908792,46.908792,46.908792,46.908792,46.908792,46.908792,46.908792,46.908792,46.908792,46.908792,46.908792,46.908792,46.908792,46.908792,46.908792,46.908792,46.908792,46.908792,46.908792,46.908792,46.908792,46.908792,46.908792,46.908792,46.908792,46.908792,46.908792,46.908792,46.908792,46.908792,46.908792,46.908792,46.908792,46.908792,46.908792,46.908792,46.908792,46.908792,46.908792,46.908792,46.908792,46.908781,46.908730,46.908645,46.908546,46.908416,46.908276,46.908069,46.907843,46.907560,46.907262,46.906926,46.904591,46.891310,46.857939,46.798181,46.704537,46.567774,46.373827,46.108196,45.750581,45.280666,44.674467,43.903806,42.945115,41.769492,40.356862,38.689721,36.755492,34.557938,32.107182,29.431710,26.572587,23.587243,20.546991,17.536604,14.644397,11.964052,9.593944,7.609768,6.090916,5.079436,4.613672,4.691154,5.292154,6.377229,7.876754,9.714714,11.800851,14.041311,16.347142,18.636019,20.839079,22.902617,24.791249,26.486054,27.985013,29.299154,30.450428,31.467469,32.382176,33.226480
1.672864,46.908792,46.908792,46.908792,46.908792,46.908792,46.908792,46.908792,46.908792,46.908792,46.908792,46.908792,46.908792,46.908792,46.908792,46.908792,46.908792,46.908792,46.908792,46.908792,46.908792,46.908792,46.908792,46.908792,46.908792,46.908792,46.908792,46.908792,46.908792,46.908792,46.908792,46.908792,46.908792,46.908792,46.908792,46.908792,46.908792,46.908792,46.908792,46.908792,46.908792,46.908792,46.908792,46.908792,46.908792,46.908792,46.908792,46.908792,46.908792,46.908792,46.908792,46.908792,46.908792,46.908792,46.908792,46.908792,46.908792,46.908792,46.908792,46.908792,46.908792,46.908792,46.908792,46.908792,46.908792,46.908792,46.908792,46.908792,46.908792,46.908792,46.908792,46.908792,46.908792,46.908792,46.908792,46.908792,46.908792,46.908792,46.908792,46.908792,46.908792,46.908792,46.908792,46.908792,46.908792,46.908792,46.908792,46.908792,46.908792,46.908792,46.908792,46.908792,46.908792,46.908792,46.908792,46.908792,46.908792,46.908792,46.908792,46.908792,46.908792,46.908792,46.908792,46.908792,46.908792,46.908792,46.908792,46.908792,46.908792,46.908792,46.908792,46.908792,46.908792,46.908792,46.908792,46.908792,46.908792,46.908792,46.908792,46.908792,46.908792,46.908792,46.908792,46.908792,46.908792,46.908792,46.908792,46.908792,46.908792,46.908792,46.908792,46.908792,46.908792,46.908792,46.908792,46.908792,46.908792,46.908792,46.908792,46.908792,46.908792,46.908792,46.908734,46.908660,46.908562,46.908456,46.908317,46.908177,46.907969,46.907757,46.907500,46.905497,46.893447,46.861055,46.802243,46.710147,46.574532,46.383249,46.119401,45.765983,45.299493,44.697065,43.933009,42.978325,41.810651,40.404272,38.742240,36.813497,34.619907,32.173156,29.498368,26.637964,23.648074,20.600352,17.579171,14.672856,11.977227,9.582838,7.581468,6.034652,5.004393,4.511295,4.569537,5.151219,6.220028,7.706266,9.535100,11.614262,13.851496,16.156783,18.447250,20.653152,22.720921,24.613622,26.312430,27.814627,29.131681,30.285004,31.303494,32.219382,33.064781
1.683417,46.908792,46.908792,46.908792,46.908792,46.908792,46.908792,46.908792,46.908792,46.908792,46.908792,46.908792,46.908792,46.908792,46.908792,46.908792,46.908792,46.908792,46.908792,46.908792,46.908792,46.908792,46.908792,46.908792,46.908792,46.908792,46.908792,46.908792,46.908792,46.908792,46.908792,46.908792,46.908792,46.908792,46.908792,46.908792,46.908792,46.908792,46.908792,46.908792,46.908792,46.908792,46.908792,46.908792,46.908792,46.908792,46.908792,46.908792,46.908792,46.908792,46.908792,46.908792,46.908792,46.908792,46.908792,46.908792,46.908792,46.908792,46.908792,46.908792,46.908792,46.908792,46.908792,46.908792,46.908792,46.908792,46.908792,46.908792,46.908792,46.908792,46.908792,46.908792,46.908792,46.908792,46.908792,46.908792,46.908792,46.908792,46.908792,46.908792,46.908792,46.908792,46.908792,46.908792,46.908792,46.908792,46.908792,46.908792,46.908792,46.908792,46.908792,46.908792,46.908792,46.908792,46.908792,46.908792,46.908792,46.908792,46.908792,46.908792,46.908792,46.908792,46.908792,46.908792,46.908792,46.908792,46.908792,46.908792,46.908792,46.908792,46.908792,46.908792,46.908792,46.908792,46.908792,46.908792,46.908792,46.908792,46.908792,46.908792,46.908792,46.908792,46.908792,46.908792,46.908792,46.908792,46.908792,46.908792,46.908792,46.908792,46.908792,46.908792,46.908792,46.908792,46.908792,46.908792,46.908792,46.908792,46.908792,46.908792,46.908792,46.908792,46.908792,46.908743,46.908679,46.908592,46.908495,46.908385,46.908269,46.908114,46.907950,46.906377,46.895043,46.864073,46.806387,46.715162,46.581497,46.391760,46.131440,45.780538,45.319192,44.720915,43.961531,43.014643,41.852512,40.452852,38.796425,36.875578,34.686200,32.242778,29.570073,26.708885,23.716121,20.661929,17.627919,14.707486,11.996586,9.582389,7.558965,5.988539,4.931934,4.417603,4.453680,5.016934,6.065497,7.540176,9.356925,11.429890,13.663459,15.968051,18.260118,20.469542,22.541515,24.438843,26.142500,27.649301,28.969835,30.126039,31.146941,32.064760,32.911861
1.693970,46.908792,46.908792,46.908792,46.908792,46.908792,46.908792,46.908792,46.908792,46.908792,46.908792,46.908792,46.908792,46.908792,46.908792,46.908792,46.908792,46.908792,46.908792,46.908792,46.908792,46.908792,46.908792,46.908792,46.908792,46.908792,46.908792,46.908792,46.908792,46.908792,46.908792,46.908792,46.908792,46.908792,46.908792,46.908792,46.908792,46.908792,46.908792,46.908792,46.908792,46.908792,46.908792,46.908792,46.908792,46.908792,46.908792,46.908792,46.908792,46.908792,46.908792,46.908792,46.908792,46.908792,46.908792,46.908792,46.908792,46.908792,46.908792,46.908792,46.908792,46.908792,46.908792,46.908792,46.908792,46.908792,46.908792,46.908792,46.908792,46.908792,46.908792,46.908792,46.908792,46.908792,46.908792,46.908792,46.908792,46.908792,46.908792,46.908792,46.908792,46.908792,46.908792,46.908792,46.908792,46.908792,46.908792,46.908792,46.908792,46.908792,46.908792,46.908792,46.908792,46.908792,46.908792,46.908792,46.908792,46.908792,46.908792,46.908792,46.908792,46.908792,46.908792,46.908792,46.908792,46.908792,46.908792,46.908792,46.908792,46.908792,46.908792,46.908792,46.908792,46.908792,46.908792,46.908792,46.908792,46.908792,46.908792,46.908792,46.908792,46.908792,46.908792,46.908792,46.908792,46.908792,46.908792,46.908792,46.908792,46.908792,46.908792,46.908792,46.908792,46.908792,46.908792,46.908792,46.908792,46.908792,46.908792,46.908792,46.908792,46.908792,46.908792,46.908792,46.908757,46.908704,46.908633,46.908549,46.908459,46.908365,46.908248,46.906956,46.896804,46.866730,46.809993,46.720201,46.588049,46.400478,46.143159,45.795767,45.338641,44.745347,43.991773,43.050358,41.896027,40.502381,38.855097,36.939082,34.757225,32.318044,29.647633,26.786425,23.790721,20.729519,17.688038,14.752859,12.023188,9.593532,7.543117,5.953872,4.872801,4.334115,4.343055,4.887627,5.919729,7.377529,9.185253,11.249864,13.480333,15.783968,18.077813,20.290607,22.367416,24.270622,25.979790,27.491501,28.816761,29.976985,31.001027,31.921410,32.770885
1.704523,46.908792,46.908792,46.908792,46.908792,46.908792,46.908792,46.908792,46.908792,46.908792,46.908792,46.908792,46.908792,46.908792,46.908792,46.908792,46.908792,46.908792,46.908792,46.908792,46.908792,46.908792,46.908792,46.908792,46.908792,46.908792,46.908792,46.908792,46.908792,46.908792,46.908792,46.908792,46.908792,46.908792,46.908792,46.908792,46.908792,46.908792,46.908792,46.908792,46.908792,46.908792,46.908792,46.908792,46.908792,46.908792,46.908792,46.908792,46.908792,46.908792,46.908792,46.908792,46.908792,46.908792,46.908792,46.908792,46.908792,46.908792,46.908792,46.908792,46.908792,46.908792,46.908792,46.908792,46.908792,46.908792,46.908792,46.908792,46.908792,46.908792,46.908792,46.908792,46.908792,46.908792,46.908792,46.908792,46.908792,46.908792,46.908792,46.908792,46.908792,46.908792,46.908792,46.908792,46.908792,46.908792,46.908792,46.908792,46.908792,46.908792,46.908792,46.908792,46.908792,46.908792,46.908792,46.908792,46.908792,46.908792,46.908792,46.908792,46.908792,46.908792,46.908792,46.908792,46.908792,46.908792,46.908792,46.908792,46.908792,46.908792,46.908792,46.908792,46.908792,46.908792,46.908792,46.908792,46.908792,46.908792,46.908792,46.908792,46.908792,46.908792,46.908792,46.908792,46.908792,46.908792,46.908792,46.908792,46.908792,46.908792,46.908792,46.908792,46.908792,46.908792,46.908792,46.908792,46.908792,46.908792,46.908792,46.908792,46.908792,46.908792,46.908792,46.908792,46.908792,46.908782,46.908732,46.908676,46.908607,46.908535,46.908462,46.907451,46.898204,46.869083,46.813755,46.725262,46.594315,46.409517,46.154884,45.811693,45.357862,44.771237,44.023754,43.088215,41.940125,40.556123,38.915428,37.006737,34.830746,32.397805,29.730830,26.870607,23.872723,20.807351,17.754746,14.809739,12.064235,9.610984,7.543325,5.925575,4.822402,4.256969,4.246948,4.766482,5.781961,7.224645,9.020991,11.078404,13.304191,15.607320,17.903240,20.120156,22.202690,24.111651,25.827136,27.345244,28.675979,29.840976,30.868960,31.792712,32.645062
1.715075,46.908792,46.908792,46.908792,46.908792,46.908792,46.908792,46.908792,46.908792,46.908792,46.908792,46.908792,46.908792,46.908792,46.908792,46.908792,46.908792,46.908792,46.908792,46.908792,46.908792,46.908792,46.908792,46.908792,46.908792,46.908792,46.908792,46.908792,46.908792,46.908792,46.908792,46.908792,46.908792,46.908792,46.908792,46.908792,46.908792,46.908792,46.908792,46.908792,46.908792,46.908792,46.908792,46.908792,46.908792,46.908792,46.908792,46.908792,46.908792,46.908792,46.908792,46.908792,46.908792,46.908792,46.908792,46.908792,46.908792,46.908792,46.908792,46.908792,46.908792,46.908792,46.908792,46.908792,46.908792,46.908792,46.908792,46.908792,46.908792,46.908792,46.908792,46.908792,46.908792,46.908792,46.908792,46.908792,46.908792,46.908792,46.908792,46.908792,46.908792,46.908792,46.908792,46.908792,46.908792,46.908792,46.908792,46.908792,46.908792,46.908792,46.908792,46.908792,46.908792,46.908792,46.908792,46.908792,46.908792,46.908792,46.908792,46.908792,46.908792,46.908792,46.908792,46.908792,46.908792,46.908792,46.908792,46.908792,46.908792,46.908792,46.908792,46.908792,46.908792,46.908792,46.908792,46.908792,46.908792,46.908792,46.908792,46.908792,46.908792,46.908792,46.908792,46.908792,46.908792,46.908792,46.908792,46.908792,46.908792,46.908792,46.908792,46.908792,46.908792,46.908792,46.908792,46.908792,46.908792,46.908792,46.908792,46.908792,46.908792,46.908792,46.908792,46.908792,46.908792,46.908791,46.908784,46.908766,46.908721,46.908670,46.908611,46.907902,46.899320,46.871524,46.817027,46.730071,46.600788,46.418041,46.166275,45.826807,45.378871,44.797060,44.055834,43.127239,41.987892,40.609881,38.978609,37.078000,34.910447,32.482086,29.820515,26.962170,23.963431,20.892908,17.834199,14.876312,12.113572,9.643737,7.552291,5.915970,4.783443,4.198271,4.160389,4.660345,5.656935,7.085131,8.867754,10.917541,13.139642,15.441997,17.740125,19.961459,22.049778,23.966171,25.688941,27.213852,28.550818,29.721411,30.754361,31.682164,32.537743
1.725628,46.908792,46.908792,46.908792,46.908792,46.908792,46.908792,46.908792,46.908792,46.908792,46.908792,46.908792,46.908792,46.908792,46.908792,46.908792,46.908792,46.908792,46.908792,46.908792,46.908792,46.908792,46.908792,46.908792,46.908792,46.908792,46.908792,46.908792,46.908792,46.908792,46.908792,46.908792,46.908792,46.908792,46.908792,46.908792,46.908792,46.908792,46.908792,46.908792,46.908792,46.908792,46.908792,46.908792,46.908792,46.908792,46.908792,46.908792,46.908792,46.908792,46.908792,46.908792,46.908792,46.908792,46.908792,46.908792,46.908792,46.908792,46.908792,46.908792,46.908792,46.908792,46.908792,46.908792,46.908792,46.908792,46.908792,46.908792,46.908792,46.908792,46.908792,46.908792,46.908792,46.908792,46.908792,46.908792,46.908792,46.908792,46.908792,46.908792,46.908792,46.908792,46.908792,46.908792,46.908792,46.908792,46.908792,46.908792,46.908792,46.908792,46.908792,46.908792,46.908792,46.908792,46.908792,46.908792,46.908792,46.908792,46.908792,46.908792,46.908792,46.908792,46.908792,46.908792,46.908792,46.908792,46.908792,46.908792,46.908792,46.908792,46.908792,46.908792,46.908792,46.908792,46.908792,46.908792,46.908792,46.908792,46.908792,46.908792,46.908792,46.908792,46.908792,46.908792,46.908792,46.908792,46.908792,46.908792,46.908792,46.908792,46.908792,46.908792,46.908792,46.908792,46.908792,46.908792,46.908792,46.908792,46.908792,46.908792,46.908792,46.908792,46.908792,46.908792,46.908792,46.908792,46.908792,46.908792,46.908782,46.908762,46.908727,46.908229,46.900438,46.873584,46.820474,46.734533,46.607628,46.427369,46.178246,45.843326,45.398994,44.822745,44.087919,43.168519,42.035179,40.668141,39.043679,37.154405,34.994198,32.572921,29.916827,27.061632,24.063524,20.990554,17.923592,14.956106,12.179311,9.693851,7.582083,5.918154,4.766370,4.152271,4.093112,4.573101,5.547068,6.960815,8.731166,10.773241,12.990478,15.292072,17.592264,19.818627,21.913193,23.837186,25.568003,27.100614,28.445252,29.622228,30.660495,31.592865,32.452398
1.736181,46.908792,46.908792,46.908792,46.908792,46.908792,46.908792,46.908792,46.908792,46.908792,46.908792,46.908792,46.908792,46.908792,46.908792,46.908792,46.908792,46.908792,46.908792,46.908792,46.908792,46.908792,46.908792,46.908792,46.908792,46.908792,46.908792,46.908792,46.908792,46.908792,46.908792,46.908792,46.908792,46.908792,46.908792,46.908792,46.908792,46.908792,46.908792,46.908792,46.908792,46.908792,46.908792,46.908792,46.908792,46.908792,46.908792,46.908792,46.908792,46.908792,46.908792,46.908792,46.908792,46.908792,46.908792,46.908792,46.908792,46.908792,46.908792,46.908792,46.908792,46.908792,46.908792,46.908792,46.908792,46.908792,46.908792,46.908792,46.908792,46.908792,46.908792,46.908792,46.908792,46.908792,46.908792,46.908792,46.908792,46.908792,46.908792,46.908792,46.908792,46.908792,46.908792,46.908792,46.908792,46.908792,46.908792,46.908792,46.908792,46.908792,46.908792,46.908792,46.908792,46.908792,46.908792,46.908792,46.908792,46.908792,46.908792,46.908792,46.908792,46.908792,46.908792,46.908792,46.908792,46.908792,46.908792,46.908792,46.908792,46.908792,46.908792,46.908792,46.908792,46.908792,46.908792,46.908792,46.908792,46.908792,46.908792,46.908792,46.908792,46.908792,46.908792,46.908792,46.908792,46.908792,46.908792,46.908792,46.908792,46.908792,46.908792,46.908792,46.908792,46.908792,46.908792,46.908792,46.908792,46.908792,46.908792,46.908792,46.908792,46.908792,46.908792,46.908792,46.908792,46.908792,46.908792,46.908792,46.908792,46.908789,46.908789,46.908468,46.901443,46.875835,46.823630,46.739106,46.614054,46.436164,46.190998,45.859054,45.420874,44.850589,44.121785,43.209122,42.086564,40.726616,39.114418,37.233861,35.081817,32.671019,30.020065,27.170743,24.173870,21.099405,18.027767,15.051030,12.263185,9.757679,7.628204,5.942385,4.767064,4.128995,4.048508,4.502697,5.460678,6.855573,8.615526,10.647713,12.861127,15.161525,17.464162,19.695091,21.796978,23.728730,25.467795,27.009253,28.362102,29.546340,30.590975,31.528401,32.391952
1.746734,46.908792,46.908792,46.908792,46.908792,46.908792,46.908792,46.908792,46.908792,46.908792,46.908792,46.908792,46.908792,46.908792,46.908792,46.908792,46.908792,46.908792,46.908792,46.908792,46.908792,46.908792,46.908792,46.908792,46.908792,46.908792,46.908792,46.908792,46.908792,46.908792,46.908792,46.908792,46.908792,46.908792,46.908792,46.908792,46.908792,46.908792,46.908792,46.908792,46.908792,46.908792,46.908792,46.908792,46.908792,46.908792,46.908792,46.908792,46.908792,46.908792,46.908792,46.908792,46.908792,46.908792,46.908792,46.908792,46.908792,46.908792,46.908792,46.908792,46.908792,46.908792,46.908792,46.908792,46.908792,46.908792,46.908792,46.908792,46.908792,46.908792,46.908792,46.908792,46.908792,46.908792,46.908792,46.908792,46.908792,46.908792,46.908792,46.908792,46.908792,46.908792,46.908792,46.908792,46.908792,46.908792,46.908792,46.908792,46.908792,46.908792,46.908792,46.908792,46.908792,46.908792,46.908792,46.908792,46.908792,46.908792,46.908792,46.908792,46.908792,46.908792,46.908792,46.908792,46.908792,46.908792,46.908792,46.908792,46.908792,46.908792,46.908792,46.908792,46.908792,46.908792,46.908792,46.908792,46.908792,46.908792,46.908792,46.908792,46.908792,46.908792,46.908792,46.908792,46.908792,46.908792,46.908792,46.908792,46.908792,46.908792,46.908792,46.908792,46.908792,46.908792,46.908792,46.908792,46.908792,46.908792,46.908792,46.908792,46.908792,46.908792,46.908792,46.908792,46.908792,46.908792,46.908792,46.908792,46.908792,46.908792,46.908792,46.908565,46.902429,46.877643,46.826569,46.743898,46.620980,46.445523,46.203637,45.875787,45.442527,44.877519,44.157454,43.253161,42.137699,40.789018,39.187383,37.316206,35.177251,32.775107,30.132426,27.288886,24.296502,21.222141,18.147521,15.161886,12.362456,9.845266,7.693670,5.991391,4.788925,4.131985,4.024065,4.460471,5.395694,6.775765,8.523007,10.546947,12.754746,15.054400,17.359172,19.595229,21.704232,23.644134,25.392649,26.943394,28.304734,29.497221,30.548729,31.491775,32.359535
1.757286,46.908792,46.908792,46.908792,46.908792,46.908792,46.908792,46.908792,46.908792,46.908792,46.908792,46.908792,46.908792,46.908792,46.908792,46.908792,46.908792,46.908792,46.908792,46.908792,46.908792,46.908792,46.908792,46.908792,46.908792,46.908792,46.908792,46.908792,46.908792,46.908792,46.908792,46.908792,46.908792,46.908792,46.908792,46.908792,46.908792,46.908792,46.908792,46.908792,46.908792,46.908792,46.908792,46.908792,46.908792,46.908792,46.908792,46.908792,46.908792,46.908792,46.908792,46.908792,46.908792,46.908792,46.908792,46.908792,46.908792,46.908792,46.908792,46.908792,46.908792,46.908792,46.908792,46.908792,46.908792,46.908792,46.908792,46.908792,46.908792,46.908792,46.908792,46.908792,46.908792,46.908792,46.908792,46.908792,46.908792,46.908792,46.908792,46.908792,46.908792,46.908792,46.908792,46.908792,46.908792,46.908792,46.908792,46.908792,46.908792,46.908792,46.908792,46.908792,46.908792,46.908792,46.908792,46.908792,46.908792,46.908792,46.908792,46.908792,46.908792,46.908792,46.908792,46.908792,46.908792,46.908792,46.908792,46.908792,46.908792,46.908792,46.908792,46.908792,46.908792,46.908792,46.908792,46.908792,46.908792,46.908792,46.908792,46.908792,46.908792,46.908792,46.908792,46.908792,46.908792,46.908792,46.908792,46.908792,46.908792,46.908792,46.908792,46.908792,46.908792,46.908792,46.908792,46.908792,46.908792,46.908792,46.908792,46.908792,46.908792,46.908792,46.908792,46.908792,46.908792,46.908792,46.908792,46.908792,46.908792,46.908792,46.908792,46.908646,46.903221,46.879414,46.829533,46.748463,46.627360,46.455372,46.216200,45.892922,45.464651,44.905828,44.192330,43.296619,42.193225,40.855243,39.263880,37.404542,35.277521,32.885384,30.253889,27.419306,24.431624,21.359286,18.283099,15.293398,12.485164,9.952020,7.787410,6.061710,4.841984,4.158054,4.031868,4.443008,5.362240,6.725576,8.457767,10.472885,12.676291,14.974191,17.281225,19.522438,21.638259,23.587696,25.345826,26.905935,28.276822,29.477534,30.536375,31.485526,32.357957
1.767839,46.908792,46.908792,46.908792,46.908792,46.908792,46.908792,46.908792,46.908792,46.908792,46.908792,46.908792,46.908792,46.908792,46.908792,46.908792,46.908792,46.908792,46.908792,46.908792,46.908792,46.908792,46.908792,46.908792,46.908792,46.908792,46.908792,46.908792,46.908792,46.908792,46.908792,46.908792,46.908792,46.908792,46.908792,46.908792,46.908792,46.908792,46.908792,46.908792,46.908792,46.908792,46.908792,46.908792,46.908792,46.908792,46.908792,46.908792,46.908792,46.908792,46.908792,46.908792,46.908792,46.908792,46.908792,46.908792,46.908792,46.908792,46.908792,46.908792,46.908792,46.908792,46.908792,46.908792,46.908792,46.908792,46.908792,46.908792,46.908792,46.908792,46.908792,46.908792,46.908792,46.908792,46.908792,46.908792,46.908792,46.908792,46.908792,46.908792,46.908792,46.908792,46.908792,46.908792,46.908792,46.908792,46.908792,46.908792,46.908792,46.908792,46.908792,46.908792,46.908792,46.908792,46.908792,46.908792,46.908792,46.908792,46.908792,46.908792,46.908792,46.908792,46.908792,46.908792,46.908792,46.908792,46.908792,46.908792,46.908792,46.908792,46.908792,46.908792,46.908792,46.908792,46.908792,46.908792,46.908792,46.908792,46.908792,46.908792,46.908792,46.908792,46.908792,46.908792,46.908792,46.908792,46.908792,46.908792,46.908792,46.908792,46.908792,46.908792,46.908792,46.908792,46.908792,46.908792,46.908792,46.908792,46.908792,46.908792,46.908792,46.908792,46.908792,46.908792,46.908792,46.908792,46.908792,46.908792,46.908792,46.908792,46.908792,46.908713,46.903876,46.881209,46.832632,46.752863,46.634337,46.464556,46.229815,45.910860,45.486704,44.935618,44.230093,43.342631,42.248339,40.923125,39.342802,37.499348,35.382761,33.006170,30.384890,27.560327,24.579346,21.512481,18.437039,15.444033,12.629134,10.085446,7.904326,6.162615,4.922754,4.219537,4.067413,4.461288,5.358013,6.706200,8.424993,10.431133,12.628294,14.924385,17.233223,19.479300,21.602387,23.560457,25.328670,26.899728,28.280162,29.490092,30.556525,31.511941,32.389186
1.778392,46.908792,46.908792,46.908792,46.908792,46.908792,46.908792,46.908792,46.908792,46.908792,46.908792,46.908792,46.908792,46.908792,46.908792,46.908792,46.908792,46.908792,46.908792,46.908792,46.908792,46.908792,46.908792,46.908792,46.908792,46.908792,46.908792,46.908792,46.908792,46.908792,46.908792,46.908792,46.908792,46.908792,46.908792,46.908792,46.908792,46.908792,46.908792,46.908792,46.908792,46.908792,46.908792,46.908792,46.908792,46.908792,46.908792,46.908792,46.908792,46.908792,46.908792,46.908792,46.908792,46.908792,46.908792,46.908792,46.908792,46.908792,46.908792,46.908792,46.908792,46.908792,46.908792,46.908792,46.908792,46.908792,46.908792,46.908792,46.908792,46.908792,46.908792,46.908792,46.908792,46.908792,46.908792,46.908792,46.908792,46.908792,46.908792,46.908792,46.908792,46.908792,46.908792,46.908792,46.908792,46.908792,46.908792,46.908792,46.908792,46.908792,46.908792,46.908792,46.908792,46.908792,46.908792,46.908792,46.908792,46.908792,46.908792,46.908792,46.908792,46.908792,46.908792,46.908792,46.908792,46.908792,46.908792,46.908792,46.908792,46.908792,46.908792,46.908792,46.908792,46.908792,46.908792,46.908792,46.908792,46.908792,46.908792,46.908792,46.908792,46.908792,46.908792,46.908792,46.908792,46.908792,46.908792,46.908792,46.908792,46.908792,46.908792,46.908792,46.908792,46.908792,46.908792,46.908792,46.908792,46.908792,46.908792,46.908792,46.908792,46.908792,46.908792,46.908792,46.908792,46.908792,46.908792,46.908792,46.908792,46.908792,46.908792,46.908745,46.904584,46.882883,46.835389,46.757656,46.640896,46.474253,46.243015,45.928633,45.509956,44.965560,44.267236,43.391139,42.306754,40.993839,39.428504,37.596407,35.495787,33.132071,30.527110,27.712047,24.741883,21.682069,18.609982,15.617042,12.797410,10.245407,8.053184,6.295857,5.033788,4.310410,4.139428,4.512702,5.391836,6.720591,8.427903,10.422406,12.614037,14.907709,17.217689,19.468067,21.598773,23.565628,25.344417,26.925530,28.316812,29.535997,30.610815,31.572667,32.454546
1.788945,46.908792,46.908792,46.908792,46.908792,46.908792,46.908792,46.908792,46.908792,46.908792,46.908792,46.908792,46.908792,46.908792,46.908792,46.908792,46.908792,46.908792,46.908792,46.908792,46.908792,46.908792,46.908792,46.908792,46.908792,46.908792,46.908792,46.908792,46.908792,46.908792,46.908792,46.908792,46.908792,46.908792,46.908792,46.908792,46.908792,46.908792,46.908792,46.908792,46.908792,46.908792,46.908792,46.908792,46.908792,46.908792,46.908792,46.908792,46.908792,46.908792,46.908792,46.908792,46.908792,46.908792,46.908792,46.908792,46.908792,46.908792,46.908792,46.908792,46.908792,46.908792,46.908792,46.908792,46.908792,46.908792,46.908792,46.908792,46.908792,46.908792,46.908792,46.908792,46.908792,46.908792,46.908792,46.908792,46.908792,46.908792,46.908792,46.908792,46.908792,46.908792,46.908792,46.908792,46.908792,46.908792,46.908792,46.908792,46.908792,46.908792,46.908792,46.908792,46.908792,46.908792,46.908792,46.908792,46.908792,46.908792,46.908792,46.908792,46.908792,46.908792,46.908792,46.908792,46.908792,46.908792,46.908792,46.908792,46.908792,46.908792,46.908792,46.908792,46.908792,46.908792,46.908792,46.908792,46.908792,46.908792,46.908792,46.908792,46.908792,46.908792,46.908792,46.908792,46.908792,46.908792,46.908792,46.908792,46.908792,46.908792,46.908792,46.908792,46.908792,46.908792,46.908792,46.908792,46.908792,46.908792,46.908792,46.908792,46.908792,46.908792,46.908792,46.908792,46.908792,46.908792,46.908792,46.908792,46.908792,46.908792,46.908792,46.908763,46.905301,46.884417,46.838457,46.762154,46.648053,46.484324,46.255986,45.946056,45.534333,44.995693,44.307222,43.439113,42.368555,41.066300,39.516639,37.699802,35.615115,33.267433,30.678047,27.877014,24.920244,21.868010,18.803328,15.812133,12.990486,10.433396,8.229167,6.457833,5.182285,4.438447,4.247767,4.601068,5.459838,6.773234,8.466579,10.450402,12.635137,14.925767,17.236560,19.491242,21.628318,23.604704,25.393419,26.985673,28.387168,29.616659,30.699898,31.668592,32.554993
1.799497,46.908792,46.908792,46.908792,46.908792,46.908792,46.908792,46.908792,46.908792,46.908792,46.908792,46.908792,46.908792,46.908792,46.908792,46.908792,46.908792,46.908792,46.908792,46.908792,46.908792,46.908792,46.908792,46.908792,46.908792,46.908792,46.908792,46.908792,46.908792,46.908792,46.908792,46.908792,46.908792,46.908792,46.908792,46.908792,46.908792,46.908792,46.908792,46.908792,46.908792,46.908792,46.908792,46.908792,46.908792,46.908792,46.908792,46.908792,46.908792,46.908792,46.908792,46.908792,46.908792,46.908792,46.908792,46.908792,46.908792,46.908792,46.908792,46.908792,46.908792,46.908792,46.908792,46.908792,46.908792,46.908792,46.908792,46.908792,46.908792,46.908792,46.908792,46.908792,46.908792,46.908792,46.908792,46.908792,46.908792,46.908792,46.908792,46.908792,46.908792,46.908792,46.908792,46.908792,46.908792,46.908792,46.908792,46.908792,46.908792,46.908792,46.908792,46.908792,46.908792,46.908792,46.908792,46.908792,46.908792,46.908792,46.908792,46.908792,46.908792,46.908792,46.908792,46.908792,46.908792,46.908792,46.908792,46.908792,46.908792,46.908792,46.908792,46.908792,46.908792,46.908792,46.908792,46.908792,46.908792,46.908792,46.908792,46.908792,46.908792,46.908792,46.908792,46.908792,46.908792,46.908792,46.908792,46.908792,46.908792,46.908792,46.908792,46.908792,46.908792,46.908792,46.908792,46.908792,46.908792,46.908792,46.908792,46.908792,46.908792,46.908792,46.908792,46.908792,46.908792,46.908792,46.908792,46.908792,46.908792,46.908792,46.908792,46.908778,46.905799,46.886161,46.841259,46.766980,46.654827,46.494026,46.269349,45.964162,45.558484,45.027166,44.346616,43.490787,42.430129,41.142857,39.608424,37.809607,35.740655,33.410677,30.838947,28.055678,25.111955,22.071563,19.015120,16.030158,13.209253,10.648199,8.436829,6.655208,5.362156,4.604311,4.394863,4.725778,5.569184,6.864146,8.542996,10.515553,12.692838,14.979759,17.290667,19.548823,21.692643,23.677190,25.476338,27.079223,28.492198,29.731608,30.823650,31.799247,32.690480
1.810050,46.908792,46.908792,46.908792,46.908792,46.908792,46.908792,46.908792,46.908792,46.908792,46.908792,46.908792,46.908792,46.908792,46.908792,46.908792,46.908792,46.908792,46.908792,46.908792,46.908792,46.908792,46.908792,46.908792,46.908792,46.908792,46.908792,46.908792,46.908792,46.908792,46.908792,46.908792,46.908792,46.908792,46.908792,46.908792,46.908792,46.908792,46.908792,46.908792,46.908792,46.908792,46.908792,46.908792,46.908792,46.908792,46.908792,46.908792,46.908792,46.908792,46.908792,46.908792,46.908792,46.908792,46.908792,46.908792,46.908792,46.908792,46.908792,46.908792,46.908792,46.908792,46.908792,46.908792,46.908792,46.908792,46.908792,46.908792,46.908792,46.908792,46.908792,46.908792,46.908792,46.908792,46.908792,46.908792,46.908792,46.908792,46.908792,46.908792,46.908792,46.908792,46.908792,46.908792,46.908792,46.908792,46.908792,46.908792,46.908792,46.908792,46.908792,46.908792,46.908792,46.908792,46.908792,46.908792,46.908792,46.908792,46.908792,46.908792,46.908792,46.908792,46.908792,46.908792,46.908792,46.908792,46.908792,46.908792,46.908792,46.908792,46.908792,46.908792,46.908792,46.908792,46.908792,46.908792,46.908792,46.908792,46.908792,46.908792,46.908792,46.908792,46.908792,46.908792,46.908792,46.908792,46.908792,46.908792,46.908792,46.908792,46.908792,46.908792,46.908792,46.908792,46.908792,46.908792,46.908792,46.908792,46.908792,46.908792,46.908792,46.908792,46.908792,46.908792,46.908792,46.908792,46.908792,46.908792,46.908792,46.908792,46.908792,46.908784,46.906372,46.887675,46.844175,46.771609,46.661809,46.503859,46.283093,45.982458,45.582815,45.059102,44.388690,43.541948,42.496066,41.221873,39.703518,37.920802,35.873967,33.561592,31.009041,28.242534,25.317514,22.291609,19.246730,16.269096,13.452613,10.890886,8.674854,6.882382,5.578938,4.802639,4.577129,4.891297,5.713538,6.994325,8.656275,10.618868,12.786751,15.069898,17.379872,19.640757,21.790376,23.783787,25.592510,27.206974,28.630291,29.880047,30.981114,31.963687,32.859670
1.820603,46.908792,46.908792,46.908792,46.908792,46.908792,46.908792,46.908792,46.908792,46.908792,46.908792,46.908792,46.908792,46.908792,46.908792,46.908792,46.908792,46.908792,46.908792,46.908792,46.908792,46.908792,46.908792,46.908792,46.908792,46.908792,46.908792,46.908792,46.908792,46.908792,46.908792,46.908792,46.908792,46.908792,46.908792,46.908792,46.908792,46.908792,46.908792,46.908792,46.908792,46.908792,46.908792,46.908792,46.908792,46.908792,46.908792,46.908792,46.908792,46.908792,46.908792,46.908792,46.908792,46.908792,46.908792,46.908792,46.908792,46.908792,46.908792,46.908792,46.908792,46.908792,46.908792,46.908792,46.908792,46.908792,46.908792,46.908792,46.908792,46.908792,46.908792,46.908792,46.908792,46.908792,46.908792,46.908792,46.908792,46.908792,46.908792,46.908792,46.908792,46.908792,46.908792,46.908792,46.908792,46.908792,46.908792,46.908792,46.908792,46.908792,46.908792,46.908792,46.908792,46.908792,46.908792,46.908792,46.908792,46.908792,46.908792,46.908792,46.908792,46.908792,46.908792,46.908792,46.908792,46.908792,46.908792,46.908792,46.908792,46.908792,46.908792,46.908792,46.908792,46.908792,46.908792,46.908792,46.908792,46.908792,46.908792,46.908792,46.908792,46.908792,46.908792,46.908792,46.908792,46.908792,46.908792,46.908792,46.908792,46.908792,46.908792,46.908792,46.908792,46.908792,46.908792,46.908792,46.908792,46.908792,46.908792,46.908792,46.908792,46.908792,46.908792,46.908792,46.908792,46.908792,46.908792,46.908792,46.908792,46.908792,46.908792,46.908787,46.906842,46.889233,46.847231,46.776105,46.668585,46.513617,46.296303,46.001246,45.606809,45.092083,44.429722,43.595177,42.561232,41.304542,39.800332,38.037698,36.009059,33.720973,31.185983,28.443340,25.534186,22.528231,19.496041,16.529756,13.719042,11.159254,8.940469,7.142209,5.826259,5.038461,4.793901,5.090394,5.897772,7.159063,8.807363,10.757759,12.917175,15.194353,17.503177,19.766283,21.921180,23.922261,25.741266,27.365936,28.800806,30.060574,31.170680,32.160297,33.060907
1.831156,46.908792,46.908792,46.908792,46.908792,46.908792,46.908792,46.908792,46.908792,46.908792,46.908792,46.908792,46.908792,46.908792,46.908792,46.908792,46.908792,46.908792,46.908792,46.908792,46.908792,46.908792,46.908792,46.908792,46.908792,46.908792,46.908792,46.908792,46.908792,46.908792,46.908792,46.908792,46.908792,46.908792,46.908792,46.908792,46.908792,46.908792,46.908792,46.908792,46.908792,46.908792,46.908792,46.908792,46.908792,46.908792,46.908792,46.908792,46.908792,46.908792,46.908792,46.908792,46.908792,46.908792,46.908792,46.908792,46.908792,46.908792,46.908792,46.908792,46.908792,46.908792,46.908792,46.908792,46.908792,46.908792,46.908792,46.908792,46.908792,46.908792,46.908792,46.908792,46.908792,46.908792,46.908792,46.908792,46.908792,46.908792,46.908792,46.908792,46.908792,46.908792,46.908792,46.908792,46.908792,46.908792,46.908792,46.908792,46.908792,46.908792,46.908792,46.908792,46.908792,46.908792,46.908792,46.908792,46.908792,46.908792,46.908792,46.908792,46.908792,46.908792,46.908792,46.908792,46.908792,46.908792,46.908792,46.908792,46.908792,46.908792,46.908792,46.908792,46.908792,46.908792,46.908792,46.908792,46.908792,46.908792,46.908792,46.908792,46.908792,46.908792,46.908792,46.908792,46.908792,46.908792,46.908792,46.908792,46.908792,46.908792,46.908792,46.908792,46.908792,46.908792,46.908792,46.908792,46.908792,46.908792,46.908792,46.908792,46.908792,46.908792,46.908792,46.908792,46.908792,46.908792,46.908792,46.908792,46.908792,46.908792,46.908792,46.908788,46.907202,46.890852,46.850204,46.780748,46.675299,46.522917,46.310219,46.019223,45.631949,45.124048,44.472763,43.648957,42.628691,41.386518,39.902738,38.158047,36.150396,33.884343,31.371899,28.651572,25.763595,22.777143,19.762722,16.807259,14.006653,11.451281,9.232739,7.429664,6.105914,5.304956,5.045538,5.325281,6.115314,7.359928,8.994136,10.930115,13.080277,15.352284,17.658578,19.923010,22.082573,24.091327,25.919279,27.555037,29.000271,30.270734,31.389825,32.386458,33.291609
1.841709,46.908792,46.908792,46.908792,46.908792,46.908792,46.908792,46.908792,46.908792,46.908792,46.908792,46.908792,46.908792,46.908792,46.908792,46.908792,46.908792,46.908792,46.908792,46.908792,46.908792,46.908792,46.908792,46.908792,46.908792,46.908792,46.908792,46.908792,46.908792,46.908792,46.908792,46.908792,46.908792,46.908792,46.908792,46.908792,46.908792,46.908792,46.908792,46.908792,46.908792,46.908792,46.908792,46.908792,46.908792,46.908792,46.908792,46.908792,46.908792,46.908792,46.908792,46.908792,46.908792,46.908792,46.908792,46.908792,46.908792,46.908792,46.908792,46.908792,46.908792,46.908792,46.908792,46.908792,46.908792,46.908792,46.908792,46.908792,46.908792,46.908792,46.908792,46.908792,46.908792,46.908792,46.908792,46.908792,46.908792,46.908792,46.908792,46.908792,46.908792,46.908792,46.908792,46.908792,46.908792,46.908792,46.908792,46.908792,46.908792,46.908792,46.908792,46.908792,46.908792,46.908792,46.908792,46.908792,46.908792,46.908792,46.908792,46.908792,46.908792,46.908792,46.908792,46.908792,46.908792,46.908792,46.908792,46.908792,46.908792,46.908792,46.908792,46.908792,46.908792,46.908792,46.908792,46.908792,46.908792,46.908792,46.908792,46.908792,46.908792,46.908792,46.908792,46.908792,46.908792,46.908792,46.908792,46.908792,46.908792,46.908792,46.908792,46.908792,46.908792,46.908792,46.908792,46.908792,46.908792,46.908792,46.908792,46.908792,46.908792,46.908792,46.908792,46.908792,46.908792,46.908792,46.908792,46.908792,46.908792,46.908792,46.908792,46.908788,46.907569,46.892344,46.852953,46.785405,46.681883,46.532593,46.323227,46.037613,45.656642,45.156689,44.514340,43.703969,42.697958,41.470876,40.003978,38.282602,36.296926,34.052270,31.563621,28.865349,26.003948,23.037314,20.040291,17.102671,14.311749,11.764567,9.547916,7.742376,6.412057,5.599589,5.328538,5.592628,6.363323,7.592684,9.211651,11.134468,13.275073,15.539482,17.842938,20.108120,22.271955,24.287145,26.124563,27.770232,29.226835,30.507572,31.635504,32.639258,33.548741
1.852261,46.908792,46.908792,46.908792,46.908792,46.908792,46.908792,46.908792,46.908792,46.908792,46.908792,46.908792,46.908792,46.908792,46.908792,46.908792,46.908792,46.908792,46.908792,46.908792,46.908792,46.908792,46.908792,46.908792,46.908792,46.908792,46.908792,46.908792,46.908792,46.908792,46.908792,46.908792,46.908792,46.908792,46.908792,46.908792,46.908792,46.908792,46.908792,46.908792,46.908792,46.908792,46.908792,46.908792,46.908792,46.908792,46.908792,46.908792,46.908792,46.908792,46.908792,46.908792,46.908792,46.908792,46.908792,46.908792,46.908792,46.908792,46.908792,46.908792,46.908792,46.908792,46.908792,46.908792,46.908792,46.908792,46.908792,46.908792,46.908792,46.908792,46.908792,46.908792,46.908792,46.908792,46.908792,46.908792,46.908792,46.908792,46.908792,46.908792,46.908792,46.908792,46.908792,46.908792,46.908792,46.908792,46.908792,46.908792,46.908792,46.908792,46.908792,46.908792,46.908792,46.908792,46.908792,46.908792,46.908792,46.908792,46.908792,46.908792,46.908792,46.908792,46.908792,46.908792,46.908792,46.908792,46.908792,46.908792,46.908792,46.908792,46.908792,46.908792,46.908792,46.908792,46.908792,46.908792,46.908792,46.908792,46.908792,46.908792,46.908792,46.908792,46.908792,46.908792,46.908792,46.908792,46.908792,46.908792,46.908792,46.908792,46.908792,46.908792,46.908792,46.908792,46.908792,46.908792,46.908792,46.908792,46.908792,46.908792,46.908792,46.908792,46.908792,46.908792,46.908792,46.908792,46.908792,46.908792,46.908792,46.908792,46.908792,46.908789,46.907840,46.893689,46.855846,46.789664,46.688480,46.541693,46.336549,46.056233,45.680855,45.189633,44.556516,43.758186,42.765136,41.556769,40.108800,38.405369,36.442251,34.221584,31.761357,29.088257,26.249640,23.304443,20.331166,17.408559,14.633351,12.094045,9.882632,8.076714,6.741272,5.920551,5.635409,5.885630,6.640345,7.853361,9.456830,11.367110,13.495666,15.753742,18.053092,20.318242,22.485308,24.506822,26.352896,28.008585,29.475567,30.766659,31.903923,32.914537,33.828545
1.862814,46.908792,46.908792,46.908792,46.908792,46.908792,46.908792,46.908792,46.908792,46.908792,46.908792,46.908792,46.908792,46.908792,46.908792,46.908792,46.908792,46.908792,46.908792,46.908792,46.908792,46.908792,46.908792,46.908792,46.908792,46.908792,46.908792,46.908792,46.908792,46.908792,46.908792,46.908792,46.908792,46.908792,46.908792,46.908792,46.908792,46.908792,46.908792,46.908792,46.908792,46.908792,46.908792,46.908792,46.908792,46.908792,46.908792,46.908792,46.908792,46.908792,46.908792,46.908792,46.908792,46.908792,46.908792,46.908792,46.908792,46.908792,46.908792,46.908792,46.908792,46.908792,46.908792,46.908792,46.908792,46.908792,46.908792,46.908792,46.908792,46.908792,46.908792,46.908792,46.908792,46.908792,46.908792,46.908792,46.908792,46.908792,46.908792,46.908792,46.908792,46.908792,46.908792,46.908792,46.908792,46.908792,46.908792,46.908792,46.908792,46.908792,46.908792,46.908792,46.908792,46.908792,46.908792,46.908792,46.908792,46.908792,46.908792,46.908792,46.908792,46.908792,46.908792,46.908792,46.908792,46.908792,46.908792,46.908792,46.908792,46.908792,46.908792,46.908792,46.908792,46.908792,46.908792,46.908792,46.908792,46.908792,46.908792,46.908792,46.908792,46.908792,46.908792,46.908792,46.908792,46.908792,46.908792,46.908792,46.908792,46.908792,46.908792,46.908792,46.908792,46.908792,46.908792,46.908792,46.908792,46.908792,46.908792,46.908792,46.908792,46.908792,46.908792,46.908792,46.908792,46.908792,46.908792,46.908792,46.908792,46.908792,46.908792,46.908790,46.908039,46.895113,46.858545,46.793850,46.694829,46.551001,46.349407,46.073642,45.705450,45.221238,44.599079,43.811018,42.833127,41.640070,40.210741,38.531185,36.591364,34.393968,31.957799,29.312628,26.498260,23.580754,20.626856,17.726166,14.964164,12.437514,10.231525,8.427336,7.088357,6.259795,5.964910,6.199641,6.941007,8.138134,9.724209,11.620975,13.739958,15.989162,18.284867,20.549149,22.718957,24.746553,26.600259,28.265964,29.743348,31.044718,32.190692,33.208616,34.126972
1.873367,46.908792,46.908792,46.908792,46.908792,46.908792,46.908792,46.908792,46.908792,46.908792,46.908792,46.908792,46.908792,46.908792,46.908792,46.908792,46.908792,46.908792,46.908792,46.908792,46.908792,46.908792,46.908792,46.908792,46.908792,46.908792,46.908792,46.908792,46.908792,46.908792,46.908792,46.908792,46.908792,46.908792,46.908792,46.908792,46.908792,46.908792,46.908792,46.908792,46.908792,46.908792,46.908792,46.908792,46.908792,46.908792,46.908792,46.908792,46.908792,46.908792,46.908792,46.908792,46.908792,46.908792,46.908792,46.908792,46.908792,46.908792,46.908792,46.908792,46.908792,46.908792,46.908792,46.908792,46.908792,46.908792,46.908792,46.908792,46.908792,46.908792,46.908792,46.908792,46.908792,46.908792,46.908792,46.908792,46.908792,46.908792,46.908792,46.908792,46.908792,46.908792,46.908792,46.908792,46.908792,46.908792,46.908792,46.908792,46.908792,46.908792,46.908792,46.908792,46.908792,46.908792,46.908792,46.908792,46.908792,46.908792,46.908792,46.908792,46.908792,46.908792,46.908792,46.908792,46.908792,46.908792,46.908792,46.908792,46.908792,46.908792,46.908792,46.908792,46.908792,46.908792,46.908792,46.908792,46.908792,46.908792,46.908792,46.908792,46.908792,46.908792,46.908792,46.908792,46.908792,46.908792,46.908792,46.908792,46.908792,46.908792,46.908792,46.908792,46.908792,46.908792,46.908792,46.908792,46.908792,46.908792,46.908792,46.908792,46.908792,46.908792,46.908792,46.908792,46.908792,46.908792,46.908792,46.908792,46.908792,46.908792,46.908792,46.908790,46.908177,46.896450,46.861091,46.797805,46.700917,46.559641,46.361703,46.091244,45.728464,45.253321,44.639727,43.864738,42.900077,41.723499,40.313074,38.654524,36.736609,34.565826,32.157642,29.537816,26.750269,23.856690,20.929260,18.047868,15.302769,12.788782,10.590693,8.789661,7.448997,6.614546,6.308661,6.532081,7.257062,8.439686,10.010784,11.894694,14.000781,16.242793,18.533095,20.796438,22.968576,25.001269,26.863220,28.538246,30.025511,31.336902,32.491963,33.516894,34.439712
1.883920,46.908792,46.908792,46.908792,46.908792,46.908792,46.908792,46.908792,46.908792,46.908792,46.908792,46.908792,46.908792,46.908792,46.908792,46.908792,46.908792,46.908792,46.908792,46.908792,46.908792,46.908792,46.908792,46.908792,46.908792,46.908792,46.908792,46.908792,46.908792,46.908792,46.908792,46.908792,46.908792,46.908792,46.908792,46.908792,46.908792,46.908792,46.908792,46.908792,46.908792,46.908792,46.908792,46.908792,46.908792,46.908792,46.908792,46.908792,46.908792,46.908792,46.908792,46.908792,46.908792,46.908792,46.908792,46.908792,46.908792,46.908792,46.908792,46.908792,46.908792,46.908792,46.908792,46.908792,46.908792,46.908792,46.908792,46.908792,46.908792,46.908792,46.908792,46.908792,46.908792,46.908792,46.908792,46.908792,46.908792,46.908792,46.908792,46.908792,46.908792,46.908792,46.908792,46.908792,46.908792,46.908792,46.908792,46.908792,46.908792,46.908792,46.908792,46.908792,46.908792,46.908792,46.908792,46.908792,46.908792,46.908792,46.908792,46.908792,46.908792,46.908792,46.908792,46.908792,46.908792,46.908792,46.908792,46.908792,46.908792,46.908792,46.908792,46.908792,46.908792,46.908792,46.908792,46.908792,46.908792,46.908792,46.908792,46.908792,46.908792,46.908792,46.908792,46.908792,46.908792,46.908792,46.908792,46.908792,46.908792,46.908792,46.908792,46.908792,46.908792,46.908792,46.908792,46.908792,46.908792,46.908792,46.908792,46.908792,46.908792,46.908792,46.908792,46.908792,46.908792,46.908792,46.908792,46.908792,46.908792,46.908792,46.908792,46.908790,46.908274,46.897500,46.863392,46.801743,46.706580,46.568449,46.373888,46.107980,45.751340,45.283287,44.680521,43.915880,42.966395,41.806006,40.413385,38.775901,36.881342,34.735661,32.353807,29.759732,27.002334,24.133500,21.230388,18.370811,15.643879,13.143793,10.954901,9.158064,7.817069,6.977568,6.663755,6.874025,7.586630,8.752742,10.310167,12.180541,14.276002,16.508419,18.794219,21.055698,23.229758,25.267359,27.136672,28.820619,30.318287,31.639148,32.803218,33.834974,34.762098
1.894472,46.908792,46.908792,46.908792,46.908792,46.908792,46.908792,46.908792,46.908792,46.908792,46.908792,46.908792,46.908792,46.908792,46.908792,46.908792,46.908792,46.908792,46.908792,46.908792,46.908792,46.908792,46.908792,46.908792,46.908792,46.908792,46.908792,46.908792,46.908792,46.908792,46.908792,46.908792,46.908792,46.908792,46.908792,46.908792,46.908792,46.908792,46.908792,46.908792,46.908792,46.908792,46.908792,46.908792,46.908792,46.908792,46.908792,46.908792,46.908792,46.908792,46.908792,46.908792,46.908792,46.908792,46.908792,46.908792,46.908792,46.908792,46.908792,46.908792,46.908792,46.908792,46.908792,46.908792,46.908792,46.908792,46.908792,46.908792,46.908792,46.908792,46.908792,46.908792,46.908792,46.908792,46.908792,46.908792,46.908792,46.908792,46.908792,46.908792,46.908792,46.908792,46.908792,46.908792,46.908792,46.908792,46.908792,46.908792,46.908792,46.908792,46.908792,46.908792,46.908792,46.908792,46.908792,46.908792,46.908792,46.908792,46.908792,46.908792,46.908792,46.908792,46.908792,46.908792,46.908792,46.908792,46.908792,46.908792,46.908792,46.908792,46.908792,46.908792,46.908792,46.908792,46.908792,46.908792,46.908792,46.908792,46.908792,46.908792,46.908792,46.908792,46.908792,46.908792,46.908792,46.908792,46.908792,46.908792,46.908792,46.908792,46.908792,46.908792,46.908792,46.908792,46.908792,46.908792,46.908792,46.908792,46.908792,46.908792,46.908792,46.908792,46.908792,46.908792,46.908792,46.908792,46.908792,46.908792,46.908792,46.908792,46.908792,46.908790,46.908327,46.898320,46.865653,46.805311,46.712055,46.576592,46.385498,46.123897,45.773681,45.312770,44.719071,43.965925,43.029943,41.884549,40.511887,38.893029,37.023869,34.903194,32.544795,29.980603,27.248865,24.406674,21.528298,18.689943,15.984104,13.497132,11.319625,9.527710,8.187438,7.344173,7.022607,7.222614,7.920819,9.074298,10.617591,12.473510,14.557988,16.783001,19.062916,21.322903,23.498396,25.540858,27.416883,29.110218,30.617241,31.948148,33.120552,34.159110,35.090538
1.905025,46.908792,46.908792,46.908792,46.908792,46.908792,46.908792,46.908792,46.908792,46.908792,46.908792,46.908792,46.908792,46.908792,46.908792,46.908792,46.908792,46.908792,46.908792,46.908792,46.908792,46.908792,46.908792,46.908792,46.908792,46.908792,46.908792,46.908792,46.908792,46.908792,46.908792,46.908792,46.908792,46.908792,46.908792,46.908792,46.908792,46.908792,46.908792,46.908792,46.908792,46.908792,46.908792,46.908792,46.908792,46.908792,46.908792,46.908792,46.908792,46.908792,46.908792,46.908792,46.908792,46.908792,46.908792,46.908792,46.908792,46.908792,46.908792,46.908792,46.908792,46.908792,46.908792,46.908792,46.908792,46.908792,46.908792,46.908792,46.908792,46.908792,46.908792,46.908792,46.908792,46.908792,46.908792,46.908792,46.908792,46.908792,46.908792,46.908792,46.908792,46.908792,46.908792,46.908792,46.908792,46.908792,46.908792,46.908792,46.908792,46.908792,46.908792,46.908792,46.908792,46.908792,46.908792,46.908792,46.908792,46.908792,46.908792,46.908792,46.908792,46.908792,46.908792,46.908792,46.908792,46.908792,46.908792,46.908792,46.908792,46.908792,46.908792,46.908792,46.908792,46.908792,46.908792,46.908792,46.908792,46.908792,46.908792,46.908792,46.908792,46.908792,46.908792,46.908792,46.908792,46.908792,46.908792,46.908792,46.908792,46.908792,46.908792,46.908792,46.908792,46.908792,46.908792,46.908792,46.908792,46.908792,46.908792,46.908792,46.908792,46.908792,46.908792,46.908792,46.908792,46.908792,46.908792,46.908792,46.908792,46.908792,46.908792,46.908791,46.908347,46.899055,46.867533,46.808830,46.717366,46.584118,46.396732,46.139375,45.794484,45.341001,44.756052,44.013715,43.090213,41.961802,40.605361,39.008410,37.159407,35.062903,32.732863,30.192991,27.489334,24.673567,21.818763,19.005012,16.316477,13.846407,11.679115,9.893504,8.554802,7.708834,7.380046,7.570572,8.257271,9.396075,10.926492,12.769969,14.844246,17.060270,19.335700,21.593595,23.770733,25.817654,27.700911,29.402529,30.919508,32.259554,33.440704,34.485956,35.421563
1.915578,46.908792,46.908792,46.908792,46.908792,46.908792,46.908792,46.908792,46.908792,46.908792,46.908792,46.908792,46.908792,46.908792,46.908792,46.908792,46.908792,46.908792,46.908792,46.908792,46.908792,46.908792,46.908792,46.908792,46.908792,46.908792,46.908792,46.908792,46.908792,46.908792,46.908792,46.908792,46.908792,46.908792,46.908792,46.908792,46.908792,46.908792,46.908792,46.908792,46.908792,46.908792,46.908792,46.908792,46.908792,46.908792,46.908792,46.908792,46.908792,46.908792,46.908792,46.908792,46.908792,46.908792,46.908792,46.908792,46.908792,46.908792,46.908792,46.908792,46.908792,46.908792,46.908792,46.908792,46.908792,46.908792,46.908792,46.908792,46.908792,46.908792,46.908792,46.908792,46.908792,46.908792,46.908792,46.908792,46.908792,46.908792,46.908792,46.908792,46.908792,46.908792,46.908792,46.908792,46.908792,46.908792,46.908792,46.908792,46.908792,46.908792,46.908792,46.908792,46.908792,46.908792,46.908792,46.908792,46.908792,46.908792,46.908792,46.908792,46.908792,46.908792,46.908792,46.908792,46.908792,46.908792,46.908792,46.908792,46.908792,46.908792,46.908792,46.908792,46.908792,46.908792,46.908792,46.908792,46.908792,46.908792,46.908792,46.908792,46.908792,46.908792,46.908792,46.908792,46.908792,46.908792,46.908792,46.908792,46.908792,46.908792,46.908792,46.908792,46.908792,46.908792,46.908792,46.908792,46.908792,46.908792,46.908792,46.908792,46.908792,46.908792,46.908792,46.908792,46.908792,46.908792,46.908792,46.908792,46.908792,46.908792,46.908792,46.908791,46.908346,46.899539,46.869273,46.811988,46.722336,46.591408,46.406973,46.154268,45.814743,45.368038,44.790826,44.059690,43.148220,42.034563,40.695598,39.118032,37.290781,35.218789,32.911645,30.399943,27.720305,24.932542,22.102231,19.308820,16.640563,14.186006,12.029678,10.251679,8.915057,8.066871,7.732363,7.913912,8.589019,9.716380,11.233434,13.065071,15.128679,17.337668,19.607755,21.864356,24.042982,26.094354,27.984425,29.694950,31.221073,32.570447,33.760118,34.812094,35.752026
1.926131,46.908792,46.908792,46.908792,46.908792,46.908792,46.908792,46.908792,46.908792,46.908792,46.908792,46.908792,46.908792,46.908792,46.908792,46.908792,46.908792,46.908792,46.908792,46.908792,46.908792,46.908792,46.908792,46.908792,46.908792,46.908792,46.908792,46.908792,46.908792,46.908792,46.908792,46.908792,46.908792,46.908792,46.908792,46.908792,46.908792,46.908792,46.908792,46.908792,46.908792,46.908792,46.908792,46.908792,46.908792,46.908792,46.908792,46.908792,46.908792,46.908792,46.908792,46.908792,46.908792,46.908792,46.908792,46.908792,46.908792,46.908792,46.908792,46.908792,46.908792,46.908792,46.908792,46.908792,46.908792,46.908792,46.908792,46.908792,46.908792,46.908792,46.908792,46.908792,46.908792,46.908792,46.908792,46.908792,46.908792,46.908792,46.908792,46.908792,46.908792,46.908792,46.908792,46.908792,46.908792,46.908792,46.908792,46.908792,46.908792,46.908792,46.908792,46.908792,46.908792,46.908792,46.908792,46.908792,46.908792,46.908792,46.908792,46.908792,46.908792,46.908792,46.908792,46.908792,46.908792,46.908792,46.908792,46.908792,46.908792,46.908792,46.908792,46.908792,46.908792,46.908792,46.908792,46.908792,46.908792,46.908792,46.908792,46.908792,46.908792,46.908792,46.908792,46.908792,46.908792,46.908792,46.908792,46.908792,46.908792,46.908792,46.908792,46.908792,46.908792,46.908792,46.908792,46.908792,46.908792,46.908792,46.908792,46.908792,46.908792,46.908792,46.908792,46.908792,46.908792,46.908792,46.908792,46.908792,46.908792,46.908792,46.908792,46.908791,46.908341,46.899897,46.870632,46.814898,46.726991,46.598151,46.416826,46.167940,45.833587,45.393179,44.824004,44.102692,43.203634,42.102979,40.781506,39.222086,37.415984,35.366597,33.083625,30.596610,27.942479,25.179547,22.372295,19.602436,16.953187,14.512989,12.369183,10.597948,9.264105,8.414702,8.075330,8.248178,8.913795,10.028841,11.534511,13.355493,15.409505,17.610702,19.876923,22.131976,24.312388,26.368301,28.265209,29.983719,31.519144,32.878095,34.075930,35.134696,36.078676
1.936683,46.908792,46.908792,46.908792,46.908792,46.908792,46.908792,46.908792,46.908792,46.908792,46.908792,46.908792,46.908792,46.908792,46.908792,46.908792,46.908792,46.908792,46.908792,46.908792,46.908792,46.908792,46.908792,46.908792,46.908792,46.908792,46.908792,46.908792,46.908792,46.908792,46.908792,46.908792,46.908792,46.908792,46.908792,46.908792,46.908792,46.908792,46.908792,46.908792,46.908792,46.908792,46.908792,46.908792,46.908792,46.908792,46.908792,46.908792,46.908792,46.908792,46.908792,46.908792,46.908792,46.908792,46.908792,46.908792,46.908792,46.908792,46.908792,46.908792,46.908792,46.908792,46.908792,46.908792,46.908792,46.908792,46.908792,46.908792,46.908792,46.908792,46.908792,46.908792,46.908792,46.908792,46.908792,46.908792,46.908792,46.908792,46.908792,46.908792,46.908792,46.908792,46.908792,46.908792,46.908792,46.908792,46.908792,46.908792,46.908792,46.908792,46.908792,46.908792,46.908792,46.908792,46.908792,46.908792,46.908792,46.908792,46.908792,46.908792,46.908792,46.908792,46.908792,46.908792,46.908792,46.908792,46.908792,46.908792,46.908792,46.908792,46.908792,46.908792,46.908792,46.908792,46.908792,46.908792,46.908792,46.908792,46.908792,46.908792,46.908792,46.908792,46.908792,46.908792,46.908792,46.908792,46.908792,46.908792,46.908792,46.908792,46.908792,46.908792,46.908792,46.908792,46.908792,46.908792,46.908792,46.908792,46.908792,46.908792,46.908792,46.908792,46.908792,46.908792,46.908792,46.908792,46.908792,46.908792,46.908792,46.908792,46.908792,46.908791,46.908329,46.900065,46.871783,46.817430,46.731145,46.604593,46.425895,46.180645,45.850876,45.416577,44.855387,44.142759,43.254876,42.168407,40.862000,39.319719,37.534648,35.505499,33.247192,30.782603,28.153717,25.414629,22.631040,19.880805,17.250085,14.826282,12.693421,10.929586,9.599142,8.749080,8.405219,8.571244,9.226902,10.331767,11.826575,13.637422,15.682759,17.877485,20.139663,22.393945,24.576245,26.636606,28.540169,30.267463,31.812109,33.179964,34.386124,35.451287,36.399110
1.947236,46.908792,46.908792,46.908792,46.908792,46.908792,46.908792,46.908792,46.908792,46.908792,46.908792,46.908792,46.908792,46.908792,46.908792,46.908792,46.908792,46.908792,46.908792,46.908792,46.908792,46.908792,46.908792,46.908792,46.908792,46.908792,46.908792,46.908792,46.908792,46.908792,46.908792,46.908792,46.908792,46.908792,46.908792,46.908792,46.908792,46.908792,46.908792,46.908792,46.908792,46.908792,46.908792,46.908792,46.908792,46.908792,46.908792,46.908792,46.908792,46.908792,46.908792,46.908792,46.908792,46.908792,46.908792,46.908792,46.908792,46.908792,46.908792,46.908792,46.908792,46.908792,46.908792,46.908792,46.908792,46.908792,46.908792,46.908792,46.908792,46.908792,46.908792,46.908792,46.908792,46.908792,46.908792,46.908792,46.908792,46.908792,46.908792,46.908792,46.908792,46.908792,46.908792,46.908792,46.908792,46.908792,46.908792,46.908792,46.908792,46.908792,46.908792,46.908792,46.908792,46.908792,46.908792,46.908792,46.908792,46.908792,46.908792,46.908792,46.908792,46.908792,46.908792,46.908792,46.908792,46.908792,46.908792,46.908792,46.908792,46.908792,46.908792,46.908792,46.908792,46.908792,46.908792,46.908792,46.908792,46.908792,46.908792,46.908792,46.908792,46.908792,46.908792,46.908792,46.908792,46.908792,46.908792,46.908792,46.908792,46.908792,46.908792,46.908792,46.908792,46.908792,46.908792,46.908792,46.908792,46.908792,46.908792,46.908792,46.908792,46.908792,46.908792,46.908792,46.908792,46.908792,46.908792,46.908792,46.908792,46.908792,46.908792,46.908791,46.908311,46.900182,46.872648,46.819620,46.735033,46.610458,46.434482,46.192398,45.867126,45.438590,44.884236,44.180744,43.303465,42.229283,40.937593,39.412025,37.645384,35.636740,33.400096,30.959071,28.352845,25.636473,22.874252,20.145485,17.532176,15.123096,13.001312,11.245298,9.918462,9.068208,8.720893,8.880302,9.527881,10.623116,12.107449,13.909251,15.946518,18.135826,20.394565,22.648097,24.832651,26.897837,28.808422,30.544121,32.097830,33.474636,34.688836,35.760109,36.711926
1.957789,46.908792,46.908792,46.908792,46.908792,46.908792,46.908792,46.908792,46.908792,46.908792,46.908792,46.908792,46.908792,46.908792,46.908792,46.908792,46.908792,46.908792,46.908792,46.908792,46.908792,46.908792,46.908792,46.908792,46.908792,46.908792,46.908792,46.908792,46.908792,46.908792,46.908792,46.908792,46.908792,46.908792,46.908792,46.908792,46.908792,46.908792,46.908792,46.908792,46.908792,46.908792,46.908792,46.908792,46.908792,46.908792,46.908792,46.908792,46.908792,46.908792,46.908792,46.908792,46.908792,46.908792,46.908792,46.908792,46.908792,46.908792,46.908792,46.908792,46.908792,46.908792,46.908792,46.908792,46.908792,46.908792,46.908792,46.908792,46.908792,46.908792,46.908792,46.908792,46.908792,46.908792,46.908792,46.908792,46.908792,46.908792,46.908792,46.908792,46.908792,46.908792,46.908792,46.908792,46.908792,46.908792,46.908792,46.908792,46.908792,46.908792,46.908792,46.908792,46.908792,46.908792,46.908792,46.908792,46.908792,46.908792,46.908792,46.908792,46.908792,46.908792,46.908792,46.908792,46.908792,46.908792,46.908792,46.908792,46.908792,46.908792,46.908792,46.908792,46.908792,46.908792,46.908792,46.908792,46.908792,46.908792,46.908792,46.908792,46.908792,46.908792,46.908792,46.908792,46.908792,46.908792,46.908792,46.908792,46.908792,46.908792,46.908792,46.908792,46.908792,46.908792,46.908792,46.908792,46.908792,46.908792,46.908792,46.908792,46.908792,46.908792,46.908792,46.908792,46.908792,46.908792,46.908792,46.908792,46.908792,46.908792,46.908792,46.908790,46.908299,46.900254,46.873329,46.821340,46.738453,46.615899,46.442239,46.203381,45.882028,45.458618,44.911212,44.215684,43.348525,42.285893,41.007743,39.498591,37.748730,35.759697,33.543321,31.123098,28.539649,25.844094,23.103759,20.393509,17.798209,15.403045,13.292540,11.543864,10.221061,9.371107,9.020744,9.174546,9.814582,10.901071,12.376633,14.169572,16.200075,18.383905,20.639977,22.893588,25.080770,27.151154,29.068657,30.812547,32.375240,33.761082,34.982734,36.060246,37.015796
1.968342,46.908792,46.908792,46.908792,46.908792,46.908792,46.908792,46.908792,46.908792,46.908792,46.908792,46.908792,46.908792,46.908792,46.908792,46.908792,46.908792,46.908792,46.908792,46.908792,46.908792,46.908792,46.908792,46.908792,46.908792,46.908792,46.908792,46.908792,46.908792,46.908792,46.908792,46.908792,46.908792,46.908792,46.908792,46.908792,46.908792,46.908792,46.908792,46.908792,46.908792,46.908792,46.908792,46.908792,46.908792,46.908792,46.908792,46.908792,46.908792,46.908792,46.908792,46.908792,46.908792,46.908792,46.908792,46.908792,46.908792,46.908792,46.908792,46.908792,46.908792,46.908792,46.908792,46.908792,46.908792,46.908792,46.908792,46.908792,46.908792,46.908792,46.908792,46.908792,46.908792,46.908792,46.908792,46.908792,46.908792,46.908792,46.908792,46.908792,46.908792,46.908792,46.908792,46.908792,46.908792,46.908792,46.908792,46.908792,46.908792,46.908792,46.908792,46.908792,46.908792,46.908792,46.908792,46.908792,46.908792,46.908792,46.908792,46.908792,46.908792,46.908792,46.908792,46.908792,46.908792,46.908792,46.908792,46.908792,46.908792,46.908792,46.908792,46.908792,46.908792,46.908792,46.908792,46.908792,46.908792,46.908792,46.908792,46.908792,46.908792,46.908792,46.908792,46.908792,46.908792,46.908792,46.908792,46.908792,46.908792,46.908792,46.908792,46.908792,46.908792,46.908792,46.908792,46.908792,46.908792,46.908792,46.908792,46.908792,46.908792,46.908792,46.908792,46.908792,46.908792,46.908792,46.908792,46.908792,46.908792,46.908792,46.908792,46.908790,46.908290,46.900294,46.873765,46.822768,46.741377,46.620739,46.449390,46.213383,45.895972,45.477334,44.935863,44.248222,43.390283,42.338941,41.073460,39.578638,37.845724,35.874287,33.676990,31.277354,28.713690,26.039333,23.318040,20.626477,18.047404,15.665897,13.566456,11.825243,10.506297,9.657054,9.304386,9.453374,10.086407,11.165178,12.632852,14.418375,16.442626,18.622201,20.876237,23.130219,25.320236,27.395673,29.320399,31.072456,32.643962,34.038303,35.267745,36.350961,37.310242
1.978894,46.908792,46.908792,46.908792,46.908792,46.908792,46.908792,46.908792,46.908792,46.908792,46.908792,46.908792,46.908792,46.908792,46.908792,46.908792,46.908792,46.908792,46.908792,46.908792,46.908792,46.908792,46.908792,46.908792,46.908792,46.908792,46.908792,46.908792,46.908792,46.908792,46.908792,46.908792,46.908792,46.908792,46.908792,46.908792,46.908792,46.908792,46.908792,46.908792,46.908792,46.908792,46.908792,46.908792,46.908792,46.908792,46.908792,46.908792,46.908792,46.908792,46.908792,46.908792,46.908792,46.908792,46.908792,46.908792,46.908792,46.908792,46.908792,46.908792,46.908792,46.908792,46.908792,46.908792,46.908792,46.908792,46.908792,46.908792,46.908792,46.908792,46.908792,46.908792,46.908792,46.908792,46.908792,46.908792,46.908792,46.908792,46.908792,46.908792,46.908792,46.908792,46.908792,46.908792,46.908792,46.908792,46.908792,46.908792,46.908792,46.908792,46.908792,46.908792,46.908792,46.908792,46.908792,46.908792,46.908792,46.908792,46.908792,46.908792,46.908792,46.908792,46.908792,46.908792,46.908792,46.908792,46.908792,46.908792,46.908792,46.908792,46.908792,46.908792,46.908792,46.908792,46.908792,46.908792,46.908792,46.908792,46.908792,46.908792,46.908792,46.908792,46.908792,46.908792,46.908792,46.908792,46.908792,46.908792,46.908792,46.908792,46.908792,46.908792,46.908792,46.908792,46.908792,46.908792,46.908792,46.908792,46.908792,46.908792,46.908792,46.908792,46.908792,46.908792,46.908792,46.908792,46.908792,46.908792,46.908792,46.908792,46.908792,46.908790,46.908287,46.900312,46.874077,46.823954,46.743896,46.625029,46.455897,46.222615,45.908726,45.494700,44.959022,44.278376,43.429000,42.388003,41.134766,39.653520,37.935443,35.981218,33.801499,31.420845,28.877126,26.221619,23.519597,20.845021,18.281240,15.913050,13.823728,12.089726,10.774815,9.926430,9.572031,9.716869,10.344199,11.416068,12.876506,14.655742,16.674569,18.850687,21.103270,23.358144,25.551391,27.632033,29.563607,31.323609,32.903763,34.306299,35.543191,36.632333,37.594817
1.989447,46.908792,46.908792,46.908792,46.908792,46.908792,46.908792,46.908792,46.908792,46.908792,46.908792,46.908792,46.908792,46.908792,46.908792,46.908792,46.908792,46.908792,46.908792,46.908792,46.908792,46.908792,46.908792,46.908792,46.908792,46.908792,46.908792,46.908792,46.908792,46.908792,46.908792,46.908792,46.908792,46.908792,46.908792,46.908792,46.908792,46.908792,46.908792,46.908792,46.908792,46.908792,46.908792,46.908792,46.908792,46.908792,46.908792,46.908792,46.908792,46.908792,46.908792,46.908792,46.908792,46.908792,46.908792,46.908792,46.908792,46.908792,46.908792,46.908792,46.908792,46.908792,46.908792,46.908792,46.908792,46.908792,46.908792,46.908792,46.908792,46.908792,46.908792,46.908792,46.908792,46.908792,46.908792,46.908792,46.908792,46.908792,46.908792,46.908792,46.908792,46.908792,46.908792,46.908792,46.908792,46.908792,46.908792,46.908792,46.908792,46.908792,46.908792,46.908792,46.908792,46.908792,46.908792,46.908792,46.908792,46.908792,46.908792,46.908792,46.908792,46.908792,46.908792,46.908792,46.908792,46.908792,46.908792,46.908792,46.908792,46.908792,46.908792,46.908792,46.908792,46.908792,46.908792,46.908792,46.908792,46.908792,46.908792,46.908792,46.908792,46.908792,46.908792,46.908792,46.908792,46.908792,46.908792,46.908792,46.908792,46.908792,46.908792,46.908792,46.908792,46.908792,46.908792,46.908792,46.908792,46.908792,46.908792,46.908792,46.908792,46.908792,46.908792,46.908792,46.908792,46.908792,46.908792,46.908792,46.908792,46.908792,46.908792,46.908791,46.908293,46.900345,46.874301,46.824889,46.745986,46.628690,46.461744,46.231115,45.920437,45.510733,44.980488,44.306389,43.465045,42.433458,41.191359,39.722928,38.019439,36.080853,33.918212,31.555480,29.029841,26.392881,23.708119,21.050024,18.500704,16.144949,14.065684,12.338652,11.027906,10.180795,9.824990,9.966431,10.588608,11.654459,13.108658,14.882097,16.896472,19.069731,21.321478,23.577683,25.774396,27.860434,29.798775,31.566834,33.155129,34.565730,35.809781,36.904168,37.869804
2.000000,46.908792,46.908792,46.908792,46.908792,46.908792,46.908792,46.908792,46.908792,46.908792,46.908792,46.908792,46.908792,46.908792,46.908792,46.908792,46.908792,46.908792,46.908792,46.908792,46.908792,46.908792,46.908792,46.908792,46.908792,46.908792,46.908792,46.908792,46.908792,46.908792,46.908792,46.908792,46.908792,46.908792,46.908792,46.908792,46.908792,46.908792,46.908792,46.908792,46.908792,46.908792,46.908792,46.908792,46.908792,46.908792,46.908792,46.908792,46.908792,46.908792,46.908792,46.908792,46.908792,46.908792,46.908792,46.908792,46.908792,46.908792,46.908792,46.908792,46.908792,46.908792,46.908792,46.908792,46.908792,46.908792,46.908792,46.908792,46.908792,46.908792,46.908792,46.908792,46.908792,46.908792,46.908792,46.908792,46.908792,46.908792,46.908792,46.908792,46.908792,46.908792,46.908792,46.908792,46.908792,46.908792,46.908792,46.908792,46.908792,46.908792,46.908792,46.908792,46.908792,46.908792,46.908792,46.908792,46.908792,46.908792,46.908792,46.908792,46.908792,46.908792,46.908792,46.908792,46.908792,46.908792,46.908792,46.908792,46.908792,46.908792,46.908792,46.908792,46.908792,46.908792,46.908792,46.908792,46.908792,46.908792,46.908792,46.908792,46.908792,46.908792,46.908792,46.908792,46.908792,46.908792,46.908792,46.908792,46.908792,46.908792,46.908792,46.908792,46.908792,46.908792,46.908792,46.908792,46.908792,46.908792,46.908792,46.908792,46.908792,46.908792,46.908792,46.908792,46.908792,46.908792,46.908792,46.908792,46.908792,46.908792,46.908792,46.908791,46.908316,46.900404,46.874528,46.825605,46.747762,46.631897,46.466854,46.238822,45.931395,45.525705,45.000380,44.332541,43.498652,42.475843,41.244113,39.787814,38.097899,36.174357,34.027873,31.681840,29.173431,26.553546,23.885431,21.242979,18.707550,16.363688,14.293974,12.573881,11.267236,10.421645,10.064954,10.203357,10.821177,11.881787,13.330579,15.099003,17.109411,19.280370,21.531751,23.789547,25.989861,28.081366,30.026640,31.802457,33.398832,34.817039,36.067523,37.166952,38.135382
